,file,Taxa,Uptake_Gene,Enz_Gene,Osmo_Gene,Uptake_Cost,Enz_Consti_Cost,Enz_Induci_Cost,Osmo_Consti_Cost,Osmo_Induci_Cost,Drought_tolerance,Avg_Abund
1,grass_grid46819_microbe1014_all.pickle,1,4,3,1,0.0760095119476318,5.90551535424311e-05,6.20493010501377e-05,2.13483701827499e-07,0.0745483264327049,0.717041194438934,5.143741
2,grass_grid46819_microbe1014_all.pickle,2,7,1,1,0.0569225586950779,2.08330966415815e-05,8.91676827450283e-05,2.74299708280523e-07,0.0994395986199379,1,318.54434
3,grass_grid46819_microbe1014_all.pickle,3,12,25,1,0.0734380036592484,9.54203933360986e-05,3.57474855263717e-05,1.07936713789059e-07,0.0763126835227013,0.737098038196564,5534.964
4,grass_grid46819_microbe1014_all.pickle,4,11,1,1,0.0625025108456612,6.65515690343454e-05,8.95540360943414e-05,2.85100497876556e-07,0.0258530788123608,0.163483738899231,597.3628
5,grass_grid46819_microbe1014_all.pickle,5,12,35,1,0.0672648549079895,7.17670991434716e-05,5.93440818192903e-05,9.75158286564692e-07,0.0168408993631601,0.0610351599752903,1916.0388
6,grass_grid46819_microbe1014_all.pickle,6,12,23,1,0.0757441520690918,2.55098220804939e-05,8.29051059554331e-05,8.07212870768126e-07,0.0487916804850101,0.424245029687881,3611.3013
7,grass_grid46819_microbe1014_all.pickle,7,12,25,1,0.097904808819294,4.92711369588505e-05,4.55747940577567e-05,3.2967221841318e-07,0.023972786962986,0.142108976840973,5477.467
8,grass_grid46819_microbe1014_all.pickle,8,12,14,1,0.0818983092904091,1.7961630874197e-05,3.94521521229763e-05,6.26384291990689e-07,0.0431248247623444,0.3598253428936,4390.783
9,grass_grid46819_microbe1014_all.pickle,9,6,2,1,0.0543295703828335,5.52022174815647e-05,7.9210898547899e-05,7.75128626173682e-07,0.084260456264019,0.827446639537811,151.03429
10,grass_grid46819_microbe1014_all.pickle,10,12,25,1,0.0982491001486778,9.68129897955805e-05,7.74868240114301e-05,2.00673909489524e-07,0.0322742126882076,0.236477866768837,6882.67
11,grass_grid46819_microbe1014_all.pickle,11,12,23,1,0.0939468592405319,4.34209323429968e-05,1.68276765180053e-05,8.66273182964505e-07,0.0806158408522606,0.786015450954437,8877.722
12,grass_grid46819_microbe1014_all.pickle,12,12,22,1,0.0507564507424831,3.75552008335944e-05,2.73884888883913e-05,5.55420228920411e-07,0.0882321447134018,0.872595965862274,862.9045
13,grass_grid46819_microbe1014_all.pickle,13,12,26,1,0.0846844837069511,2.80330677924212e-05,4.86475983052514e-05,5.04360912145785e-07,0.0176365859806538,0.0700803622603416,3290.3904
14,grass_grid46819_microbe1014_all.pickle,14,12,11,1,0.0647300779819489,1.14907252282137e-05,2.40272529481445e-05,1.53907819822052e-07,0.0372146666049957,0.292639911174774,911.1021
15,grass_grid46819_microbe1014_all.pickle,15,12,33,1,0.0861057639122009,3.20642102451529e-05,1.32326413222472e-05,4.12506011571168e-07,0.0394270792603493,0.317790150642395,5599.824
16,grass_grid46819_microbe1014_all.pickle,16,12,31,1,0.0797049626708031,4.01389079343062e-05,4.98512708873022e-05,6.7722533003689e-07,0.0627026036381721,0.5823814868927,5601.6597
17,grass_grid46819_microbe1014_all.pickle,17,12,20,1,0.0522178113460541,6.30589347565547e-05,3.29406320815906e-05,7.32956777937943e-07,0.0530691742897034,0.472870647907257,261.09567
18,grass_grid46819_microbe1014_all.pickle,18,12,23,1,0.0586499236524105,8.68377610458992e-05,6.99052907293662e-05,4.5454498831532e-07,0.0114717688411474,0,547.6751
19,grass_grid46819_microbe1014_all.pickle,19,12,32,1,0.0954964682459831,7.00337186572142e-05,9.95700538624078e-05,3.73387649688084e-07,0.0895830914378166,0.887953281402588,9122.589
20,grass_grid46819_microbe1014_all.pickle,20,11,17,1,0.0900735631585121,9.22424442251213e-05,7.19227900844999e-05,9.10191602088162e-07,0.0932803675532341,0.929983139038086,7766.754
21,grass_grid46819_microbe1014_all.pickle,21,10,9,1,0.083176426589489,1.47895862028236e-05,2.07630273507675e-05,9.60694933382911e-07,0.0651524364948273,0.610230684280396,4022.2085
22,grass_grid46819_microbe1014_all.pickle,22,12,19,1,0.0691538080573082,7.85432348493487e-05,3.12418706016615e-05,4.73981629056652e-07,0.0299378838390112,0.209918960928917,2120.4373
23,grass_grid46819_microbe1014_all.pickle,23,12,16,1,0.0712233036756516,8.33772646728903e-05,5.34202154085506e-05,8.27627388844121e-07,0.0568323396146297,0.515649557113647,2330.4124
24,grass_grid46819_microbe1014_all.pickle,24,12,33,1,0.0882051140069962,5.24445677001495e-05,9.45354768191464e-05,6.65655363718543e-07,0.0564615987241268,0.511435091495514,5989.2676
25,grass_grid46819_microbe1014_all.pickle,25,12,28,1,0.0610210224986076,7.81827766331844e-05,6.55866388115101e-05,5.95420715399086e-07,0.0703842863440514,0.669705271720886,1876.7291
26,grass_grid46819_microbe1023_all.pickle,1,12,33,1,0.0620041862130165,6.43438906990923e-05,1.8780339814839e-05,6.67130279907724e-07,0.0957397520542145,0.965875267982483,4735.7207
27,grass_grid46819_microbe1023_all.pickle,2,9,0,1,0.0777557790279388,7.8087869042065e-05,7.58888272684999e-05,7.45760871723178e-07,0.0106720831245184,0,614.4855
28,grass_grid46819_microbe1023_all.pickle,3,12,26,1,0.0603247620165348,4.66813471575733e-05,8.46528855618089e-05,5.69325493415818e-07,0.0339831411838531,0.264678388834,761.21936
29,grass_grid46819_microbe1023_all.pickle,4,12,34,1,0.093331091105938,7.42584015824832e-05,9.76634109974839e-05,1.63613620429715e-07,0.046148058027029,0.402801305055618,6613.379
30,grass_grid46819_microbe1023_all.pickle,5,12,28,1,0.0748966485261917,2.35326206166064e-05,9.25968633964658e-05,8.18752994291572e-07,0.087560661137104,0.873008191585541,6850.013
31,grass_grid46819_microbe1023_all.pickle,6,10,7,1,0.070834293961525,5.68640170968138e-05,5.76735765207559e-05,6.28974532901339e-07,0.0892583578824997,0.892284214496613,57.82743
32,grass_grid46819_microbe1023_all.pickle,7,12,28,1,0.0918982475996017,4.41436313849408e-05,4.15785361838061e-05,9.8870771125803e-07,0.0543199479579926,0.495586544275284,6405.5083
33,grass_grid46819_microbe1023_all.pickle,8,12,9,1,0.0519361309707165,3.80339661205653e-05,2.83540321106557e-05,4.30936154316441e-07,0.0165368113666773,0.0665892958641052,137.33893
34,grass_grid46819_microbe1023_all.pickle,9,5,1,1,0.0731429532170296,3.09106799250003e-05,4.45834157289937e-05,4.13910157703867e-07,0.058973953127861,0.548429012298584,4.238232
35,grass_grid46819_microbe1023_all.pickle,10,12,26,1,0.089940570294857,1.67827729455894e-05,9.51704714680091e-05,2.76591293868478e-07,0.0810496807098389,0.799081265926361,8509.458
36,grass_grid46819_microbe1023_all.pickle,11,12,15,1,0.0521201975643635,8.86810594238341e-05,8.82714666659012e-05,8.30212059099722e-07,0.0619739778339863,0.582491934299469,259.0873
37,grass_grid46819_microbe1023_all.pickle,12,12,30,1,0.0651256814599037,3.51926319126505e-05,2.36175947065931e-05,4.66332153337135e-07,0.0987452268600464,1,6130.469
38,grass_grid46819_microbe1023_all.pickle,13,12,16,1,0.0988963693380356,8.19870183477178e-05,6.24111853539944e-05,3.11016208343062e-07,0.0716169103980064,0.691979706287384,8041.898
39,grass_grid46819_microbe1023_all.pickle,14,11,20,1,0.055890154093504,2.05910455406411e-05,5.09973942826036e-05,5.61479168936785e-07,0.0759396329522133,0.741060733795166,470.7216
40,grass_grid46819_microbe1023_all.pickle,15,5,1,1,0.0578814074397087,5.0538841605885e-05,2.5297500542365e-05,8.69932307523413e-07,0.0848093777894974,0.841769576072693,28.951021
41,grass_grid46819_microbe1023_all.pickle,16,12,23,1,0.0804580226540565,8.23072623461485e-05,3.51335002051201e-05,9.58115037974494e-07,0.0642818585038185,0.608696043491364,6959.7876
42,grass_grid46819_microbe1023_all.pickle,17,9,4,1,0.0589950531721115,2.50089815381216e-05,1.71789106389042e-05,3.30277288185243e-07,0.0300628393888474,0.220166504383087,371.34662
43,grass_grid46819_microbe1023_all.pickle,18,8,6,1,0.0846918895840645,5.42097368452232e-05,7.00543168932199e-05,3.58848438963832e-07,0.0681841522455215,0.653003454208374,4969.716
44,grass_grid46819_microbe1023_all.pickle,19,12,31,1,0.086938239634037,6.80802695569582e-05,6.62433740217239e-05,7.79845152010239e-07,0.0387596897780895,0.318912267684937,5510.8813
45,grass_grid46819_microbe1023_all.pickle,20,12,20,1,0.0698054805397987,1.35539421535213e-05,7.3614704888314e-05,9.00118038771325e-07,0.0411953181028366,0.346566885709763,1393.937
46,grass_grid46819_microbe1023_all.pickle,21,12,9,1,0.079811803996563,6.05459063081071e-05,5.50002296222374e-05,5.03576643495762e-07,0.0452433042228222,0.392528563737869,2981.9155
47,grass_grid46819_microbe1023_all.pickle,22,12,35,1,0.067971371114254,8.9838242274709e-05,1.17292174763861e-05,7.09686389654962e-07,0.0255755018442869,0.169216379523277,1334.1853
48,grass_grid46819_microbe1023_all.pickle,23,11,11,1,0.0961161926388741,9.51185429585166e-05,4.93646621180233e-05,1.02573416427276e-07,0.0179922394454479,0.0831145122647285,6387.6177
49,grass_grid46819_microbe1023_all.pickle,24,12,17,1,0.0957333147525787,9.91677734418772e-05,8.07970864116214e-05,1.74465640156996e-07,0.0520399175584316,0.469698667526245,7022.0957
50,grass_grid46819_microbe1023_all.pickle,25,12,31,1,0.0837549194693565,4.20300748373847e-05,3.75727249775082e-05,2.36801469100101e-07,0.0225383620709181,0.134732097387314,4487.5435
51,grass_grid46819_microbe11089_all.pickle,1,12,29,1,0.0569787323474884,5.69563271710649e-05,8.44886162667535e-05,8.6105660557223e-07,0.0585009604692459,0.528075873851776,1368.8507
52,grass_grid46819_microbe11089_all.pickle,2,12,18,1,0.0643676444888115,3.23833264701534e-05,1.51765807459014e-05,3.34211762265113e-07,0.0126472022384405,0,739.1679
53,grass_grid46819_microbe11089_all.pickle,3,12,15,1,0.0588314086198807,9.87636958598159e-05,7.87996759754606e-05,3.09126846786967e-07,0.0734974071383476,0.700782835483551,1723.9681
54,grass_grid46819_microbe11089_all.pickle,4,11,19,1,0.0909985229372978,7.92144201113842e-05,1.24684402180719e-05,9.43250086038461e-07,0.0143912676721811,0.020085571333766,3662.6223
55,grass_grid46819_microbe11089_all.pickle,5,12,29,1,0.0683186277747154,5.20650355610996e-05,1.79062826646259e-05,5.2788408311244e-07,0.0320848636329174,0.223854288458824,1988.6951
56,grass_grid46819_microbe11089_all.pickle,6,12,21,1,0.070209763944149,8.73595345183276e-05,3.63858343916945e-05,5.74615341975004e-07,0.0410921610891819,0.32758703827858,4321.4746
57,grass_grid46819_microbe11089_all.pickle,7,12,16,1,0.0824964940547943,6.32456503808498e-05,8.95039411261678e-05,4.23862530851693e-07,0.0636234283447266,0.587068915367126,7313.2617
58,grass_grid46819_microbe11089_all.pickle,8,12,15,1,0.0968459025025368,2.71152657660423e-05,5.12855112901889e-05,4.567808957745e-07,0.0473373979330063,0.399510443210602,6972.905
59,grass_grid46819_microbe11089_all.pickle,9,12,34,1,0.0950481295585632,9.21446262509562e-05,8.85091503732838e-05,1.71433356399575e-07,0.0178017634898424,0.0593626275658607,6217.303
60,grass_grid46819_microbe11089_all.pickle,10,11,14,1,0.0632303133606911,5.44522481504828e-05,9.62408885243349e-05,9.89564227893425e-07,0.0249194707721472,0.141333878040314,241.8918
61,grass_grid46819_microbe11089_all.pickle,11,10,14,1,0.0612778142094612,3.56562122760806e-05,4.78342153655831e-05,8.9221941834694e-07,0.0792073011398315,0.766540944576263,1231.2648
62,grass_grid46819_microbe11089_all.pickle,12,12,18,1,0.0996754169464111,6.84682308929041e-05,6.6894746851176e-05,8.47525313929509e-07,0.0424225628376007,0.342908650636673,7270.9473
63,grass_grid46819_microbe11089_all.pickle,13,12,12,1,0.0762680619955063,9.48862943914719e-05,7.40471368771978e-05,6.60551734199544e-07,0.0307585820555687,0.208580136299133,836.68475
64,grass_grid46819_microbe11089_all.pickle,14,12,4,1,0.0511133521795273,4.32915185228921e-05,4.13318739447277e-05,2.53125477911453e-07,0.0220553576946259,0.108349248766899,219.04051
65,grass_grid46819_microbe11089_all.pickle,15,6,3,1,0.0526039972901344,1.47503060361487e-05,2.87132206722163e-05,7.58652220156364e-07,0.0822624936699867,0.801726162433624,5.610524
66,grass_grid46819_microbe11089_all.pickle,16,6,2,1,0.0674923211336136,4.70055347250309e-05,2.37915301113389e-05,6.92055664330837e-07,0.0513515658676624,0.44573974609375,3.4965856
67,grass_grid46819_microbe11089_all.pickle,17,12,34,1,0.0744113624095917,2.29249126277864e-05,3.16046898660716e-05,4.72735081302744e-07,0.0541522800922394,0.477994203567505,3943.0579
68,grass_grid46819_microbe11089_all.pickle,18,12,35,1,0.0723055079579353,2.93892226181924e-05,2.67211980826687e-05,5.38175413566933e-07,0.0994789600372314,1,10012.524
69,grass_grid46819_microbe11089_all.pickle,19,11,15,1,0.0546949654817581,7.38777016522363e-05,5.41707886441145e-05,2.03907177365181e-07,0.0708622261881828,0.670434713363647,739.915
70,grass_grid46819_microbe11089_all.pickle,20,12,26,1,0.080175906419754,4.01937868446112e-05,7.52827327232808e-05,1.04940454548341e-07,0.0643886476755142,0.595881581306458,6697.0107
71,grass_grid46819_microbe11089_all.pickle,21,4,1,1,0.0793578773736954,1.2869264537585e-05,6.37550401734188e-05,6.19969398485409e-07,0.0922898575663567,0.917206525802612,21.210836
72,grass_grid46819_microbe11089_all.pickle,22,10,20,1,0.0887404158711433,6.55494295642711e-05,4.51985033578239e-05,3.85069711228425e-07,0.096211351454258,0.962368488311768,63.828907
73,grass_grid46819_microbe11089_all.pickle,23,10,11,1,0.0864959880709648,2.04037041839911e-05,5.80398555030115e-05,2.08494981279728e-07,0.0373114980757236,0.284046947956085,3959.4185
74,grass_grid46819_microbe11089_all.pickle,24,12,16,1,0.0853515937924385,8.53973688208498e-05,9.93668072624132e-05,8.12664666227647e-07,0.0777949765324593,0.750275909900665,7962.419
75,grass_grid46819_microbe11089_all.pickle,25,12,38,1,0.0933027863502502,7.5923278927803e-05,6.77615680615418e-05,7.28506336145074e-07,0.0862943455576897,0.848159074783325,7797.842
76,grass_grid46819_microbe1114_all.pickle,1,12,13,1,0.0868769660592079,6.75219780532643e-05,5.41884837730322e-05,8.66907953422924e-07,0.081381119787693,0.820367813110352,6654.417
77,grass_grid46819_microbe1114_all.pickle,2,12,14,1,0.0995000749826431,8.49827556521632e-05,5.92554752074648e-05,2.08708058835327e-07,0.096408911049366,1,12003.544
78,grass_grid46819_microbe1114_all.pickle,3,12,37,1,0.0938869416713715,9.44828352658078e-05,3.67267966794316e-05,2.06008323289097e-07,0.0447136498987675,0.382069319486618,7050.0117
79,grass_grid46819_microbe1114_all.pickle,4,12,29,1,0.057762261480093,5.74759687879123e-05,8.08993063401431e-05,2.79193216101703e-07,0.0499046109616756,0.444118618965149,1071.7924
80,grass_grid46819_microbe1114_all.pickle,5,11,9,1,0.0771245807409286,8.05707750259899e-05,7.5369949627202e-05,4.63500498426583e-07,0.0688976272940636,0.671148419380188,1130.3627
81,grass_grid46819_microbe1114_all.pickle,6,11,6,1,0.0632932335138321,6.95554335834458e-05,6.91110617481172e-05,3.84478596515692e-07,0.0621985793113708,0.591072499752045,1602.1365
82,grass_grid46819_microbe1114_all.pickle,7,9,6,1,0.0819239020347595,4.35232759627979e-05,1.27627408801345e-05,9.54694542087964e-07,0.0199916232377291,0.0865587368607521,223.36877
83,grass_grid46819_microbe1114_all.pickle,8,12,29,1,0.0836671590805054,1.37847682708525e-05,4.22933990193997e-05,7.98905318788456e-07,0.0727784112095833,0.717536747455597,5723.6206
84,grass_grid46819_microbe1114_all.pickle,9,12,23,1,0.0892438888549805,1.32409359139274e-05,8.58459970913827e-05,9.04671537682589e-07,0.0841330513358116,0.853262543678284,9715.653
85,grass_grid46819_microbe1114_all.pickle,10,12,13,1,0.0856198742985725,9.69755055848509e-05,3.36287885147613e-05,5.77381513267028e-07,0.0570518411695957,0.529551804065704,3058.0627
86,grass_grid46819_microbe1114_all.pickle,11,12,20,1,0.0736343488097191,4.04263591917697e-05,7.35273570171557e-05,6.87968451984489e-07,0.0491389036178589,0.434965848922729,1781.7694
87,grass_grid46819_microbe1114_all.pickle,12,12,18,1,0.0787932649254799,3.05534522340167e-05,1.41168411573744e-05,2.82563803466473e-07,0.0311077311635017,0.219433262944221,3086.7927
88,grass_grid46819_microbe1114_all.pickle,13,11,23,1,0.0598160848021507,6.22733205091208e-05,4.66843230242375e-05,6.14831776601932e-07,0.0554004199802876,0.509811818599701,706.50665
89,grass_grid46819_microbe1114_all.pickle,14,10,3,1,0.0662067979574203,7.23662524251267e-05,8.37257466628216e-05,7.63161381200916e-07,0.0349390022456646,0.26522970199585,185.6368
90,grass_grid46819_microbe1114_all.pickle,15,12,17,1,0.0708102062344551,2.31831709243124e-05,2.74536669166991e-05,5.54083896986413e-07,0.0859634280204773,0.875141680240631,4610.6094
91,grass_grid46819_microbe1114_all.pickle,16,11,9,1,0.0689785107970238,4.81721908727195e-05,2.20993679249659e-05,1.21909309314105e-07,0.0156060373410583,0.0341363735496998,863.0564
92,grass_grid46819_microbe1114_all.pickle,17,7,1,1,0.0748886540532112,5.00103706144728e-05,4.32127526437398e-05,7.21239018730557e-07,0.0382770970463753,0.305131077766418,3.6691613
93,grass_grid46819_microbe1114_all.pickle,18,7,0,1,0.0959363281726837,5.62910463486332e-05,9.14086267584935e-05,6.52747417007049e-07,0.0410250686109066,0.337978482246399,49.752674
94,grass_grid46819_microbe1114_all.pickle,19,12,21,1,0.0549039952456951,9.20459133340046e-05,1.95337506738724e-05,4.35023963518688e-07,0.0649511739611626,0.623975157737732,316.89188
95,grass_grid46819_microbe1114_all.pickle,20,12,30,1,0.0517201721668243,1.8617221940076e-05,6.66111154714599e-05,3.17705200814089e-07,0.0277041997760534,0.178749725222588,295.04117
96,grass_grid46819_microbe1114_all.pickle,21,12,36,1,0.0919973403215408,7.66910598031245e-05,5.26708536199294e-05,9.72725729297963e-07,0.0127502335235476,0,6516.7314
97,grass_grid46819_microbe1114_all.pickle,22,12,35,1,0.053092285990715,2.69159972958732e-05,9.31887698243372e-05,3.94454929164567e-07,0.0946195051074028,0.978610634803772,1685.6927
98,grass_grid46819_microbe1114_all.pickle,23,11,17,1,0.0977631881833076,3.5094162740279e-05,2.97992519335821e-05,8.31219551855611e-07,0.0755101293325424,0.750189900398254,7228.8643
99,grass_grid46819_microbe1114_all.pickle,24,4,1,1,0.0650863721966743,8.76495032571256e-05,9.9955839687027e-05,1.59280872935597e-07,0.0905046686530113,0.929424643516541,52.348618
100,grass_grid46819_microbe1114_all.pickle,25,11,14,1,0.0617903843522072,3.87022155337036e-05,6.11966170254163e-05,5.15397800882056e-07,0.0238365009427071,0.132517844438553,824.2096
101,grass_grid46819_microbe1209_all.pickle,1,12,31,1,0.0835909023880959,6.44428509986028e-05,2.99008224828867e-05,1.75758756881805e-07,0.0313102528452873,0.212304681539536,4609.8755
102,grass_grid46819_microbe1209_all.pickle,2,12,22,1,0.0663517117500305,4.20747965108603e-05,8.10346682555974e-05,3.53231854433034e-07,0.0207839421927929,0.0867925062775612,1028.4803
103,grass_grid46819_microbe1209_all.pickle,3,12,29,1,0.0902921631932259,3.28415844705887e-05,6.47772467345931e-05,7.99614383595326e-07,0.0893632769584656,0.904509305953979,9875.602
104,grass_grid46819_microbe1209_all.pickle,4,12,20,1,0.0724398866295815,9.39788951654918e-05,7.16543872840703e-05,3.98392813849568e-07,0.014574090950191,0.0127483382821083,881.98773
105,grass_grid46819_microbe1209_all.pickle,5,12,29,1,0.0529959425330162,4.29511928814463e-05,6.95042763254605e-05,9.10611390736449e-07,0.0623225905001163,0.582085371017456,703.00684
106,grass_grid46819_microbe1209_all.pickle,6,12,8,1,0.058116503059864,5.55318729311693e-05,1.67576108651701e-05,8.64787921273091e-07,0.0814315527677536,0.809934139251709,2163.5261
107,grass_grid46819_microbe1209_all.pickle,7,12,38,1,0.0712597966194153,1.54452354763635e-05,8.56908445712179e-05,7.00839962064492e-07,0.0716532915830612,0.693341434001923,3124.6443
108,grass_grid46819_microbe1209_all.pickle,8,11,14,1,0.0751978680491447,5.84210320084821e-05,3.35383992933203e-05,5.69991925658542e-07,0.0461029708385468,0.388688027858734,3274.1946
109,grass_grid46819_microbe1209_all.pickle,9,12,17,1,0.0652568116784096,7.96928361523896e-05,4.2123552702833e-05,2.45286372546616e-07,0.0579058304429054,0.529421329498291,1140.6001
110,grass_grid46819_microbe1209_all.pickle,10,12,32,1,0.094112865626812,8.41746223159134e-05,5.54838552488945e-05,2.34002584420523e-07,0.0322783142328262,0.223847523331642,5896.366
111,grass_grid46819_microbe1209_all.pickle,11,12,15,1,0.0933507606387138,7.47370286262594e-05,7.69743055570871e-05,9.55738869379275e-07,0.0135049279779196,0,5092.048
112,grass_grid46819_microbe1209_all.pickle,12,8,8,1,0.0762335285544395,6.17182449786924e-05,5.91126190556679e-05,4.38019355897268e-07,0.0973717793822289,1,699.7188
113,grass_grid46819_microbe1209_all.pickle,13,12,24,1,0.0804606303572655,2.16223361348966e-05,6.21662329649553e-05,6.5959835637841e-07,0.0232488811016083,0.11618360877037,1588.7933
114,grass_grid46819_microbe1209_all.pickle,14,12,34,1,0.0576059259474277,9.65580911724828e-05,1.81574450834887e-05,5.18897138590546e-07,0.0415575727820396,0.334490269422531,1328.5914
115,grass_grid46819_microbe1209_all.pickle,15,12,13,1,0.0699498131871223,7.54337306716479e-05,1.02337799035013e-05,1.36710923470673e-07,0.0518948026001453,0.457747936248779,2344.484
116,grass_grid46819_microbe1209_all.pickle,16,12,30,1,0.0981466695666313,6.9188216002658e-05,3.76007774320897e-05,8.22417973722622e-07,0.0839931517839432,0.840477764606476,8788.28
117,grass_grid46819_microbe1209_all.pickle,17,12,9,1,0.0506208166480064,5.20521207363345e-05,4.51334708486684e-05,3.51486136196399e-07,0.0554062202572823,0.499616831541061,403.77676
118,grass_grid46819_microbe1209_all.pickle,18,12,14,1,0.088821716606617,2.68031617451925e-05,8.21134817670099e-05,5.35921799382777e-07,0.0677461177110672,0.64675360918045,6230.633
119,grass_grid46819_microbe1209_all.pickle,19,12,36,1,0.0548340901732445,4.80929666082375e-05,4.67447825940326e-05,2.80280858078186e-07,0.0256999675184488,0.145409539341927,217.97296
120,grass_grid46819_microbe1209_all.pickle,20,12,22,1,0.0971008241176605,1.7359277990181e-05,5.08952216478065e-05,7.80168534220138e-07,0.0881076231598854,0.889537334442139,10132.356
121,grass_grid46819_microbe1209_all.pickle,21,12,33,1,0.0846390798687935,1.23843701658188e-05,9.34224735829048e-05,1.3242831187199e-07,0.0941648781299591,0.961762011051178,10305.746
122,grass_grid46819_microbe1209_all.pickle,22,12,35,1,0.0610189847648144,3.58647193934303e-05,2.49403456109576e-05,7.15181158739142e-07,0.0447292290627956,0.372308015823364,986.51654
123,grass_grid46819_microbe1209_all.pickle,23,11,5,1,0.0866228044033051,8.83555185282603e-05,9.73726346273907e-05,6.18555134224152e-07,0.0756807252764702,0.741363167762756,4683.705
124,grass_grid46819_microbe1209_all.pickle,24,12,9,1,0.0796402022242546,3.10757568513509e-05,2.21329300984507e-05,9.74365093497909e-07,0.0377851240336895,0.289508849382401,2076.061
125,grass_grid46819_microbe1209_all.pickle,25,12,21,1,0.0623992644250393,9.02136016520672e-05,8.99224323802628e-05,4.89598107833444e-07,0.065668135881424,0.621976435184479,2480.1616
126,grass_grid46819_microbe1210_all.pickle,1,12,14,1,0.0838104039430618,7.60125549277291e-05,3.81854515580926e-05,4.91462174068147e-07,0.0865437090396881,0.861491978168488,9059.313
127,grass_grid46819_microbe1210_all.pickle,2,12,28,1,0.0580159947276115,8.16904721432365e-05,9.5170944405254e-05,2.51341504053926e-07,0.0166445448994637,0.0629962384700775,722.28705
128,grass_grid46819_microbe1210_all.pickle,3,12,30,1,0.0884082019329071,3.87032705475576e-05,6.68647335260175e-05,9.66622451414878e-07,0.0748597979545593,0.728020370006561,7555.677
129,grass_grid46819_microbe1210_all.pickle,4,12,33,1,0.0926445350050926,7.30821484467015e-05,8.38059204397723e-05,5.84104441259115e-07,0.050867073237896,0.453938573598862,6168.355
130,grass_grid46819_microbe1210_all.pickle,5,12,25,1,0.091200478374958,4.23257224611007e-05,5.09421079186723e-05,6.04477065735409e-07,0.021285330876708,0.116010427474976,4054.0579
131,grass_grid46819_microbe1210_all.pickle,6,12,29,1,0.0854194685816765,6.58303397358395e-05,8.01029236754403e-05,3.44333471957725e-07,0.0657005086541176,0.623388886451721,7707.607
132,grass_grid46819_microbe1210_all.pickle,7,8,2,1,0.0720399171113968,8.47430783323944e-05,1.56557180162054e-05,4.13001515653377e-07,0.0578952617943287,0.534225344657898,2.5206418
133,grass_grid46819_microbe1210_all.pickle,8,12,26,1,0.0671073645353317,2.97600363410311e-05,6.90057859173976e-05,2.37793940982556e-07,0.0453582890331745,0.391008764505386,1142.9631
134,grass_grid46819_microbe1210_all.pickle,9,8,3,1,0.0871668756008148,8.57326594996266e-05,2.63980564341182e-05,8.93534263468609e-07,0.0900106653571129,0.901096880435944,3868.1724
135,grass_grid46819_microbe1210_all.pickle,10,12,22,1,0.0719685479998589,4.91435166622978e-05,5.77698920096736e-05,1.50505044871352e-07,0.0269580520689487,0.18081296980381,2560.6992
136,grass_grid46819_microbe1210_all.pickle,11,12,29,1,0.0628907606005669,5.54016769456211e-05,4.76467648695689e-05,1.30595367409114e-07,0.0486241206526756,0.428316116333008,1506.7527
137,grass_grid46819_microbe1210_all.pickle,12,12,22,1,0.099245198071003,2.26836564252153e-05,1.24675789265893e-05,7.96316840023792e-07,0.0941092893481255,0.947917699813843,11138.882
138,grass_grid46819_microbe1210_all.pickle,13,12,18,1,0.0519868545234203,6.19348502368666e-05,9.18916848604567e-05,1.9274880003195e-07,0.0203270390629768,0.10506334900856,377.0438
139,grass_grid46819_microbe1210_all.pickle,14,12,1,1,0.0814248993992805,1.15577249744092e-05,2.87320872303098e-05,9.32956879751146e-07,0.0986685007810593,1,9096.642
140,grass_grid46819_microbe1210_all.pickle,15,12,34,1,0.0528187789022923,9.35991993173957e-05,3.48856883647386e-05,4.49360669563248e-07,0.0689947083592415,0.661020338535309,584.12366
141,grass_grid46819_microbe1210_all.pickle,16,12,19,1,0.0603879615664482,5.8688110584626e-05,1.9123574020341e-05,6.77709692809003e-07,0.0747457966208458,0.726718068122864,2145.4602
142,grass_grid46819_microbe1210_all.pickle,17,12,32,1,0.0649924650788307,3.30857874359936e-05,3.93176815123297e-05,5.19221941885917e-07,0.055581659078598,0.507795810699463,1690.6025
143,grass_grid46819_microbe1210_all.pickle,18,12,31,1,0.0558117292821407,9.2430564109236e-05,9.75005168584175e-05,8.66455536652211e-07,0.0340759456157684,0.262124508619308,359.88138
144,grass_grid46819_microbe1210_all.pickle,19,11,1,1,0.0682379975914955,7.11849133949727e-05,4.49946492153686e-05,3.71745500160614e-07,0.0111299455165863,0,229.15042
145,grass_grid46819_microbe1210_all.pickle,20,11,15,1,0.0790145248174667,1.59141745825764e-05,7.38639355404302e-05,8.39707070099394e-07,0.081543393433094,0.804370701313019,4509.137
146,grass_grid46819_microbe1210_all.pickle,21,10,8,1,0.0768566280603409,2.72184897767147e-05,8.91882154974155e-05,7.65304491778807e-07,0.0634105205535889,0.59722912311554,1624.733
147,grass_grid46819_microbe1210_all.pickle,22,12,39,1,0.0941848307847977,1.9357807104825e-05,5.47331037523691e-05,3.12540890945456e-07,0.0400032289326191,0.329835057258606,5434.6777
148,grass_grid46819_microbe1210_all.pickle,23,11,18,1,0.0964786782860756,5.20033354405314e-05,2.30337027460337e-05,5.5501709539385e-07,0.0846002027392387,0.839290261268616,6095.5137
149,grass_grid46819_microbe1210_all.pickle,24,11,13,1,0.0749810785055161,4.49190083600115e-05,7.57393790991046e-05,7.1481849772681e-07,0.0281634945422411,0.194583386182785,1224.2008
150,grass_grid46819_microbe1210_all.pickle,25,11,10,1,0.0571292005479336,9.99401963781565e-05,6.22506049694493e-05,6.40069742985361e-07,0.0373376123607159,0.299384266138077,486.77106
151,grass_grid46819_microbe1510_all.pickle,1,10,10,1,0.0714131593704224,9.19903977774084e-05,8.70188596309163e-05,1.39212417593626e-07,0.0608266182243824,0.566630303859711,256.0271
152,grass_grid46819_microbe1510_all.pickle,2,12,5,1,0.078262023627758,8.65675319801085e-05,6.52983653708361e-05,1.753518716896e-07,0.0961332842707634,0.984871923923492,8076.33
153,grass_grid46819_microbe1510_all.pickle,3,7,6,1,0.0888003334403038,2.03669078473467e-05,7.32417684048414e-05,9.92518152997945e-07,0.0422516837716103,0.346592277288437,2.210338
154,grass_grid46819_microbe1510_all.pickle,4,12,36,1,0.0571219548583031,2.34501258091768e-05,7.87617827882059e-05,8.78868945619615e-07,0.0144170708954334,0.0168643612414598,772.0011
155,grass_grid46819_microbe1510_all.pickle,5,12,5,1,0.0978695377707481,8.390199218411e-05,2.26421798288357e-05,4.66469032289751e-07,0.0129934335127473,0,4121.8433
156,grass_grid46819_microbe1510_all.pickle,6,12,12,1,0.0514607727527618,5.66030357731506e-05,8.93372780410573e-05,6.96306130976154e-07,0.0974103510379791,1,1590.5077
157,grass_grid46819_microbe1510_all.pickle,7,12,28,1,0.0987834110856056,4.51991363661364e-05,9.89207910606638e-05,7.28727400201024e-07,0.0599996410310268,0.556833982467651,7685.928
158,grass_grid46819_microbe1510_all.pickle,8,12,16,1,0.0770393386483192,4.78009351354558e-05,2.88734790956369e-05,8.31625698083371e-07,0.0669833123683929,0.6395623087883,5363.3716
159,grass_grid46819_microbe1510_all.pickle,9,11,11,1,0.0608062520623207,9.34944764594547e-05,6.90670203766786e-05,8.14557722605969e-07,0.0503433533012867,0.442445904016495,273.8441
160,grass_grid46819_microbe1510_all.pickle,10,6,3,1,0.0803641229867935,9.90764383459464e-05,3.32344097841997e-05,2.45329630388369e-07,0.0483386740088463,0.41869854927063,0.7307536
161,grass_grid46819_microbe1510_all.pickle,11,7,0,1,0.0585387833416462,6.82888567098416e-05,5.06114338350017e-05,6.4045099179566e-07,0.0248882193118334,0.140905231237411,3.138913
162,grass_grid46819_microbe1510_all.pickle,12,12,29,1,0.0542212463915348,3.49730471498333e-05,7.49481041566469e-05,7.48358559121698e-07,0.0334149263799191,0.241912335157394,369.84558
163,grass_grid46819_microbe1510_all.pickle,13,11,11,1,0.0641862973570824,3.06341898976825e-05,9.55126452026889e-05,5.88381169563945e-07,0.0776463970541954,0.765876889228821,1813.813
164,grass_grid46819_microbe1510_all.pickle,14,10,12,1,0.0672124549746513,7.99823901616037e-05,1.82565472641727e-05,5.44875319974381e-07,0.0433904565870762,0.360082119703293,484.5947
165,grass_grid46819_microbe1510_all.pickle,15,12,29,1,0.0834260210394859,6.20627470198087e-05,3.87330146622844e-05,5.03570390719688e-07,0.0385075695812702,0.302239626646042,5234.755
166,grass_grid46819_microbe1510_all.pickle,16,11,7,1,0.09110127389431,6.63720129523426e-05,4.48569262516685e-05,1.07365693224892e-07,0.0708935931324959,0.685883343219757,8915.134
167,grass_grid46819_microbe1510_all.pickle,17,11,14,1,0.0939265787601471,7.18698938726448e-05,5.8429086493561e-05,2.83502714637507e-07,0.0832755714654922,0.832559883594513,10782.01
168,grass_grid46819_microbe1510_all.pickle,18,12,28,1,0.063285805284977,5.21583169756923e-05,1.12215639092028e-05,9.47204739532026e-07,0.0801147297024727,0.795116662979126,2417.6277
169,grass_grid46819_microbe1510_all.pickle,19,12,21,1,0.0536153875291348,5.69698422623333e-05,4.22286211687606e-05,3.81254238845941e-07,0.0537472367286682,0.482768207788467,678.2072
170,grass_grid46819_microbe1510_all.pickle,20,12,7,1,0.0845494344830513,7.58620881242678e-05,6.37585908407345e-05,2.12338832739078e-07,0.0201068706810474,0.0842655375599861,1943.3811
171,grass_grid46819_microbe1510_all.pickle,21,12,37,1,0.0955207124352455,4.07879633712582e-05,4.68084399471991e-05,9.27524922644807e-07,0.0281702037900686,0.179783508181572,6653.3506
172,grass_grid46819_microbe1510_all.pickle,22,12,35,1,0.0731528997421265,3.74780465790536e-05,5.32987360202242e-05,4.16973563233114e-07,0.0239952355623245,0.130326986312866,3157.9907
173,grass_grid46819_microbe1510_all.pickle,23,10,15,1,0.0868931710720062,1.35064210553537e-05,8.23239170131274e-05,6.28614998277044e-07,0.0892216712236404,0.902997195720673,1981.0945
174,grass_grid46819_microbe1510_all.pickle,24,12,9,1,0.0698260366916656,1.62745145644294e-05,1.54658209794434e-05,3.16301765224125e-07,0.0880382433533669,0.88897830247879,4350.92
175,grass_grid46819_microbe1510_all.pickle,25,12,33,1,0.075689785182476,2.51899418799439e-05,2.7526548365131e-05,4.24480134597616e-07,0.0738005489110947,0.720319092273712,4901.6855
176,grass_grid46819_microbe1923_all.pickle,1,11,20,1,0.0989628583192825,2.74525282293325e-05,4.32193410233594e-05,1.02390153244869e-07,0.0445780269801617,0.390761911869049,5870.961
177,grass_grid46819_microbe1923_all.pickle,2,9,1,1,0.0577006824314594,5.76481688767672e-05,1.55153084051562e-05,1.86802211032955e-07,0.0967613235116005,1,3071.1338
178,grass_grid46819_microbe1923_all.pickle,3,12,39,1,0.0941644608974457,9.87168750725687e-05,1.76914290932473e-05,4.74399143968185e-07,0.0774392411112785,0.774415373802185,6909.76
179,grass_grid46819_microbe1923_all.pickle,4,12,38,1,0.0724311545491219,6.96052520652302e-05,7.61890478315763e-05,5.03655542161141e-07,0.0210075862705708,0.115577824413776,2955.0833
180,grass_grid46819_microbe1923_all.pickle,5,12,30,1,0.0976536273956299,3.04710774798878e-05,8.31057695904747e-05,2.89683612209046e-07,0.0841469094157219,0.852727174758911,8549.705
181,grass_grid46819_microbe1923_all.pickle,6,8,1,1,0.0767057165503502,3.35191216436215e-05,1.03037436929299e-05,4.21256686422566e-07,0.0962275341153145,0.993768036365509,869.08417
182,grass_grid46819_microbe1923_all.pickle,7,12,2,1,0.0653796941041946,8.65454931044951e-05,2.14347728615394e-05,8.51049264838366e-07,0.086601085960865,0.8813796043396,3153.7295
183,grass_grid46819_microbe1923_all.pickle,8,12,15,1,0.0674894526600838,1.96451128431363e-05,8.13359438325278e-05,5.43246358120086e-07,0.0418915078043938,0.359396874904633,1591.6373
184,grass_grid46819_microbe1923_all.pickle,9,12,24,1,0.0702118501067162,3.9354468754027e-05,9.2220951046329e-05,4.31467498174243e-07,0.071909673511982,0.709857881069183,4116.7646
185,grass_grid46819_microbe1923_all.pickle,10,12,36,1,0.0804495587944984,6.63314422126859e-05,6.14242962910794e-05,9.07904222913203e-07,0.0618435256183147,0.592335999011993,5791.286
186,grass_grid46819_microbe1923_all.pickle,11,11,7,1,0.0864027515053749,1.71344800037332e-05,5.72296521568205e-05,9.54420443122217e-07,0.0321603082120419,0.24578545987606,4226.256
187,grass_grid46819_microbe1923_all.pickle,12,12,34,1,0.0922939479351044,2.40443168877391e-05,3.89236956834793e-05,6.52012033697247e-07,0.0255783330649137,0.168941125273705,5739.481
188,grass_grid46819_microbe1923_all.pickle,13,12,6,1,0.0500738583505154,9.13086914806627e-05,4.81160896015354e-05,8.72034831900237e-07,0.0708792433142662,0.697827637195587,491.89273
189,grass_grid46819_microbe1923_all.pickle,14,12,39,1,0.0594208315014839,9.37426520977169e-05,5.6022297940217e-05,3.38419852141669e-07,0.0304047670215368,0.225289568305016,1409.9626
190,grass_grid46819_microbe1923_all.pickle,15,12,31,1,0.0895978212356567,7.64360229368322e-05,2.78144998446805e-05,7.7819197485951e-07,0.0510032176971436,0.465775728225708,6066.191
191,grass_grid46819_microbe1923_all.pickle,16,12,24,1,0.0554616190493107,5.65086920687463e-05,9.63197744567879e-05,3.86178896860656e-07,0.0177064631134272,0.0770373269915581,228.23805
192,grass_grid46819_microbe1923_all.pickle,17,12,25,1,0.0684200823307037,8.37691040942445e-05,5.14199564349838e-05,1.54308423816474e-07,0.0487178452312946,0.439094126224518,1633.5603
193,grass_grid46819_microbe1923_all.pickle,18,12,4,1,0.0907581672072411,4.27559971285518e-05,6.89091684762388e-05,2.53103138447841e-07,0.0804985612630844,0.810132801532745,8498.008
194,grass_grid46819_microbe1923_all.pickle,19,10,14,1,0.0743623450398445,1.12600528154871e-05,6.7476685217116e-05,7.19673039384361e-07,0.0160570256412029,0.0577802024781704,1046.1414
195,grass_grid46819_microbe1923_all.pickle,20,12,27,1,0.0535816811025143,5.31729638169054e-05,3.74116498278454e-05,2.23357062623109e-07,0.0111079569905996,0,310.03366
196,grass_grid46819_microbe1923_all.pickle,21,10,2,1,0.0858370214700699,3.71861569874454e-05,8.82493259268813e-05,7.01737519648304e-07,0.0579717792570591,0.547133505344391,3735.2576
197,grass_grid46819_microbe1923_all.pickle,22,12,30,1,0.0827643722295761,8.06246971478686e-05,3.00957235594979e-05,9.99350845631852e-07,0.0541121736168861,0.502072691917419,5524.8433
198,grass_grid46819_microbe1923_all.pickle,23,12,38,1,0.0608946941792965,4.86259959870949e-05,9.90782864391804e-05,8.09651226063579e-07,0.0908740535378456,0.931266307830811,2388.5874
199,grass_grid46819_microbe1923_all.pickle,24,11,25,1,0.0628049522638321,7.45213910704479e-05,7.14206180418842e-05,6.3046638842934e-07,0.0646862611174583,0.625524759292603,311.9086
200,grass_grid46819_microbe1923_all.pickle,25,12,20,1,0.0787197053432465,6.30517970421351e-05,3.48965659213718e-05,6.00700161612622e-07,0.0353539325296879,0.283070892095566,3590.2676
201,grass_grid46819_microbe2765_all.pickle,1,11,20,1,0.0629979968070984,6.98430303600617e-05,4.79338741570245e-05,1.36325965627293e-07,0.0408709906041622,0.323350638151169,213.2525
202,grass_grid46819_microbe2765_all.pickle,2,12,19,1,0.0590190142393112,1.4299975191534e-05,2.1825379008078e-05,4.03163937789941e-07,0.0635468512773514,0.589834272861481,1155.1548
203,grass_grid46819_microbe2765_all.pickle,3,12,37,1,0.0831939354538918,7.39104361855425e-05,8.6526561062783e-05,8.59622389270953e-07,0.0214345641434193,0.09493637830019,5042.0015
204,grass_grid46819_microbe2765_all.pickle,4,12,39,1,0.0941314846277237,3.04917630273849e-05,5.49616452190094e-05,8.04624733063974e-07,0.0182207431644201,0.0571679882705212,5668.543
205,grass_grid46819_microbe2765_all.pickle,5,11,6,1,0.0894147008657455,9.51131078181788e-05,6.12529256613925e-05,7.72631608469965e-07,0.0984490290284157,1,11086.794
206,grass_grid46819_microbe2765_all.pickle,6,12,35,1,0.0796637907624245,3.21950210491195e-05,7.04328558640555e-05,5.87250838179898e-07,0.0573612712323666,0.517142236232758,4461.6943
207,grass_grid46819_microbe2765_all.pickle,7,11,9,1,0.0810912027955055,6.34469033684582e-05,2.75346865237225e-05,1.31694392280224e-07,0.0491238869726658,0.420337617397308,5397.0815
208,grass_grid46819_microbe2765_all.pickle,8,12,26,1,0.0712707340717316,5.11343787366059e-05,1.83773263415787e-05,9.82917981673381e-07,0.0821798518300056,0.808806836605072,6359.301
209,grass_grid46819_microbe2765_all.pickle,9,12,36,1,0.0568304099142551,8.90128358150832e-05,1.19844025903149e-05,3.59962342599829e-07,0.0339171700179577,0.241630285978317,608.0388
210,grass_grid46819_microbe2765_all.pickle,10,12,35,1,0.0844105184078217,8.00908383098431e-05,4.44178403995465e-05,5.26483006524359e-07,0.0376364178955555,0.285338401794434,5869.6587
211,grass_grid46819_microbe2765_all.pickle,11,12,33,1,0.0932703986763954,4.32525994256139e-05,1.71460160345305e-05,2.37508245959361e-07,0.0437803752720356,0.357541352510452,6469.704
212,grass_grid46819_microbe2765_all.pickle,12,10,0,1,0.0778226181864738,9.95072841760702e-05,9.76202136371285e-05,2.69558853460694e-07,0.0860189497470856,0.853923380374908,4835.953
213,grass_grid46819_microbe2765_all.pickle,13,12,17,1,0.0607577860355377,4.8654150305083e-05,4.97631335747428e-05,3.29254362441134e-07,0.0961953699588776,0.973515272140503,3626.1804
214,grass_grid46819_microbe2765_all.pickle,14,12,9,1,0.0967614352703094,5.59374675503932e-05,3.54315379809123e-05,7.30948841010104e-07,0.0684817060828209,0.647828042507172,7264.874
215,grass_grid46819_microbe2765_all.pickle,15,12,35,1,0.0648712143301964,1.77295132743893e-05,7.73561696405523e-05,2.91134512053759e-07,0.0496005602180958,0.425939410924911,1337.4264
216,grass_grid46819_microbe2765_all.pickle,16,12,27,1,0.073042206466198,7.7840122685302e-05,8.35821192595176e-05,5.34388902906358e-07,0.0155385788530111,0.0256475545465946,2359.4238
217,grass_grid46819_microbe2765_all.pickle,17,9,2,1,0.0507561787962914,2.58185609709471e-05,9.51144538703375e-05,6.59336819808232e-07,0.0251081958413124,0.138108402490616,27.081234
218,grass_grid46819_microbe2765_all.pickle,18,12,29,1,0.0982198491692543,9.21548344194889e-05,9.25887143239379e-05,6.37182608898001e-07,0.0641791000962257,0.597264409065247,7496.4453
219,grass_grid46819_microbe2765_all.pickle,19,4,1,1,0.0538344271481037,4.23478195443749e-05,6.75928531563841e-05,8.46466775783483e-07,0.091422900557518,0.917429864406586,5.3784456
220,grass_grid46819_microbe2765_all.pickle,20,4,0,1,0.0877769365906715,6.74745970172808e-05,4.0853916289052e-05,7.08018262685073e-07,0.0799408182501793,0.782494008541107,3.5295444
221,grass_grid46819_microbe2765_all.pickle,21,11,22,1,0.0903765112161636,3.78685144823976e-05,7.86352684372105e-05,1.99582260052011e-07,0.0310576688498259,0.208025813102722,5110.269
222,grass_grid46819_microbe2765_all.pickle,22,8,6,1,0.0692660063505173,2.32479651458561e-05,2.98411832773127e-05,9.02421845694334e-07,0.0735030323266983,0.706838011741638,1530.1919
223,grass_grid46819_microbe2765_all.pickle,23,10,12,1,0.0740754753351212,1.25780961752753e-05,3.36909652105533e-05,4.85667897009989e-07,0.0133561547845602,0,13.404552
224,grass_grid46819_microbe2765_all.pickle,24,11,17,1,0.0558187179267406,8.51343138492666e-05,7.30198808014393e-05,9.54158736021782e-07,0.055780615657568,0.498566597700119,290.51947
225,grass_grid46819_microbe2765_all.pickle,25,12,39,1,0.0664303079247475,5.6828237575246e-05,5.83124601689633e-05,4.34040316577011e-07,0.0753626376390457,0.728691816329956,4310.558
226,grass_grid46819_microbe27765_all.pickle,1,12,15,1,0.0747390165925026,5.39901229785755e-05,9.63205966399983e-05,8.21600224298891e-07,0.0808518081903458,0.804657340049744,8285.6045
227,grass_grid46819_microbe27765_all.pickle,2,9,5,1,0.0937128141522408,1.78741920535685e-05,5.55773112864699e-05,5.19125364917272e-07,0.0606065504252911,0.571614384651184,95.66857
228,grass_grid46819_microbe27765_all.pickle,3,7,6,1,0.0909358486533165,3.38943900715094e-05,2.33046030189143e-05,1.85811700248451e-07,0.0902095213532448,0.912373840808868,5.591251
229,grass_grid46819_microbe27765_all.pickle,4,12,24,1,0.0701396986842155,1.3952632798464e-05,4.27662453148514e-05,6.33960041795945e-07,0.0687614679336548,0.665485560894012,3463.5708
230,grass_grid46819_microbe27765_all.pickle,5,12,26,1,0.078300766646862,8.29815253382549e-05,8.72976088430732e-05,2.22174449504564e-07,0.0666664317250252,0.641369640827179,6401.561
231,grass_grid46819_microbe27765_all.pickle,6,8,0,1,0.0612833313643932,3.56434356945101e-05,5.31147888978012e-05,3.88153580388462e-07,0.0855422466993332,0.858648896217346,1214.0577
232,grass_grid46819_microbe27765_all.pickle,7,12,36,1,0.0632437914609909,8.62293090904132e-05,1.47035671034246e-05,1.27470713096045e-07,0.0109483916312456,0,1669.0819
233,grass_grid46819_microbe27765_all.pickle,8,12,28,1,0.0699185132980347,7.90442645666189e-05,7.6620330219157e-05,7.34431068849517e-07,0.0883807316422462,0.891322672367096,4658.8125
234,grass_grid46819_microbe27765_all.pickle,9,8,11,1,0.05547184497118,9.13442636374384e-05,9.11220122361556e-05,9.84104303825006e-07,0.0978219136595726,1,75.96275
235,grass_grid46819_microbe27765_all.pickle,10,10,4,1,0.053286038339138,2.33464797929628e-05,1.95566408365266e-05,3.86342577485266e-07,0.0155254360288382,0.0526863001286983,120.197296
236,grass_grid46819_microbe27765_all.pickle,11,5,1,1,0.0560409724712372,6.59032230032608e-05,4.94621490361169e-05,2.53412366646444e-07,0.0949785262346268,0.967269778251648,195.99234
237,grass_grid46819_microbe27765_all.pickle,12,12,20,1,0.0658857300877571,7.76032757130452e-05,6.95642811479047e-05,1.52236083295065e-07,0.0575607903301716,0.53655469417572,2836.0889
238,grass_grid46819_microbe27765_all.pickle,13,11,16,1,0.0950101986527443,2.50518551183632e-05,1.20455324577051e-05,7.09720040958928e-07,0.0466433726251125,0.410884439945221,5962.3804
239,grass_grid46819_microbe27765_all.pickle,14,11,21,1,0.0970060676336288,7.24256678950042e-05,7.16524009476416e-05,9.55185328166408e-07,0.0186612661927938,0.0887827947735786,6478.2617
240,grass_grid46819_microbe27765_all.pickle,15,12,32,1,0.0830232799053192,6.07247129664756e-05,3.7810554204043e-05,4.65808597027717e-07,0.038796953856945,0.320564448833466,6199.8804
241,grass_grid46819_microbe27765_all.pickle,16,11,16,1,0.0808078721165657,9.81859557214193e-05,2.99694384011673e-05,8.13553356238117e-07,0.0216136295348406,0.12276741117239,4908.5464
242,grass_grid46819_microbe27765_all.pickle,17,12,18,1,0.0517334453761578,6.96793067618273e-05,6.58840290270746e-05,3.01784751854939e-07,0.0349612422287464,0.27641162276268,481.99023
243,grass_grid46819_microbe27765_all.pickle,18,12,40,1,0.0892532169818878,4.71904168080073e-05,9.96705930447206e-05,4.27407826464332e-07,0.0554043166339397,0.511731564998627,6956.009
244,grass_grid46819_microbe27765_all.pickle,19,12,28,1,0.067785307765007,1.22990904856124e-05,3.42590174113866e-05,3.19978681773136e-07,0.0496606528759003,0.445616364479065,2025.4901
245,grass_grid46819_microbe27765_all.pickle,20,12,26,1,0.0867055580019951,4.42252785433084e-05,5.886830331292e-05,7.66218477110669e-07,0.0256589911878109,0.169333517551422,5207.694
246,grass_grid46819_microbe27765_all.pickle,21,12,24,1,0.0737060606479645,4.06975959776901e-05,6.15773315075785e-05,9.22998424357502e-07,0.0457974709570408,0.401147276163101,4429.6353
247,grass_grid46819_microbe27765_all.pickle,22,12,30,1,0.0771786719560623,9.40682730288245e-05,4.23051933466922e-05,8.76109083947085e-07,0.0311114843934774,0.23209710419178,5212.3066
248,grass_grid46819_microbe27765_all.pickle,23,11,3,1,0.0588352233171463,3.0937691917643e-05,8.19910928839818e-05,6.52873382023245e-07,0.0767876729369164,0.757875144481659,1537.6857
249,grass_grid46819_microbe27765_all.pickle,24,11,2,1,0.0845055356621742,6.00338280491997e-05,2.65492399194045e-05,5.93057507103367e-07,0.0734725221991539,0.719714462757111,7526.0635
250,grass_grid46819_microbe27765_all.pickle,25,12,11,1,0.0989539176225662,5.2004699682584e-05,8.53245946927927e-05,5.6179226248787e-07,0.0393786393105984,0.327260196208954,6463.1396
251,grass_grid46819_microbe29152_all.pickle,1,7,1,1,0.0775825977325439,2.32363290706417e-05,4.55951776530128e-05,5.54384371298511e-07,0.0678588375449181,0.642229616641998,0
252,grass_grid46819_microbe29152_all.pickle,2,12,39,1,0.0933474451303482,7.67808451200835e-05,2.05738560907776e-05,5.23575295119372e-07,0.0260409265756607,0.149306684732437,6282.9897
253,grass_grid46819_microbe29152_all.pickle,3,11,10,1,0.0647167563438416,2.48185042437399e-05,6.3024039263837e-05,5.75893068344158e-07,0.0891884937882423,0.893650054931641,1146.8038
254,grass_grid46819_microbe29152_all.pickle,4,12,8,1,0.0537313371896744,3.5266097256681e-05,5.69194344279822e-05,6.19876459495572e-07,0.0312647446990013,0.210881724953651,356.13297
255,grass_grid46819_microbe29152_all.pickle,5,12,33,1,0.068509504199028,5.43495370948222e-05,2.17860724660568e-05,8.19199556190142e-07,0.0779890120029449,0.761637687683105,4656.7803
256,grass_grid46819_microbe29152_all.pickle,6,12,28,1,0.0570948086678982,8.51437798701227e-05,9.05511260498315e-05,2.16955754694936e-07,0.0425364598631859,0.343745529651642,378.31976
257,grass_grid46819_microbe29152_all.pickle,7,12,38,1,0.0783101543784142,9.80211771093309e-05,2.72236720775254e-05,9.64279479376273e-07,0.0174344331026077,0.0478588081896305,3996.9448
258,grass_grid46819_microbe29152_all.pickle,8,12,32,1,0.0628593564033508,3.37033234245609e-05,8.45962058519945e-05,3.20496809536053e-07,0.0630799829959869,0.585899531841278,1393.3568
259,grass_grid46819_microbe29152_all.pickle,9,12,40,1,0.0894894525408745,5.15233223268297e-05,1.68962833413389e-05,4.94507617077034e-07,0.0745682790875435,0.72131621837616,7561.4897
260,grass_grid46819_microbe29152_all.pickle,10,10,13,1,0.0868228748440742,1.36687522171997e-05,7.36812435206957e-05,1.76929958684013e-07,0.0373380742967129,0.282470285892487,4210.0166
261,grass_grid46819_microbe29152_all.pickle,11,7,6,1,0.0600210577249527,6.74224793328904e-05,8.7015017925296e-05,8.81932407992281e-07,0.0588401518762112,0.535923063755035,17.398252
262,grass_grid46819_microbe29152_all.pickle,12,10,14,1,0.0974626392126083,4.46825579274446e-05,6.75206538289785e-05,3.61256411451905e-07,0.0949092134833336,0.961082220077515,11279.234
263,grass_grid46819_microbe29152_all.pickle,13,12,17,1,0.08254025131464,6.82152967783622e-05,5.02186048834119e-05,7.64062463076698e-07,0.0911441147327423,0.916701674461365,8770.488
264,grass_grid46819_microbe29152_all.pickle,14,12,36,1,0.0950953587889671,1.11568233478465e-05,3.91645371564664e-05,9.45150020470464e-07,0.0317204706370831,0.216253533959389,4903.0474
265,grass_grid46819_microbe29152_all.pickle,15,10,8,1,0.0707408487796783,6.1834005464334e-05,1.10163909994299e-05,8.5314928810476e-07,0.0415546149015427,0.332172185182571,1526.4269
266,grass_grid46819_microbe29152_all.pickle,16,12,39,1,0.0590936243534088,9.58455784711987e-05,5.67526585655287e-05,4.10526752148144e-07,0.0153542906045914,0.0233394112437963,803.0797
267,grass_grid46819_microbe29152_all.pickle,17,10,12,1,0.0741022527217865,2.04841671802569e-05,9.4685768999625e-05,1.4074282717047e-07,0.0849629193544388,0.843841671943665,5440.5176
268,grass_grid46819_microbe29152_all.pickle,18,8,12,1,0.0542322620749474,8.18212138256058e-05,7.61713090469129e-05,2.94553188950886e-07,0.0649857744574547,0.608363807201385,63.52872
269,grass_grid46819_microbe29152_all.pickle,19,12,37,1,0.0734038278460503,8.7378044554498e-05,7.8607648902107e-05,6.47663398467557e-07,0.0133742541074753,0,1502.4841
270,grass_grid46819_microbe29152_all.pickle,20,12,31,1,0.085982158780098,3.91534777008928e-05,3.37440033035818e-05,1.28249538988712e-07,0.0493903122842312,0.424534380435944,6040.7505
271,grass_grid46819_microbe29152_all.pickle,21,12,29,1,0.0510141439735889,9.25026324694045e-05,3.14470089506358e-05,2.67347701310428e-07,0.0982108637690544,1,1685.6407
272,grass_grid46819_microbe29152_all.pickle,22,8,2,1,0.0983955264091492,5.82554130232893e-05,9.69880202319473e-05,6.95305686804204e-07,0.0816392004489899,0.804663777351379,9229.646
273,grass_grid46819_microbe29152_all.pickle,23,12,20,1,0.0666708275675774,4.67656973341946e-05,3.62168502761051e-05,4.2900714447569e-07,0.0497812330722809,0.429142326116562,2356.814
274,grass_grid46819_microbe29152_all.pickle,24,12,25,1,0.0801703110337257,2.98179656965658e-05,4.77725043310784e-05,9.24975722682575e-07,0.0554713979363441,0.496214359998703,4628.1187
275,grass_grid46819_microbe29152_all.pickle,25,11,1,1,0.0913626477122307,7.20859243301675e-05,6.9704678026028e-05,7.32324281216279e-07,0.0227098129689693,0.110041633248329,1747.8832
276,grass_grid46819_microbe30152_all.pickle,1,11,14,1,0.0972543209791183,9.35424468480051e-05,5.65560840186663e-05,7.36990500627144e-07,0.0164442118257284,0.0648229420185089,2481.3213
277,grass_grid46819_microbe30152_all.pickle,2,12,29,1,0.0629645511507988,6.98949879733846e-05,2.08747896977002e-05,8.62918909660948e-07,0.0108621921390295,0,1293.6481
278,grass_grid46819_microbe30152_all.pickle,3,12,11,1,0.0859710797667503,8.62741508171894e-05,6.27391127636656e-05,4.25922365820952e-07,0.0953903794288635,0.981609880924225,11412.163
279,grass_grid46819_microbe30152_all.pickle,4,6,2,1,0.0870379060506821,4.66880046587903e-05,4.19237876485568e-05,6.83592645600584e-07,0.0319412052631378,0.244786605238914,2.5897517
280,grass_grid46819_microbe30152_all.pickle,5,12,23,1,0.0890617892146111,3.87897925975267e-05,8.8564156612847e-05,5.22053198892536e-07,0.0437881201505661,0.382362574338913,6311.189
281,grass_grid46819_microbe30152_all.pickle,6,12,29,1,0.0534854717552662,6.62759921397083e-05,4.49311810371e-05,3.36787934429594e-07,0.0916774570941925,0.93849241733551,1547.571
282,grass_grid46819_microbe30152_all.pickle,7,12,38,1,0.0694965794682503,3.22634296026081e-05,1.16634628284373e-05,2.23084569483945e-07,0.0771316066384315,0.769574224948883,5569.085
283,grass_grid46819_microbe30152_all.pickle,8,12,30,1,0.0516873672604561,5.50299155293033e-05,5.9267880715197e-05,7.78002288370772e-07,0.0290575604885817,0.211299389600754,496.2769
284,grass_grid46819_microbe30152_all.pickle,9,12,40,1,0.0649896040558815,1.93748619494727e-05,1.61093466886086e-05,1.66967382142502e-07,0.0225895270705223,0.136187329888344,1057.5797
285,grass_grid46819_microbe30152_all.pickle,10,12,26,1,0.0932145863771439,8.48883501021191e-05,3.81031059077941e-05,6.00293162733578e-07,0.0674914121627808,0.657624423503876,7670.873
286,grass_grid46819_microbe30152_all.pickle,11,12,7,1,0.0992130562663078,4.4150605390314e-05,2.01655602722894e-05,1.27265252558573e-07,0.0719430595636368,0.709320604801178,8764.253
287,grass_grid46819_microbe30152_all.pickle,12,12,35,1,0.0562124848365784,8.19704873720184e-05,7.32592525309883e-05,4.00038800307811e-07,0.0831502825021744,0.839467942714691,1367.3921
288,grass_grid46819_microbe30152_all.pickle,13,12,20,1,0.0676419585943222,7.64181240811013e-05,4.75905690109357e-05,5.3861964488533e-07,0.0174482353031635,0.0764824748039246,1254.8165
289,grass_grid46819_microbe30152_all.pickle,14,11,9,1,0.0903173536062241,9.0625777374953e-05,8.09686243883334e-05,6.74509124110045e-07,0.0677376464009285,0.66048389673233,4479.0396
290,grass_grid46819_microbe30152_all.pickle,15,12,12,1,0.0800843462347984,1.1861390703416e-05,6.78879659972154e-05,9.19761703244149e-07,0.0619472824037075,0.593241572380066,3984.6626
291,grass_grid46819_microbe30152_all.pickle,16,12,21,1,0.083381399512291,5.27284901181702e-05,9.4562019512523e-05,8.2745776808224e-07,0.0396061353385448,0.333797991275787,4888.7227
292,grass_grid46819_microbe30152_all.pickle,17,12,22,1,0.0736489668488503,4.17169176216703e-05,3.1663163099438e-05,9.32307159473567e-07,0.0593358762562275,0.562915802001953,2539.3909
293,grass_grid46819_microbe30152_all.pickle,18,12,20,1,0.0556507222354412,2.6591143978294e-05,8.42610606923699e-05,9.98817995423451e-07,0.0253700837492943,0.168477416038513,329.45142
294,grass_grid46819_microbe30152_all.pickle,19,12,26,1,0.0741216689348221,1.59564206114737e-05,7.80373156885616e-05,6.1236738702064e-07,0.0359559878706932,0.291409522294998,2512.7705
295,grass_grid46819_microbe30152_all.pickle,20,12,34,1,0.0613198429346085,2.12689010368194e-05,2.92075219476828e-05,2.9588227334898e-07,0.0969739854335785,1,4980.156
296,grass_grid46819_microbe30152_all.pickle,21,12,19,1,0.0590126998722553,7.37255977583118e-05,5.0337959692115e-05,8.02442173153395e-07,0.0517812892794609,0.475185751914978,1850.9272
297,grass_grid46819_microbe30152_all.pickle,22,12,35,1,0.0953492373228073,6.33500603726134e-05,9.85772567219101e-05,1.79336211658665e-07,0.0864373967051506,0.877640604972839,9440.685
298,grass_grid46819_microbe30152_all.pickle,23,5,3,1,0.0709850639104843,5.77748687646817e-05,2.59568514593411e-05,2.45509085061713e-07,0.0463468544185162,0.412076711654663,1.3756474
299,grass_grid46819_microbe30152_all.pickle,24,12,27,1,0.0776663050055504,9.80666009127162e-05,9.20499660423957e-05,4.60626836229494e-07,0.0815581828355789,0.820979177951813,6977.891
300,grass_grid46819_microbe30152_all.pickle,25,10,13,1,0.0787855237722397,3.15508732455783e-05,6.63709288346581e-05,3.75907035277123e-07,0.054710391908884,0.509200870990753,1369.2826
301,grass_grid46819_microbe3740_all.pickle,1,12,35,1,0.0903158411383629,7.31720429030247e-05,2.45387200266123e-05,1.72769532014172e-07,0.0550841242074966,0.488491177558899,6597.3774
302,grass_grid46819_microbe3740_all.pickle,2,12,20,1,0.0573981143534184,6.3578161643818e-05,2.92987224383978e-05,6.60545140362956e-07,0.087335042655468,0.866438269615173,1371.6107
303,grass_grid46819_microbe3740_all.pickle,3,12,38,1,0.0898943468928337,9.07331414055079e-05,3.62022037734278e-05,2.69991630830191e-07,0.0218435693532228,0.0989466682076454,5462.8203
304,grass_grid46819_microbe3740_all.pickle,4,12,26,1,0.0972291231155396,8.21511057438329e-05,1.93101568584098e-05,6.79948243487161e-07,0.0593311712145805,0.538262128829956,7180.8584
305,grass_grid46819_microbe3740_all.pickle,5,12,12,1,0.0698748901486397,3.17448429996148e-05,4.08482737839222e-05,4.82892005493341e-07,0.0472678281366825,0.396892368793488,1794.0544
306,grass_grid46819_microbe3740_all.pickle,6,10,6,1,0.052481472492218,6.60216246615164e-05,4.26803999289405e-05,4.08200747870069e-07,0.0672370418906212,0.630910694599152,310.56512
307,grass_grid46819_microbe3740_all.pickle,7,12,35,1,0.0550113134086132,2.62105568253901e-05,7.56154258851893e-05,5.93090135225793e-07,0.0987321138381958,1,2846.9868
308,grass_grid46819_microbe3740_all.pickle,8,10,6,1,0.0664552748203278,2.23769256990636e-05,8.75050682225265e-05,9.18222895052168e-07,0.0842786803841591,0.830620884895325,3186.8787
309,grass_grid46819_microbe3740_all.pickle,9,12,19,1,0.0710070878267288,4.5592023525387e-05,4.6030694647925e-05,7.22122194929398e-07,0.0814610421657562,0.797601103782654,5386.267
310,grass_grid46819_microbe3740_all.pickle,10,12,24,1,0.0868472680449486,8.81061350810342e-05,9.4523435109295e-05,3.21778685474783e-07,0.0924159362912178,0.925980985164642,8233.296
311,grass_grid46819_microbe3740_all.pickle,11,11,18,1,0.0831130817532539,5.64327965548728e-05,6.37373377685435e-05,1.12859247280994e-07,0.0255358517169952,0.142216354608536,3019.6448
312,grass_grid46819_microbe3740_all.pickle,12,12,36,1,0.0992862731218338,3.02402895613341e-05,8.97103236638941e-05,2.88422427274782e-07,0.0162246655672789,0.0330989994108677,5582.1978
313,grass_grid46819_microbe3740_all.pickle,13,12,24,1,0.0924360677599907,1.69760733115254e-05,7.31056716176681e-05,6.05296918365639e-07,0.0285585522651672,0.177639245986938,4441.1836
314,grass_grid46819_microbe3740_all.pickle,14,12,4,1,0.0816122516989708,9.99818876152858e-05,1.2878739653388e-05,5.15115971211344e-07,0.0511473529040813,0.44235634803772,4884.206
315,grass_grid46819_microbe3740_all.pickle,15,12,40,1,0.0750876367092133,4.22928824264091e-05,2.32517177209957e-05,1.58681871198496e-07,0.0951184257864952,0.957651376724243,8472.751
316,grass_grid46819_microbe3740_all.pickle,16,12,23,1,0.0952308177947998,7.11194734321907e-05,5.72585995541885e-05,3.61209572474763e-07,0.0198540557175875,0.0756316557526588,5999.208
317,grass_grid46819_microbe3740_all.pickle,17,12,16,1,0.0630264580249786,5.05404786963481e-05,6.96650167810731e-05,9.44250757584086e-07,0.0616249553859234,0.565142869949341,2075.449
318,grass_grid46819_microbe3740_all.pickle,18,12,31,1,0.0735195428133011,8.16099127405323e-05,3.47512286680285e-05,8.66121808940079e-07,0.0399583578109741,0.311233013868332,2496.9717
319,grass_grid46819_microbe3740_all.pickle,19,12,23,1,0.0857383534312248,1.02026824606583e-05,9.8169177363161e-05,8.47133946990652e-07,0.0739212408661842,0.709242463111877,7181.558
320,grass_grid46819_microbe3740_all.pickle,20,8,5,1,0.0765699595212936,3.85859602829441e-05,8.06573298177682e-05,9.94326114778232e-07,0.0341306589543819,0.242938488721848,361.9626
321,grass_grid46819_microbe3740_all.pickle,21,12,23,1,0.0584067590534687,1.90679820661899e-05,5.14028070028871e-05,7.60114460263139e-07,0.0134002668783069,0,564.6284
322,grass_grid46819_microbe3740_all.pickle,22,12,29,1,0.0519850514829159,5.88563088967931e-05,8.33054436952807e-05,5.46756041330809e-07,0.0451022423803806,0.371513962745667,583.2049
323,grass_grid46819_microbe3740_all.pickle,23,12,31,1,0.0611545331776142,7.78633184381761e-05,6.58128265058622e-05,2.30144792112696e-07,0.036815844476223,0.274406045675278,1093.3353
324,grass_grid46819_microbe3740_all.pickle,24,9,8,1,0.0796350240707397,4.95742824568879e-05,1.63449476531241e-05,8.0369932220492e-07,0.0753460004925728,0.725939154624939,8.096395
325,grass_grid46819_microbe3740_all.pickle,25,10,3,1,0.0659744665026665,9.39803794608451e-05,5.45236871403176e-05,4.48249437567938e-07,0.0677258595824242,0.63663911819458,743.8305
326,grass_grid46819_microbe4132_all.pickle,1,12,32,1,0.0624300129711628,6.10669594607316e-05,7.86604214226827e-05,7.34309253402898e-07,0.0180093329399824,0.0572542138397694,1160.2267
327,grass_grid46819_microbe4132_all.pickle,2,12,40,1,0.0765204578638077,7.83678042353131e-05,5.05360621900763e-05,8.83792893091595e-07,0.0702326893806458,0.6773521900177,6498.017
328,grass_grid46819_microbe4132_all.pickle,3,7,4,1,0.0748715028166771,9.86673185252585e-05,9.63129205047153e-05,1.65624314263368e-07,0.0931689366698265,0.949696183204651,370.82492
329,grass_grid46819_microbe4132_all.pickle,4,12,2,1,0.096677303314209,2.62674839177635e-05,9.94896836346015e-05,6.04299827955401e-07,0.097405418753624,1,11929.221
330,grass_grid46819_microbe4132_all.pickle,5,12,20,1,0.0836038365960121,1.89654438145226e-05,3.63992003258318e-05,2.00924517912426e-07,0.0313347987830639,0.215480253100395,3284.7722
331,grass_grid46819_microbe4132_all.pickle,6,10,4,1,0.069017730653286,6.42885061097331e-05,3.10433133563492e-05,7.67551057379023e-07,0.0724782571196556,0.704015970230103,11.861813
332,grass_grid46819_microbe4132_all.pickle,7,12,13,1,0.0932973176240921,8.76687990967184e-05,1.83710471901577e-05,3.48947253314691e-07,0.0749577358365059,0.733457207679749,7724.32
333,grass_grid46819_microbe4132_all.pickle,8,12,29,1,0.0701277107000351,3.90104687539861e-05,7.35215144231915e-05,6.72641817800468e-07,0.0131875025108457,0,2171.9917
334,grass_grid46819_microbe4132_all.pickle,9,12,27,1,0.0840516984462738,5.14547136845067e-05,7.78323083068244e-05,2.98483826099982e-07,0.0167751144617796,0.042599156498909,4778.231
335,grass_grid46819_microbe4132_all.pickle,10,12,16,1,0.0891030505299568,1.69823706528405e-05,5.59240834263619e-05,4.54467681265669e-07,0.0913189128041267,0.927729070186615,9845.507
336,grass_grid46819_microbe4132_all.pickle,11,10,12,1,0.0947002992033958,3.33201314788312e-05,4.784453267348e-05,9.45616136505123e-07,0.080775611102581,0.802538335323334,78.47539
337,grass_grid46819_microbe4132_all.pickle,12,12,33,1,0.0582304485142231,3.74809933418874e-05,4.40711337432731e-05,5.70820361645019e-07,0.0276953484863043,0.172265559434891,660.30566
338,grass_grid46819_microbe4132_all.pickle,13,12,21,1,0.053353413939476,2.87230122921756e-05,6.12108196946792e-05,1.34322988287749e-07,0.0520483106374741,0.461431622505188,556.4728
339,grass_grid46819_microbe4132_all.pickle,14,12,13,1,0.0653645396232605,5.82981847401243e-05,1.43617626235937e-05,9.79780679699616e-07,0.0669347941875458,0.638193130493164,1953.0022
340,grass_grid46819_microbe4132_all.pickle,15,12,32,1,0.0619404576718807,9.59799799602479e-05,8.37599363876507e-05,5.55294491277891e-07,0.0585808008909225,0.538998126983643,1351.5376
341,grass_grid46819_microbe4132_all.pickle,16,12,40,1,0.0557159073650837,4.64974036731292e-05,4.04151724069379e-05,5.14811176799412e-07,0.0363718494772911,0.275289982557297,676.54095
342,grass_grid46819_microbe4132_all.pickle,17,12,36,1,0.0663939863443375,7.87805547588505e-05,8.95461926120333e-05,3.72785876834314e-07,0.0824118331074715,0.821966767311096,5128.115
343,grass_grid46819_microbe4132_all.pickle,18,12,26,1,0.0909909904003143,7.14691923349164e-05,6.65786428726278e-05,2.78850166068878e-07,0.0329059883952141,0.234136492013931,5954.1426
344,grass_grid46819_microbe4132_all.pickle,19,12,40,1,0.0576480850577354,9.17710858630016e-05,3.43652427545749e-05,6.98879887295334e-07,0.0414306372404099,0.335357815027237,1067.4368
345,grass_grid46819_microbe4132_all.pickle,20,12,16,1,0.0731977000832558,5.61146262043621e-05,2.34673625527648e-05,8.04590683856077e-07,0.0485692881047726,0.420121848583221,2130.6956
346,grass_grid46819_microbe4132_all.pickle,21,11,13,1,0.0780799090862274,6.83305988786742e-05,7.01046374160796e-05,2.13015454164633e-07,0.056690476834774,0.51655250787735,3813.126
347,grass_grid46819_microbe4132_all.pickle,22,8,2,1,0.0992383062839508,4.36942100350279e-05,8.79760627867654e-05,8.24211610961356e-07,0.0639936923980713,0.603270590305328,4650.303
348,grass_grid46819_microbe4132_all.pickle,23,12,14,1,0.0514624863862991,1.3389761079452e-05,1.24824045997229e-05,8.99469057458191e-07,0.0224390961229801,0.109853036701679,149.04008
349,grass_grid46819_microbe4132_all.pickle,24,12,16,1,0.0800232738256454,8.30512944958173e-05,2.71016851911554e-05,4.86003443711525e-07,0.042960274964571,0.353520661592484,5215.925
350,grass_grid46819_microbe4132_all.pickle,25,12,13,1,0.0863053277134895,2.20209767576307e-05,5.73333636566531e-05,3.95529013985652e-07,0.0859571099281311,0.864063262939453,9035.857
351,grass_grid46819_microbe43265_all.pickle,1,12,28,1,0.0597095191478729,6.1143931816332e-05,2.36276209761854e-05,6.07590095569321e-07,0.0280238687992096,0.184921368956566,1071.5797
352,grass_grid46819_microbe43265_all.pickle,2,11,4,1,0.0769340097904205,8.07350588729605e-05,6.40621365164407e-05,1.64928167123435e-07,0.0230111218988895,0.125752598047256,428.8307
353,grass_grid46819_microbe43265_all.pickle,3,12,13,1,0.082125686109066,9.94539586827159e-05,1.27057428471744e-05,9.59111048359773e-07,0.0970769003033638,1,11203.834
354,grass_grid46819_microbe43265_all.pickle,4,11,1,1,0.0551782511174679,8.28899865155108e-05,8.58284838614054e-05,5.20858577601757e-07,0.0368217341601849,0.288768380880356,567.4416
355,grass_grid46819_microbe43265_all.pickle,5,10,9,1,0.0783336311578751,9.09015725483187e-05,1.71259816852398e-05,6.74871841965796e-07,0.0444112159311771,0.378352075815201,1745.9937
356,grass_grid46819_microbe43265_all.pickle,6,12,39,1,0.074194498360157,7.07495782990009e-05,5.47158051631413e-05,7.44902251881285e-07,0.0769366398453712,0.762271165847778,5624.7935
357,grass_grid46819_microbe43265_all.pickle,7,12,11,1,0.0640620812773705,2.95846239168895e-05,3.45275075233076e-05,2.79713987083596e-07,0.0410196334123611,0.338318973779678,858.74615
358,grass_grid46819_microbe43265_all.pickle,8,12,22,1,0.0633758157491684,8.80245861480944e-05,3.01019736070884e-05,8.70875737746246e-07,0.0735957846045494,0.722836852073669,5219.003
359,grass_grid46819_microbe43265_all.pickle,9,12,13,1,0.0898584201931953,5.5996857554419e-05,3.9389451558236e-05,4.73364053732439e-07,0.0161477439105511,0.0447396002709866,4087.0898
360,grass_grid46819_microbe43265_all.pickle,10,11,8,1,0.0539638698101044,3.34115320583805e-05,8.97985664778389e-05,8.33797514587786e-07,0.070206843316555,0.682834923267365,173.11037
361,grass_grid46819_microbe43265_all.pickle,11,12,29,1,0.0975106954574585,7.77869645389728e-05,5.77837927266955e-05,6.88475097376795e-07,0.0257246121764183,0.157781720161438,6323.152
362,grass_grid46819_microbe43265_all.pickle,12,12,13,1,0.0699782520532608,4.49372128059622e-05,9.50585308601148e-05,6.03596618020674e-07,0.054459735751152,0.496961385011673,1671.2499
363,grass_grid46819_microbe43265_all.pickle,13,12,38,1,0.0602528862655163,1.42516146297567e-05,3.55414267687593e-05,8.00503073605796e-07,0.0351195558905602,0.268676459789276,863.8944
364,grass_grid46819_microbe43265_all.pickle,14,12,11,1,0.0954987034201622,2.53867692663334e-05,6.39320933260024e-05,2.80148384490531e-07,0.0521425269544125,0.46960985660553,5840.7095
365,grass_grid46819_microbe43265_all.pickle,15,12,27,1,0.0678889751434326,1.85904355021194e-05,5.12727019668091e-05,9.05803688056039e-07,0.0653235092759132,0.62519371509552,1903.2344
366,grass_grid46819_microbe43265_all.pickle,16,9,6,1,0.0720905959606171,4.99314846820198e-05,7.86274104029872e-05,9.71468807620113e-07,0.0945781096816063,0.970505118370056,1395.0947
367,grass_grid46819_microbe43265_all.pickle,17,12,31,1,0.0571790300309658,7.44107965147123e-05,2.61096320173237e-05,2.43775389208167e-07,0.0881907939910889,0.895111382007599,2893.4648
368,grass_grid46819_microbe43265_all.pickle,18,12,28,1,0.0906282812356949,2.09920071938541e-05,6.94034315529279e-05,1.16386544846137e-07,0.0193365756422281,0.0823794901371002,3727.2026
369,grass_grid46819_microbe43265_all.pickle,19,12,38,1,0.0931594669818878,6.49095090921037e-05,4.55029257864226e-05,3.50372488355788e-07,0.0639936774969101,0.609496831893921,7452.162
370,grass_grid46819_microbe43265_all.pickle,20,9,4,1,0.0857093259692192,1.21135990411858e-05,1.91358321899315e-05,5.50486561223806e-07,0.0802203342318535,0.801030814647675,8290.397
371,grass_grid46819_microbe43265_all.pickle,21,12,30,1,0.0813530385494232,5.95318233536091e-05,8.3045793871861e-05,4.24274873012109e-07,0.0918708741664886,0.938549816608429,9196.908
372,grass_grid46819_microbe43265_all.pickle,22,11,20,1,0.0716641247272491,3.96168979932554e-05,4.66271594632417e-05,3.69029777402829e-07,0.0828612893819809,0.83220374584198,4203.1113
373,grass_grid46819_microbe43265_all.pickle,23,12,32,1,0.0868835896253586,3.83406477340031e-05,7.72101557231508e-05,4.19174853050208e-07,0.0123574286699295,0,4652.05
374,grass_grid46819_microbe43265_all.pickle,24,12,13,1,0.0988886803388596,4.67716308776289e-05,7.22417171346024e-05,1.98676914919815e-07,0.048726562410593,0.429288953542709,7074.789
375,grass_grid46819_microbe43265_all.pickle,25,12,30,1,0.0510858073830605,9.4542047008872e-05,9.64494829531759e-05,7.81602409460902e-07,0.0575026944279671,0.53287947177887,360.10153
376,grass_grid46819_microbe432_all.pickle,1,8,6,1,0.0602069944143295,6.26694309175946e-05,5.90201671002433e-05,9.42737585774012e-07,0.099714994430542,1,2779.9849
377,grass_grid46819_microbe432_all.pickle,2,12,37,1,0.0547754801809788,2.69501524599036e-05,6.65305487927981e-05,3.83077320975644e-07,0.0614492297172546,0.566453993320465,674.94507
378,grass_grid46819_microbe432_all.pickle,3,11,10,1,0.0987993478775024,4.61410636489745e-05,8.39942003949545e-05,1.08349631489091e-07,0.0148728238418698,0.0387496165931225,4035.823
379,grass_grid46819_microbe432_all.pickle,4,11,5,1,0.084819920361042,1.72094551089685e-05,4.52107451565098e-05,8.55507835240132e-07,0.0562005341053009,0.506986975669861,3460.8535
380,grass_grid46819_microbe432_all.pickle,5,12,30,1,0.0765344724059105,9.91819615592249e-05,5.49687756574713e-05,5.3123574161873e-07,0.024415235966444,0.146863862872124,3565.687
381,grass_grid46819_microbe432_all.pickle,6,12,29,1,0.0826648250222206,8.43911038828082e-05,7.56997906137258e-05,2.45599238724026e-07,0.0346646457910538,0.262988299131393,5307.448
382,grass_grid46819_microbe432_all.pickle,7,10,10,1,0.0592889674007893,1.57127797137946e-05,9.69330358202569e-05,7.37668074179965e-07,0.069858729839325,0.661732494831085,22.813345
383,grass_grid46819_microbe432_all.pickle,8,12,29,1,0.0637115463614464,5.66436065128073e-05,8.80214502103627e-05,6.17169234828907e-07,0.0671352073550224,0.6308753490448,2445.8174
384,grass_grid46819_microbe432_all.pickle,9,11,5,1,0.0812911912798882,6.02512845944148e-05,9.35168354772031e-05,1.69258996152166e-07,0.0114526934921741,0,2792.9104
385,grass_grid46819_microbe432_all.pickle,10,11,14,1,0.0788531079888344,1.06623183455667e-05,1.01839386843494e-05,1.91703591667647e-07,0.0308928154408932,0.220253959298134,2363.4104
386,grass_grid46819_microbe432_all.pickle,11,12,32,1,0.0705403834581375,4.14514652220532e-05,3.57230564986821e-05,7.65352979215095e-07,0.0842427760362625,0.824701845645905,6710.998
387,grass_grid46819_microbe432_all.pickle,12,12,40,1,0.0648552253842354,9.3223738076631e-05,2.72966863121837e-05,8.15392183994845e-07,0.0786485821008682,0.761320412158966,4550.847
388,grass_grid46819_microbe432_all.pickle,13,12,27,1,0.067889429628849,3.71701680705883e-05,5.21363836014643e-05,9.8011128102371e-07,0.0948715955018997,0.945124924182892,7336.801
389,grass_grid46819_microbe432_all.pickle,14,9,12,1,0.0916814506053925,8.01466885604896e-05,6.86642815708183e-05,3.93207898241599e-07,0.0868277624249458,0.85398930311203,139.40121
390,grass_grid46819_microbe432_all.pickle,15,12,7,1,0.0514036230742931,7.60495313443244e-05,8.15106759546325e-05,2.91805719143667e-07,0.0503656938672066,0.440879046916962,723.4096
391,grass_grid46819_microbe432_all.pickle,16,12,21,1,0.0564238764345646,7.44445351301692e-05,9.14989432203583e-05,4.78529841529962e-07,0.0732262581586838,0.69988614320755,2901.772
392,grass_grid46819_microbe432_all.pickle,17,11,12,1,0.0682893246412277,3.10951108986046e-05,7.25509526091628e-05,6.75838748520619e-07,0.0194882024079561,0.0910412296652794,1142.8987
393,grass_grid46819_microbe432_all.pickle,18,12,27,1,0.0868533179163933,6.92089815856889e-05,1.67973357747542e-05,6.94719403782074e-07,0.0357436574995518,0.275213330984116,6447.963
394,grass_grid46819_microbe432_all.pickle,19,12,12,1,0.0891770198941231,8.76914637046866e-05,4.16753573517781e-05,3.42075765047412e-07,0.0908839628100395,0.899945497512817,9934.531
395,grass_grid46819_microbe432_all.pickle,20,10,8,1,0.0957119017839432,4.37742673966568e-05,6.13838419667445e-05,5.6119648661479e-07,0.058591827750206,0.534080028533936,4592.714
396,grass_grid46819_microbe432_all.pickle,21,12,18,1,0.0973678752779961,5.05127900396474e-05,2.39823457377497e-05,5.90600279792852e-07,0.0223436411470175,0.123392969369888,5923.4473
397,grass_grid46819_microbe432_all.pickle,22,12,34,1,0.0532281138002872,6.69920991640538e-05,4.82989089505281e-05,9.00459554031841e-07,0.0459408573806286,0.390746235847473,651.40155
398,grass_grid46819_microbe432_all.pickle,23,12,40,1,0.0932128727436066,2.1738582290709e-05,3.22679625242017e-05,2.09546115570447e-07,0.0753204450011253,0.72361296415329,8615.62
399,grass_grid46819_microbe432_all.pickle,24,11,18,1,0.0734095424413681,9.24353662412614e-05,3.08647322526667e-05,8.77925856457296e-07,0.0394947044551373,0.317712187767029,1319.7358
400,grass_grid46819_microbe432_all.pickle,25,12,12,1,0.0755620077252388,3.32774507114664e-05,1.77380679815542e-05,4.4741855731445e-07,0.0460438132286072,0.39191272854805,2860.5852
401,grass_grid46819_microbe4365_all.pickle,1,8,3,1,0.0919203162193298,9.03870823094621e-05,3.59955956810154e-05,9.86858594842488e-07,0.0351550877094269,0.259530276060104,6.87024
402,grass_grid46819_microbe4365_all.pickle,2,12,37,1,0.0800276473164558,9.79301403276622e-05,1.2621249879885e-05,5.3703786306869e-07,0.0136134196072817,0.00423337938264012,4738.0273
403,grass_grid46819_microbe4365_all.pickle,3,12,28,1,0.05261355265975,7.63579591875896e-05,3.96701834688429e-05,1.39581516123144e-07,0.040493655949831,0.322799265384674,518.1801
404,grass_grid46819_microbe4365_all.pickle,4,12,0,1,0.0986809283494949,5.13897866767365e-05,7.65338627388701e-05,7.21097023870243e-07,0.0451020188629627,0.377414405345917,5546.134
405,grass_grid46819_microbe4365_all.pickle,5,12,39,1,0.083766870200634,2.05689284484833e-05,3.23046624544077e-05,9.43660950269987e-07,0.0762139409780502,0.746131241321564,7224.52
406,grass_grid46819_microbe4365_all.pickle,6,11,12,1,0.0582993999123573,9.5036237325985e-05,1.44941313919844e-05,4.73623060770478e-07,0.0676202028989792,0.644284248352051,1689.4939
407,grass_grid46819_microbe4365_all.pickle,7,12,24,1,0.061935793608427,8.29032287583686e-05,9.52972477534786e-05,8.57695511058409e-07,0.0304619036614895,0.203909918665886,1678.2356
408,grass_grid46819_microbe4365_all.pickle,8,12,16,1,0.064521037042141,6.6423075622879e-05,7.40588729968295e-05,3.77511383931051e-07,0.0816583186388016,0.81065422296524,2004.4397
409,grass_grid46819_microbe4365_all.pickle,9,12,31,1,0.0701119378209114,1.40054316943861e-05,6.99920783517882e-05,9.06648608633986e-07,0.0132562117651105,0,1421.6089
410,grass_grid46819_microbe4365_all.pickle,10,12,35,1,0.0510194040834904,7.09306841599755e-05,9.88360479823314e-05,6.18606691205059e-07,0.018763480708003,0.0652683228254318,402.43304
411,grass_grid46819_microbe4365_all.pickle,11,11,9,1,0.0681470260024071,1.031908323057e-05,4.79830705444328e-05,2.5170456297019e-07,0.0746094435453415,0.727115869522095,2365.837
412,grass_grid46819_microbe4365_all.pickle,12,12,38,1,0.0728618428111076,3.35607728629839e-05,6.54012837912887e-05,5.91766649904457e-07,0.0897000133991241,0.905958831310272,7199.1
413,grass_grid46819_microbe4365_all.pickle,13,8,2,1,0.0952419862151146,2.18709355976898e-05,1.90641549124848e-05,1.3113022134803e-07,0.0222325846552849,0.106381736695766,8.035428
414,grass_grid46819_microbe4365_all.pickle,14,12,39,1,0.0770376324653625,4.25674224970862e-05,2.59009284491185e-05,3.99861818323188e-07,0.0962844416499138,0.983992874622345,8270.96
415,grass_grid46819_microbe4365_all.pickle,15,12,17,1,0.0746362805366516,8.02192153059877e-05,9.02626416063868e-05,4.26668577802047e-07,0.0636521950364113,0.59725821018219,3914.2493
416,grass_grid46819_microbe4365_all.pickle,16,12,27,1,0.079460397362709,8.83227621670812e-05,2.37824879150139e-05,2.80740550806513e-07,0.0851462632417679,0.851990938186646,6900.52
417,grass_grid46819_microbe4365_all.pickle,17,12,24,1,0.0922940298914909,3.02694716083352e-05,6.39268182567321e-05,3.3380473496436e-07,0.0601910762488842,0.556239426136017,6335.1685
418,grass_grid46819_microbe4365_all.pickle,18,12,36,1,0.0567534789443016,5.92672658967786e-05,3.04850418615388e-05,8.48170259359904e-07,0.087816409766674,0.883635640144348,2071.243
419,grass_grid46819_microbe4365_all.pickle,19,12,23,1,0.0677469372749329,6.23974337941036e-05,8.86600464582443e-05,5.09027017869812e-07,0.0246371552348137,0.134879037737846,2057.2996
420,grass_grid46819_microbe4365_all.pickle,20,12,34,1,0.0558907240629196,3.95634306187276e-05,4.42946729890537e-05,8.09785831279441e-07,0.0464307516813278,0.393161624670029,484.13644
421,grass_grid46819_microbe4365_all.pickle,21,12,27,1,0.0851605236530304,7.37865120754577e-05,5.19776222063228e-05,2.37636356814619e-07,0.0522325783967972,0.461920827627182,5811.1787
422,grass_grid46819_microbe4365_all.pickle,22,9,9,1,0.0869027078151703,3.62583487003576e-05,8.55378821142949e-05,6.44821739115287e-07,0.0381231941282749,0.294706225395203,8.110362
423,grass_grid46819_microbe4365_all.pickle,23,11,4,1,0.0894797816872597,4.88372061226983e-05,5.39280663360842e-05,1.76753346181613e-07,0.0641377493739128,0.60301262140274,5121.5405
424,grass_grid46819_microbe4365_all.pickle,24,12,20,1,0.0634724497795105,5.40181135875173e-05,8.18025437183678e-05,6.99740155596373e-07,0.0549651607871056,0.494305491447449,1288.5741
425,grass_grid46819_microbe4365_all.pickle,25,12,39,1,0.0966015532612801,2.58199343079468e-05,5.92783180763945e-05,7.76174942984653e-07,0.0976351052522659,1,9608.828
426,grass_grid46819_microbe5932_all.pickle,1,12,25,1,0.0953654646873474,1.06503557617543e-05,3.17907542921603e-05,3.18119845132969e-07,0.0866815373301506,0.877079904079437,8940.191
427,grass_grid46819_microbe5932_all.pickle,2,12,37,1,0.0616315603256226,5.66769995202776e-05,9.68187014223076e-05,7.94137577031506e-07,0.0728351548314095,0.715410649776459,2003.9833
428,grass_grid46819_microbe5932_all.pickle,3,12,35,1,0.0873548090457916,7.15273708919995e-05,2.92541008093394e-05,3.75341812741681e-07,0.0371156632900238,0.298352718353271,5077.5806
429,grass_grid46819_microbe5932_all.pickle,4,12,38,1,0.0819839462637901,3.86656065529678e-05,6.25563116045669e-05,9.79255446509342e-07,0.0220030397176743,0.121898926794529,3138.823
430,grass_grid46819_microbe5932_all.pickle,5,9,15,1,0.0835017561912537,3.05754292639904e-05,8.78921782714315e-05,7.15900512204826e-07,0.0957905352115631,0.983435869216919,4890.788
431,grass_grid46819_microbe5932_all.pickle,6,11,5,1,0.0899019539356232,4.50624029326718e-05,7.19584713806398e-05,8.88735087301029e-07,0.0709614828228951,0.693533837795258,5802.434
432,grass_grid46819_microbe5932_all.pickle,7,8,6,1,0.0535252690315247,2.12503036891576e-05,4.03704470954835e-05,1.59869884441832e-07,0.0599942095577717,0.565480768680573,318.5191
433,grass_grid46819_microbe5932_all.pickle,8,12,33,1,0.0595321841537952,6.06318862992339e-05,1.21437587949913e-05,7.0280503905451e-07,0.0554842427372932,0.512822806835175,815.49805
434,grass_grid46819_microbe5932_all.pickle,9,12,35,1,0.0550267659127712,8.82607419043779e-05,4.4393542339094e-05,9.11999734398705e-07,0.0115628410130739,0,502.36383
435,grass_grid46819_microbe5932_all.pickle,10,12,27,1,0.0919176563620567,7.54790526116267e-05,7.65389122534543e-05,5.04469994666579e-07,0.0644244253635406,0.617207646369934,6582.3403
436,grass_grid46819_microbe5932_all.pickle,11,12,7,1,0.0573900677263737,2.64125756075373e-05,5.71884702367242e-05,4.14832243222918e-07,0.0834872275590897,0.839783430099487,1290.6935
437,grass_grid46819_microbe5932_all.pickle,12,12,38,1,0.0921141728758812,6.99082956998609e-05,4.74218795716297e-05,5.87907038607227e-07,0.0904692187905312,0.9213045835495,7364.0103
438,grass_grid46819_microbe5932_all.pickle,13,12,13,1,0.0858328267931938,3.33704520016909e-05,9.39524252316914e-05,6.53138897632743e-07,0.0286093186587095,0.199033319950104,4078.9194
439,grass_grid46819_microbe5932_all.pickle,14,11,9,1,0.0690686628222466,5.96627542108763e-05,1.9026783775189e-05,1.15458220761866e-07,0.0502509847283363,0.451719701290131,1544.9795
440,grass_grid46819_microbe5932_all.pickle,15,6,1,1,0.0798808932304382,4.13758716604207e-05,6.86502171447501e-05,9.32971545353212e-07,0.0155308209359646,0.0463298186659813,0.9062508
441,grass_grid46819_microbe5932_all.pickle,16,12,22,1,0.098529040813446,9.43950726650655e-05,8.00494381110184e-05,4.26553583565692e-07,0.0495432652533054,0.443456381559372,6603.549
442,grass_grid46819_microbe5932_all.pickle,17,12,31,1,0.0770418494939804,1.7302429114352e-05,5.09635719936341e-05,1.98316129740306e-07,0.0756793767213821,0.748619556427002,3686.8782
443,grass_grid46819_microbe5932_all.pickle,18,12,40,1,0.074465274810791,8.34713064250536e-05,2.29283923545154e-05,2.95949462270073e-07,0.0318683050572872,0.237084984779358,3090.951
444,grass_grid46819_microbe5932_all.pickle,19,12,35,1,0.0664266422390938,5.24605347891338e-05,2.53046728175832e-05,2.37139701653177e-07,0.020224753767252,0.101135805249214,1412.536
445,grass_grid46819_microbe5932_all.pickle,20,12,27,1,0.0650356709957123,6.75540941301733e-05,1.43944971568999e-05,6.10338986462011e-07,0.045472227036953,0.395923316478729,1354.1127
446,grass_grid46819_microbe5932_all.pickle,21,12,18,1,0.0973328053951263,9.82889323495328e-05,9.02513129403815e-05,5.53319125629059e-07,0.0628595575690269,0.598936378955841,7289.243
447,grass_grid46819_microbe5932_all.pickle,22,11,30,1,0.0733414962887764,4.67044847027864e-05,3.62354876415338e-05,7.58050020976953e-07,0.0972091928124428,1,4771.1074
448,grass_grid46819_microbe5932_all.pickle,23,11,1,1,0.0630022510886192,8.18388871266507e-05,6.51266236673109e-05,4.80921983125882e-07,0.0247254204005003,0.153685227036476,548.53784
449,grass_grid46819_microbe5932_all.pickle,24,12,33,1,0.0713436752557755,1.60802228492685e-05,8.23952505015768e-05,8.44005796807323e-07,0.0793994292616844,0.79205459356308,4867.5933
450,grass_grid46819_microbe5932_all.pickle,25,12,40,1,0.0501319654285908,9.26684588193893e-05,5.61427150387317e-05,2.59340282582343e-07,0.0421543903648853,0.357184499502182,191.94379
451,grass_grid46819_microbe5935_all.pickle,1,12,34,1,0.069947324693203,5.66879316465929e-05,9.97432653093711e-05,9.63313368629315e-07,0.0475836284458637,0.413401305675507,2819.342
452,grass_grid46819_microbe5935_all.pickle,2,11,16,1,0.0909053310751915,8.5089159256313e-05,9.32776092668064e-05,7.63453385843604e-07,0.0368354804813862,0.290656238794327,5008.8667
453,grass_grid46819_microbe5935_all.pickle,3,12,27,1,0.0978851169347763,9.82893761829473e-05,1.13947698991979e-05,2.28291540338432e-07,0.0962909683585167,0.969644725322723,8885.785
454,grass_grid46819_microbe5935_all.pickle,4,4,0,1,0.0652836263179779,6.35995165794156e-05,7.31966574676335e-05,2.86477757072134e-07,0.067529208958149,0.641182124614716,1.7631334
455,grass_grid46819_microbe5935_all.pickle,5,10,2,1,0.0957752987742424,3.32758500007913e-05,7.58897149353288e-05,3.29799291876043e-07,0.0113842254504561,0,171.52794
456,grass_grid46819_microbe5935_all.pickle,6,12,31,1,0.0758173316717148,4.32740744145121e-05,2.58854761341354e-05,3.84638184414143e-07,0.0455524958670139,0.390205562114716,4164.7227
457,grass_grid46819_microbe5935_all.pickle,7,11,5,1,0.0980111882090569,5.07402910443489e-05,2.18020377360517e-05,7.3313708526257e-07,0.0315579921007156,0.230386719107628,4276.9155
458,grass_grid46819_microbe5935_all.pickle,8,7,0,1,0.0828490704298019,6.91170644131489e-05,3.68560358765535e-05,7.89387911481754e-07,0.0726529285311699,0.699695587158203,5.960769
459,grass_grid46819_microbe5935_all.pickle,9,12,38,1,0.0530349127948284,7.96804888523184e-05,4.99431807838846e-05,6.36924880836887e-07,0.019099609926343,0.0881105735898018,520.6704
460,grass_grid46819_microbe5935_all.pickle,10,12,34,1,0.0891717746853828,8.6454143456649e-05,6.67898202664219e-05,6.69909525186085e-07,0.0558385774493217,0.507673799991608,6634.5576
461,grass_grid46819_microbe5935_all.pickle,11,12,21,1,0.0556068047881126,4.16274888266344e-05,6.98640287737362e-05,9.80451204668498e-07,0.0518549717962742,0.462180554866791,703.68036
462,grass_grid46819_microbe5935_all.pickle,12,12,32,1,0.0599423088133335,2.45688261202304e-05,9.24875057535246e-05,2.66728960696128e-07,0.0142091643065214,0.0322611257433891,899.3477
463,grass_grid46819_microbe5935_all.pickle,13,12,26,1,0.0713600516319275,6.60832520225085e-05,4.34157409472391e-05,5.13367922394536e-07,0.0582683868706226,0.535422503948212,4887.671
464,grass_grid46819_microbe5935_all.pickle,14,12,40,1,0.0608532018959522,3.12789816234726e-05,2.91148589894874e-05,8.884221642802e-07,0.098949022591114,1,5701.997
465,grass_grid46819_microbe5935_all.pickle,15,12,24,1,0.084786981344223,1.5210143828881e-05,1.96952405531192e-05,4.21897112801162e-07,0.0892860069870949,0.889647245407104,9801.996
466,grass_grid46819_microbe5935_all.pickle,16,10,16,1,0.0735287219285965,8.94226104719564e-05,5.78540966671426e-05,1.50241490359804e-07,0.0621913075447083,0.58022266626358,3649.9866
467,grass_grid46819_microbe5935_all.pickle,17,12,20,1,0.0934971421957016,7.37074369681068e-05,1.62203359650448e-05,8.47242404233839e-07,0.0751758888363838,0.728508114814758,7891.0933
468,grass_grid46819_microbe5935_all.pickle,18,12,39,1,0.0806704610586166,1.02305648397305e-05,4.12359222536907e-05,1.95121941715115e-07,0.083120234310627,0.819233417510986,7666.8384
469,grass_grid46819_microbe5935_all.pickle,19,12,18,1,0.0569390505552292,9.4032526249066e-05,8.64242028910667e-05,6.81436688410031e-07,0.0812477320432663,0.797849237918854,3147.1155
470,grass_grid46819_microbe5935_all.pickle,20,12,27,1,0.0770347341895103,2.36203959502745e-05,7.91226848377846e-05,4.70679253794515e-07,0.0397705845534801,0.324175447225571,3768.8079
471,grass_grid46819_microbe5935_all.pickle,21,11,6,1,0.0787461847066879,5.80810883548111e-05,8.3163584349677e-05,5.6622320698807e-07,0.0336566865444183,0.254354059696198,3408.2134
472,grass_grid46819_microbe5935_all.pickle,22,12,26,1,0.0515786446630955,1.89418988156831e-05,6.10569913988002e-05,5.80460948640393e-07,0.0251758508384228,0.157501935958862,259.50668
473,grass_grid46819_microbe5935_all.pickle,23,12,37,1,0.063075490295887,7.52364649088122e-05,3.33136886183638e-05,1.35979647097884e-07,0.0224842075258493,0.126763060688972,1959.0973
474,grass_grid46819_microbe5935_all.pickle,24,12,25,1,0.0665704011917114,4.94218220410403e-05,4.89177436975297e-05,9.16950568807806e-07,0.0864057093858719,0.856753945350647,3683.704
475,grass_grid46819_microbe5935_all.pickle,25,12,9,1,0.0862181410193443,3.63121653208509e-05,5.36232000740711e-05,4.50438022880917e-07,0.0689438506960869,0.657337486743927,6386.628
476,grass_grid46819_microbe7740_all.pickle,1,12,27,1,0.0738894864916801,9.16384888114408e-05,3.53980431100354e-05,5.65322466172802e-07,0.0453188419342041,0.383472830057144,5181.004
477,grass_grid46819_microbe7740_all.pickle,2,12,29,1,0.0629224926233292,1.67951347975759e-05,9.16880017030053e-05,1.69288227880315e-07,0.0730438828468323,0.708102345466614,1620.3853
478,grass_grid46819_microbe7740_all.pickle,3,12,9,1,0.0949077755212784,5.4112373618409e-05,9.90637126960792e-05,1.90271890687654e-07,0.0494956076145172,0.432378113269806,5018.67
479,grass_grid46819_microbe7740_all.pickle,4,12,17,1,0.0527798272669315,5.94156917941291e-05,5.27273441548459e-05,3.01155751003535e-07,0.0611633881926537,0.56899493932724,429.66943
480,grass_grid46819_microbe7740_all.pickle,5,7,1,1,0.0762202441692352,9.91759225144051e-05,7.8834367741365e-05,7.66277935326798e-07,0.0564717203378677,0.51406067609787,3.8271127
481,grass_grid46819_microbe7740_all.pickle,6,12,15,1,0.0747650638222694,7.0376685471274e-05,6.15682802163064e-05,6.70828683269065e-07,0.0902487710118294,0.909552574157715,7605.2686
482,grass_grid46819_microbe7740_all.pickle,7,12,33,1,0.0857118293642998,3.26728186337277e-05,1.91414637811249e-05,4.55837948720728e-07,0.0674606263637543,0.642728626728058,7265.5547
483,grass_grid46819_microbe7740_all.pickle,8,6,4,1,0.0796502232551575,1.86705692613032e-05,4.74471489724237e-05,8.95001392109407e-07,0.0323271565139294,0.231354564428329,6.0586867
484,grass_grid46819_microbe7740_all.pickle,9,11,16,1,0.0702188089489937,6.32306037005037e-05,5.80170126340818e-05,8.05048387064744e-07,0.0835066810250282,0.830610156059265,5335.9077
485,grass_grid46819_microbe7740_all.pickle,10,12,31,1,0.0965951457619667,2.34945182455704e-05,1.03733227660996e-05,3.3019063039319e-07,0.0258103180676699,0.155049622058868,5342.3906
486,grass_grid46819_microbe7740_all.pickle,11,11,20,1,0.0870840772986412,2.46865347435232e-05,6.98510557413101e-05,7.33170963940211e-07,0.0399946048855782,0.321131885051727,4946.743
487,grass_grid46819_microbe7740_all.pickle,12,12,21,1,0.0903527662158012,1.34017664095154e-05,8.73768512974493e-05,4.19801352791183e-07,0.0498455092310905,0.436475098133087,5354.116
488,grass_grid46819_microbe7740_all.pickle,13,12,25,1,0.0684922188520432,7.98797482275404e-05,3.20359176839702e-05,8.39950530462374e-07,0.0979734510183334,1,7309.3403
489,grass_grid46819_microbe7740_all.pickle,14,12,22,1,0.0653835833072662,3.9553597162012e-05,7.78603061917238e-05,6.28222949217161e-07,0.0694418922066689,0.665927052497864,1803.7551
490,grass_grid46819_microbe7740_all.pickle,15,10,1,1,0.0587526522576809,4.29423671448603e-05,9.30973546928726e-05,9.33219723719958e-07,0.0950283780694008,0.965516448020935,517.9491
491,grass_grid46819_microbe7740_all.pickle,16,12,22,1,0.056685633957386,2.94843794108601e-05,4.04603051720187e-05,3.57347516910522e-07,0.0785217061638832,0.772241592407227,1029.9711
492,grass_grid46819_microbe7740_all.pickle,17,12,26,1,0.0997351706027985,6.55342810205184e-05,6.5920248744078e-05,9.89271597973129e-07,0.0289149675518274,0.19140163064003,5991.461
493,grass_grid46819_microbe7740_all.pickle,18,12,23,1,0.0826830640435219,7.81855997047387e-05,2.60001161223045e-05,1.34737589974065e-07,0.0863727927207947,0.864169120788574,6918.7954
494,grass_grid46819_microbe7740_all.pickle,19,12,33,1,0.0677571967244148,8.50129290483892e-05,5.48857206013054e-05,8.73382646204846e-07,0.0213798657059669,0.103173926472664,1542.8835
495,grass_grid46819_microbe7740_all.pickle,20,12,33,1,0.0544254295527935,8.78410355653614e-05,7.37276350264437e-05,2.2075030869928e-07,0.0378890298306942,0.296477943658829,770.77515
496,grass_grid46819_microbe7740_all.pickle,21,12,37,1,0.0924796015024185,5.15550382260699e-05,2.95468144031474e-05,5.26617498053383e-07,0.0571580938994884,0.52209734916687,6050.924
497,grass_grid46819_microbe7740_all.pickle,22,12,31,1,0.0612693391740322,4.67792633571662e-05,1.41117589009809e-05,6.93320771461003e-07,0.0125682791694999,0,992.8491
498,grass_grid46819_microbe7740_all.pickle,23,12,19,1,0.0816361531615257,9.3872171419207e-05,4.42089985881466e-05,5.6975301276907e-07,0.0769764930009842,0.754148840904236,7430.9165
499,grass_grid46819_microbe7740_all.pickle,24,9,6,1,0.0895411446690559,3.77320066036191e-05,8.5427935118787e-05,4.93047025429405e-07,0.0142760248854756,0.0199958123266697,2357.2305
500,grass_grid46819_microbe7740_all.pickle,25,11,4,1,0.050913579761982,7.16120339347981e-05,2.20951333176345e-05,2.67051547098163e-07,0.0189831200987101,0.0751106888055801,168.83385
501,drought_grid46819_microbe1014_all.pickle,1,4,3,1,0.0760095119476318,5.90551535424311e-05,6.20493010501377e-05,2.13483701827499e-07,0.0745483264327049,0.717041194438934,1.0573913
502,drought_grid46819_microbe1014_all.pickle,2,7,1,1,0.0569225586950779,2.08330966415815e-05,8.91676827450283e-05,2.74299708280523e-07,0.0994395986199379,1,399.20758
503,drought_grid46819_microbe1014_all.pickle,3,12,25,1,0.0734380036592484,9.54203933360986e-05,3.57474855263717e-05,1.07936713789059e-07,0.0763126835227013,0.737098038196564,3877.2578
504,drought_grid46819_microbe1014_all.pickle,4,11,1,1,0.0625025108456612,6.65515690343454e-05,8.95540360943414e-05,2.85100497876556e-07,0.0258530788123608,0.163483738899231,199.76299
505,drought_grid46819_microbe1014_all.pickle,5,12,35,1,0.0672648549079895,7.17670991434716e-05,5.93440818192903e-05,9.75158286564692e-07,0.0168408993631601,0.0610351599752903,1034.4291
506,drought_grid46819_microbe1014_all.pickle,6,12,23,1,0.0757441520690918,2.55098220804939e-05,8.29051059554331e-05,8.07212870768126e-07,0.0487916804850101,0.424245029687881,1293.4354
507,drought_grid46819_microbe1014_all.pickle,7,12,25,1,0.097904808819294,4.92711369588505e-05,4.55747940577567e-05,3.2967221841318e-07,0.023972786962986,0.142108976840973,2896.0422
508,drought_grid46819_microbe1014_all.pickle,8,12,14,1,0.0818983092904091,1.7961630874197e-05,3.94521521229763e-05,6.26384291990689e-07,0.0431248247623444,0.3598253428936,1562.9941
509,drought_grid46819_microbe1014_all.pickle,9,6,2,1,0.0543295703828335,5.52022174815647e-05,7.9210898547899e-05,7.75128626173682e-07,0.084260456264019,0.827446639537811,108.497536
510,drought_grid46819_microbe1014_all.pickle,10,12,25,1,0.0982491001486778,9.68129897955805e-05,7.74868240114301e-05,2.00673909489524e-07,0.0322742126882076,0.236477866768837,4794.8755
511,drought_grid46819_microbe1014_all.pickle,11,12,23,1,0.0939468592405319,4.34209323429968e-05,1.68276765180053e-05,8.66273182964505e-07,0.0806158408522606,0.786015450954437,7428.0254
512,drought_grid46819_microbe1014_all.pickle,12,12,22,1,0.0507564507424831,3.75552008335944e-05,2.73884888883913e-05,5.55420228920411e-07,0.0882321447134018,0.872595965862274,838.5092
513,drought_grid46819_microbe1014_all.pickle,13,12,26,1,0.0846844837069511,2.80330677924212e-05,4.86475983052514e-05,5.04360912145785e-07,0.0176365859806538,0.0700803622603416,1297.6914
514,drought_grid46819_microbe1014_all.pickle,14,12,11,1,0.0647300779819489,1.14907252282137e-05,2.40272529481445e-05,1.53907819822052e-07,0.0372146666049957,0.292639911174774,332.2467
515,drought_grid46819_microbe1014_all.pickle,15,12,33,1,0.0861057639122009,3.20642102451529e-05,1.32326413222472e-05,4.12506011571168e-07,0.0394270792603493,0.317790150642395,2932.0784
516,drought_grid46819_microbe1014_all.pickle,16,12,31,1,0.0797049626708031,4.01389079343062e-05,4.98512708873022e-05,6.7722533003689e-07,0.0627026036381721,0.5823814868927,3280.3428
517,drought_grid46819_microbe1014_all.pickle,17,12,20,1,0.0522178113460541,6.30589347565547e-05,3.29406320815906e-05,7.32956777937943e-07,0.0530691742897034,0.472870647907257,114.90856
518,drought_grid46819_microbe1014_all.pickle,18,12,23,1,0.0586499236524105,8.68377610458992e-05,6.99052907293662e-05,4.5454498831532e-07,0.0114717688411474,0,260.0567
519,drought_grid46819_microbe1014_all.pickle,19,12,32,1,0.0954964682459831,7.00337186572142e-05,9.95700538624078e-05,3.73387649688084e-07,0.0895830914378166,0.887953281402588,8646.194
520,drought_grid46819_microbe1014_all.pickle,20,11,17,1,0.0900735631585121,9.22424442251213e-05,7.19227900844999e-05,9.10191602088162e-07,0.0932803675532341,0.929983139038086,7331.0854
521,drought_grid46819_microbe1014_all.pickle,21,10,9,1,0.083176426589489,1.47895862028236e-05,2.07630273507675e-05,9.60694933382911e-07,0.0651524364948273,0.610230684280396,2634.2607
522,drought_grid46819_microbe1014_all.pickle,22,12,19,1,0.0691538080573082,7.85432348493487e-05,3.12418706016615e-05,4.73981629056652e-07,0.0299378838390112,0.209918960928917,930.51935
523,drought_grid46819_microbe1014_all.pickle,23,12,16,1,0.0712233036756516,8.33772646728903e-05,5.34202154085506e-05,8.27627388844121e-07,0.0568323396146297,0.515649557113647,986.0147
524,drought_grid46819_microbe1014_all.pickle,24,12,33,1,0.0882051140069962,5.24445677001495e-05,9.45354768191464e-05,6.65655363718543e-07,0.0564615987241268,0.511435091495514,3463.8093
525,drought_grid46819_microbe1014_all.pickle,25,12,28,1,0.0610210224986076,7.81827766331844e-05,6.55866388115101e-05,5.95420715399086e-07,0.0703842863440514,0.669705271720886,1122.953
526,moist_grid46819_microbe11089_all.pickle,1,12,29,1,0.0569787323474884,5.69563271710649e-05,8.44886162667535e-05,8.6105660557223e-07,0.0585009604692459,0.528075873851776,1781.4838
527,moist_grid46819_microbe11089_all.pickle,2,12,18,1,0.0643676444888115,3.23833264701534e-05,1.51765807459014e-05,3.34211762265113e-07,0.0126472022384405,0,1357.093
528,moist_grid46819_microbe11089_all.pickle,3,12,15,1,0.0588314086198807,9.87636958598159e-05,7.87996759754606e-05,3.09126846786967e-07,0.0734974071383476,0.700782835483551,2023.3248
529,moist_grid46819_microbe11089_all.pickle,4,11,19,1,0.0909985229372978,7.92144201113842e-05,1.24684402180719e-05,9.43250086038461e-07,0.0143912676721811,0.020085571333766,5132.924
530,moist_grid46819_microbe11089_all.pickle,5,12,29,1,0.0683186277747154,5.20650355610996e-05,1.79062826646259e-05,5.2788408311244e-07,0.0320848636329174,0.223854288458824,3046.5347
531,moist_grid46819_microbe11089_all.pickle,6,12,21,1,0.070209763944149,8.73595345183276e-05,3.63858343916945e-05,5.74615341975004e-07,0.0410921610891819,0.32758703827858,5667.7637
532,moist_grid46819_microbe11089_all.pickle,7,12,16,1,0.0824964940547943,6.32456503808498e-05,8.95039411261678e-05,4.23862530851693e-07,0.0636234283447266,0.587068915367126,7623.6377
533,moist_grid46819_microbe11089_all.pickle,8,12,15,1,0.0968459025025368,2.71152657660423e-05,5.12855112901889e-05,4.567808957745e-07,0.0473373979330063,0.399510443210602,7883.9863
534,moist_grid46819_microbe11089_all.pickle,9,12,34,1,0.0950481295585632,9.21446262509562e-05,8.85091503732838e-05,1.71433356399575e-07,0.0178017634898424,0.0593626275658607,6456.167
535,moist_grid46819_microbe11089_all.pickle,10,11,14,1,0.0632303133606911,5.44522481504828e-05,9.62408885243349e-05,9.89564227893425e-07,0.0249194707721472,0.141333878040314,503.61752
536,moist_grid46819_microbe11089_all.pickle,11,10,14,1,0.0612778142094612,3.56562122760806e-05,4.78342153655831e-05,8.9221941834694e-07,0.0792073011398315,0.766540944576263,1364.7277
537,moist_grid46819_microbe11089_all.pickle,12,12,18,1,0.0996754169464111,6.84682308929041e-05,6.6894746851176e-05,8.47525313929509e-07,0.0424225628376007,0.342908650636673,7905.5376
538,moist_grid46819_microbe11089_all.pickle,13,12,12,1,0.0762680619955063,9.48862943914719e-05,7.40471368771978e-05,6.60551734199544e-07,0.0307585820555687,0.208580136299133,1965.3511
539,moist_grid46819_microbe11089_all.pickle,14,12,4,1,0.0511133521795273,4.32915185228921e-05,4.13318739447277e-05,2.53125477911453e-07,0.0220553576946259,0.108349248766899,300.7431
540,moist_grid46819_microbe11089_all.pickle,15,6,3,1,0.0526039972901344,1.47503060361487e-05,2.87132206722163e-05,7.58652220156364e-07,0.0822624936699867,0.801726162433624,1.0427853
541,moist_grid46819_microbe11089_all.pickle,16,6,2,1,0.0674923211336136,4.70055347250309e-05,2.37915301113389e-05,6.92055664330837e-07,0.0513515658676624,0.44573974609375,5.6891823
542,moist_grid46819_microbe11089_all.pickle,17,12,34,1,0.0744113624095917,2.29249126277864e-05,3.16046898660716e-05,4.72735081302744e-07,0.0541522800922394,0.477994203567505,5163.0522
543,moist_grid46819_microbe11089_all.pickle,18,12,35,1,0.0723055079579353,2.93892226181924e-05,2.67211980826687e-05,5.38175413566933e-07,0.0994789600372314,1,7758.9556
544,moist_grid46819_microbe11089_all.pickle,19,11,15,1,0.0546949654817581,7.38777016522363e-05,5.41707886441145e-05,2.03907177365181e-07,0.0708622261881828,0.670434713363647,842.2762
545,moist_grid46819_microbe11089_all.pickle,20,12,26,1,0.080175906419754,4.01937868446112e-05,7.52827327232808e-05,1.04940454548341e-07,0.0643886476755142,0.595881581306458,7302.1465
546,moist_grid46819_microbe11089_all.pickle,21,4,1,1,0.0793578773736954,1.2869264537585e-05,6.37550401734188e-05,6.19969398485409e-07,0.0922898575663567,0.917206525802612,21.935186
547,moist_grid46819_microbe11089_all.pickle,22,10,20,1,0.0887404158711433,6.55494295642711e-05,4.51985033578239e-05,3.85069711228425e-07,0.096211351454258,0.962368488311768,53.457466
548,moist_grid46819_microbe11089_all.pickle,23,10,11,1,0.0864959880709648,2.04037041839911e-05,5.80398555030115e-05,2.08494981279728e-07,0.0373114980757236,0.284046947956085,6400.3115
549,moist_grid46819_microbe11089_all.pickle,24,12,16,1,0.0853515937924385,8.53973688208498e-05,9.93668072624132e-05,8.12664666227647e-07,0.0777949765324593,0.750275909900665,7905.3726
550,moist_grid46819_microbe11089_all.pickle,25,12,38,1,0.0933027863502502,7.5923278927803e-05,6.77615680615418e-05,7.28506336145074e-07,0.0862943455576897,0.848159074783325,6905.3276
551,drought_grid46819_microbe1023_all.pickle,1,12,33,1,0.0620041862130165,6.43438906990923e-05,1.8780339814839e-05,6.67130279907724e-07,0.0957397520542145,0.965875267982483,5305.526
552,drought_grid46819_microbe1023_all.pickle,2,9,0,1,0.0777557790279388,7.8087869042065e-05,7.58888272684999e-05,7.45760871723178e-07,0.0106720831245184,0,97.14261
553,drought_grid46819_microbe1023_all.pickle,3,12,26,1,0.0603247620165348,4.66813471575733e-05,8.46528855618089e-05,5.69325493415818e-07,0.0339831411838531,0.264678388834,239.32413
554,drought_grid46819_microbe1023_all.pickle,4,12,34,1,0.093331091105938,7.42584015824832e-05,9.76634109974839e-05,1.63613620429715e-07,0.046148058027029,0.402801305055618,4496.744
555,drought_grid46819_microbe1023_all.pickle,5,12,28,1,0.0748966485261917,2.35326206166064e-05,9.25968633964658e-05,8.18752994291572e-07,0.087560661137104,0.873008191585541,4795.3213
556,drought_grid46819_microbe1023_all.pickle,6,10,7,1,0.070834293961525,5.68640170968138e-05,5.76735765207559e-05,6.28974532901339e-07,0.0892583578824997,0.892284214496613,65.09497
557,drought_grid46819_microbe1023_all.pickle,7,12,28,1,0.0918982475996017,4.41436313849408e-05,4.15785361838061e-05,9.8870771125803e-07,0.0543199479579926,0.495586544275284,4143.5464
558,drought_grid46819_microbe1023_all.pickle,8,12,9,1,0.0519361309707165,3.80339661205653e-05,2.83540321106557e-05,4.30936154316441e-07,0.0165368113666773,0.0665892958641052,68.25695
559,drought_grid46819_microbe1023_all.pickle,9,5,1,1,0.0731429532170296,3.09106799250003e-05,4.45834157289937e-05,4.13910157703867e-07,0.058973953127861,0.548429012298584,1.8995956
560,drought_grid46819_microbe1023_all.pickle,10,12,26,1,0.089940570294857,1.67827729455894e-05,9.51704714680091e-05,2.76591293868478e-07,0.0810496807098389,0.799081265926361,5951.5884
561,drought_grid46819_microbe1023_all.pickle,11,12,15,1,0.0521201975643635,8.86810594238341e-05,8.82714666659012e-05,8.30212059099722e-07,0.0619739778339863,0.582491934299469,135.47609
562,drought_grid46819_microbe1023_all.pickle,12,12,30,1,0.0651256814599037,3.51926319126505e-05,2.36175947065931e-05,4.66332153337135e-07,0.0987452268600464,1,6399.855
563,drought_grid46819_microbe1023_all.pickle,13,12,16,1,0.0988963693380356,8.19870183477178e-05,6.24111853539944e-05,3.11016208343062e-07,0.0716169103980064,0.691979706287384,6523.7417
564,drought_grid46819_microbe1023_all.pickle,14,11,20,1,0.055890154093504,2.05910455406411e-05,5.09973942826036e-05,5.61479168936785e-07,0.0759396329522133,0.741060733795166,301.5065
565,drought_grid46819_microbe1023_all.pickle,15,5,1,1,0.0578814074397087,5.0538841605885e-05,2.5297500542365e-05,8.69932307523413e-07,0.0848093777894974,0.841769576072693,28.86688
566,drought_grid46819_microbe1023_all.pickle,16,12,23,1,0.0804580226540565,8.23072623461485e-05,3.51335002051201e-05,9.58115037974494e-07,0.0642818585038185,0.608696043491364,4680.5757
567,drought_grid46819_microbe1023_all.pickle,17,9,4,1,0.0589950531721115,2.50089815381216e-05,1.71789106389042e-05,3.30277288185243e-07,0.0300628393888474,0.220166504383087,147.23784
568,drought_grid46819_microbe1023_all.pickle,18,8,6,1,0.0846918895840645,5.42097368452232e-05,7.00543168932199e-05,3.58848438963832e-07,0.0681841522455215,0.653003454208374,3011.5195
569,drought_grid46819_microbe1023_all.pickle,19,12,31,1,0.086938239634037,6.80802695569582e-05,6.62433740217239e-05,7.79845152010239e-07,0.0387596897780895,0.318912267684937,3475.0254
570,drought_grid46819_microbe1023_all.pickle,20,12,20,1,0.0698054805397987,1.35539421535213e-05,7.3614704888314e-05,9.00118038771325e-07,0.0411953181028366,0.346566885709763,476.30038
571,drought_grid46819_microbe1023_all.pickle,21,12,9,1,0.079811803996563,6.05459063081071e-05,5.50002296222374e-05,5.03576643495762e-07,0.0452433042228222,0.392528563737869,839.07745
572,drought_grid46819_microbe1023_all.pickle,22,12,35,1,0.067971371114254,8.9838242274709e-05,1.17292174763861e-05,7.09686389654962e-07,0.0255755018442869,0.169216379523277,689.7437
573,drought_grid46819_microbe1023_all.pickle,23,11,11,1,0.0961161926388741,9.51185429585166e-05,4.93646621180233e-05,1.02573416427276e-07,0.0179922394454479,0.0831145122647285,3999.2915
574,drought_grid46819_microbe1023_all.pickle,24,12,17,1,0.0957333147525787,9.91677734418772e-05,8.07970864116214e-05,1.74465640156996e-07,0.0520399175584316,0.469698667526245,4947.247
575,drought_grid46819_microbe1023_all.pickle,25,12,31,1,0.0837549194693565,4.20300748373847e-05,3.75727249775082e-05,2.36801469100101e-07,0.0225383620709181,0.134732097387314,1799.3171
576,drought_grid46819_microbe11089_all.pickle,1,12,29,1,0.0569787323474884,5.69563271710649e-05,8.44886162667535e-05,8.6105660557223e-07,0.0585009604692459,0.528075873851776,601.9526
577,drought_grid46819_microbe11089_all.pickle,2,12,18,1,0.0643676444888115,3.23833264701534e-05,1.51765807459014e-05,3.34211762265113e-07,0.0126472022384405,0,226.494
578,drought_grid46819_microbe11089_all.pickle,3,12,15,1,0.0588314086198807,9.87636958598159e-05,7.87996759754606e-05,3.09126846786967e-07,0.0734974071383476,0.700782835483551,1064.7914
579,drought_grid46819_microbe11089_all.pickle,4,11,19,1,0.0909985229372978,7.92144201113842e-05,1.24684402180719e-05,9.43250086038461e-07,0.0143912676721811,0.020085571333766,1340.9526
580,drought_grid46819_microbe11089_all.pickle,5,12,29,1,0.0683186277747154,5.20650355610996e-05,1.79062826646259e-05,5.2788408311244e-07,0.0320848636329174,0.223854288458824,684.6232
581,drought_grid46819_microbe11089_all.pickle,6,12,21,1,0.070209763944149,8.73595345183276e-05,3.63858343916945e-05,5.74615341975004e-07,0.0410921610891819,0.32758703827858,2130.8962
582,drought_grid46819_microbe11089_all.pickle,7,12,16,1,0.0824964940547943,6.32456503808498e-05,8.95039411261678e-05,4.23862530851693e-07,0.0636234283447266,0.587068915367126,4706.8193
583,drought_grid46819_microbe11089_all.pickle,8,12,15,1,0.0968459025025368,2.71152657660423e-05,5.12855112901889e-05,4.567808957745e-07,0.0473373979330063,0.399510443210602,3943.0764
584,drought_grid46819_microbe11089_all.pickle,9,12,34,1,0.0950481295585632,9.21446262509562e-05,8.85091503732838e-05,1.71433356399575e-07,0.0178017634898424,0.0593626275658607,4207.206
585,drought_grid46819_microbe11089_all.pickle,10,11,14,1,0.0632303133606911,5.44522481504828e-05,9.62408885243349e-05,9.89564227893425e-07,0.0249194707721472,0.141333878040314,88.91694
586,drought_grid46819_microbe11089_all.pickle,11,10,14,1,0.0612778142094612,3.56562122760806e-05,4.78342153655831e-05,8.9221941834694e-07,0.0792073011398315,0.766540944576263,749.64453
587,drought_grid46819_microbe11089_all.pickle,12,12,18,1,0.0996754169464111,6.84682308929041e-05,6.6894746851176e-05,8.47525313929509e-07,0.0424225628376007,0.342908650636673,5298.6665
588,drought_grid46819_microbe11089_all.pickle,13,12,12,1,0.0762680619955063,9.48862943914719e-05,7.40471368771978e-05,6.60551734199544e-07,0.0307585820555687,0.208580136299133,315.17792
589,drought_grid46819_microbe11089_all.pickle,14,12,4,1,0.0511133521795273,4.32915185228921e-05,4.13318739447277e-05,2.53125477911453e-07,0.0220553576946259,0.108349248766899,81.37066
590,drought_grid46819_microbe11089_all.pickle,15,6,3,1,0.0526039972901344,1.47503060361487e-05,2.87132206722163e-05,7.58652220156364e-07,0.0822624936699867,0.801726162433624,6.249073
591,drought_grid46819_microbe11089_all.pickle,16,6,2,1,0.0674923211336136,4.70055347250309e-05,2.37915301113389e-05,6.92055664330837e-07,0.0513515658676624,0.44573974609375,1.8422116
592,drought_grid46819_microbe11089_all.pickle,17,12,34,1,0.0744113624095917,2.29249126277864e-05,3.16046898660716e-05,4.72735081302744e-07,0.0541522800922394,0.477994203567505,1582.8625
593,drought_grid46819_microbe11089_all.pickle,18,12,35,1,0.0723055079579353,2.93892226181924e-05,2.67211980826687e-05,5.38175413566933e-07,0.0994789600372314,1,11600.166
594,drought_grid46819_microbe11089_all.pickle,19,11,15,1,0.0546949654817581,7.38777016522363e-05,5.41707886441145e-05,2.03907177365181e-07,0.0708622261881828,0.670434713363647,361.10654
595,drought_grid46819_microbe11089_all.pickle,20,12,26,1,0.080175906419754,4.01937868446112e-05,7.52827327232808e-05,1.04940454548341e-07,0.0643886476755142,0.595881581306458,3787.942
596,drought_grid46819_microbe11089_all.pickle,21,4,1,1,0.0793578773736954,1.2869264537585e-05,6.37550401734188e-05,6.19969398485409e-07,0.0922898575663567,0.917206525802612,24.076492
597,drought_grid46819_microbe11089_all.pickle,22,10,20,1,0.0887404158711433,6.55494295642711e-05,4.51985033578239e-05,3.85069711228425e-07,0.096211351454258,0.962368488311768,125.071396
598,drought_grid46819_microbe11089_all.pickle,23,10,11,1,0.0864959880709648,2.04037041839911e-05,5.80398555030115e-05,2.08494981279728e-07,0.0373114980757236,0.284046947956085,1581.3496
599,drought_grid46819_microbe11089_all.pickle,24,12,16,1,0.0853515937924385,8.53973688208498e-05,9.93668072624132e-05,8.12664666227647e-07,0.0777949765324593,0.750275909900665,6817.743
600,drought_grid46819_microbe11089_all.pickle,25,12,38,1,0.0933027863502502,7.5923278927803e-05,6.77615680615418e-05,7.28506336145074e-07,0.0862943455576897,0.848159074783325,7183.0815
601,drought_grid46819_microbe1114_all.pickle,1,12,13,1,0.0868769660592079,6.75219780532643e-05,5.41884837730322e-05,8.66907953422924e-07,0.081381119787693,0.820367813110352,3131.193
602,drought_grid46819_microbe1114_all.pickle,2,12,14,1,0.0995000749826431,8.49827556521632e-05,5.92554752074648e-05,2.08708058835327e-07,0.096408911049366,1,12255.054
603,drought_grid46819_microbe1114_all.pickle,3,12,37,1,0.0938869416713715,9.44828352658078e-05,3.67267966794316e-05,2.06008323289097e-07,0.0447136498987675,0.382069319486618,5010.7583
604,drought_grid46819_microbe1114_all.pickle,4,12,29,1,0.057762261480093,5.74759687879123e-05,8.08993063401431e-05,2.79193216101703e-07,0.0499046109616756,0.444118618965149,581.8326
605,drought_grid46819_microbe1114_all.pickle,5,11,9,1,0.0771245807409286,8.05707750259899e-05,7.5369949627202e-05,4.63500498426583e-07,0.0688976272940636,0.671148419380188,546.8567
606,drought_grid46819_microbe1114_all.pickle,6,11,6,1,0.0632932335138321,6.95554335834458e-05,6.91110617481172e-05,3.84478596515692e-07,0.0621985793113708,0.591072499752045,521.87036
607,drought_grid46819_microbe1114_all.pickle,7,9,6,1,0.0819239020347595,4.35232759627979e-05,1.27627408801345e-05,9.54694542087964e-07,0.0199916232377291,0.0865587368607521,74.49245
608,drought_grid46819_microbe1114_all.pickle,8,12,29,1,0.0836671590805054,1.37847682708525e-05,4.22933990193997e-05,7.98905318788456e-07,0.0727784112095833,0.717536747455597,2205.987
609,drought_grid46819_microbe1114_all.pickle,9,12,23,1,0.0892438888549805,1.32409359139274e-05,8.58459970913827e-05,9.04671537682589e-07,0.0841330513358116,0.853262543678284,7395.092
610,drought_grid46819_microbe1114_all.pickle,10,12,13,1,0.0856198742985725,9.69755055848509e-05,3.36287885147613e-05,5.77381513267028e-07,0.0570518411695957,0.529551804065704,1084.0159
611,drought_grid46819_microbe1114_all.pickle,11,12,20,1,0.0736343488097191,4.04263591917697e-05,7.35273570171557e-05,6.87968451984489e-07,0.0491389036178589,0.434965848922729,639.158
612,drought_grid46819_microbe1114_all.pickle,12,12,18,1,0.0787932649254799,3.05534522340167e-05,1.41168411573744e-05,2.82563803466473e-07,0.0311077311635017,0.219433262944221,790.8336
613,drought_grid46819_microbe1114_all.pickle,13,11,23,1,0.0598160848021507,6.22733205091208e-05,4.66843230242375e-05,6.14831776601932e-07,0.0554004199802876,0.509811818599701,266.42462
614,drought_grid46819_microbe1114_all.pickle,14,10,3,1,0.0662067979574203,7.23662524251267e-05,8.37257466628216e-05,7.63161381200916e-07,0.0349390022456646,0.26522970199585,92.29127
615,drought_grid46819_microbe1114_all.pickle,15,12,17,1,0.0708102062344551,2.31831709243124e-05,2.74536669166991e-05,5.54083896986413e-07,0.0859634280204773,0.875141680240631,2972.8696
616,drought_grid46819_microbe1114_all.pickle,16,11,9,1,0.0689785107970238,4.81721908727195e-05,2.20993679249659e-05,1.21909309314105e-07,0.0156060373410583,0.0341363735496998,265.26093
617,drought_grid46819_microbe1114_all.pickle,17,7,1,1,0.0748886540532112,5.00103706144728e-05,4.32127526437398e-05,7.21239018730557e-07,0.0382770970463753,0.305131077766418,1.8606017
618,drought_grid46819_microbe1114_all.pickle,18,7,0,1,0.0959363281726837,5.62910463486332e-05,9.14086267584935e-05,6.52747417007049e-07,0.0410250686109066,0.337978482246399,29.314962
619,drought_grid46819_microbe1114_all.pickle,19,12,21,1,0.0549039952456951,9.20459133340046e-05,1.95337506738724e-05,4.35023963518688e-07,0.0649511739611626,0.623975157737732,188.66075
620,drought_grid46819_microbe1114_all.pickle,20,12,30,1,0.0517201721668243,1.8617221940076e-05,6.66111154714599e-05,3.17705200814089e-07,0.0277041997760534,0.178749725222588,77.50653
621,drought_grid46819_microbe1114_all.pickle,21,12,36,1,0.0919973403215408,7.66910598031245e-05,5.26708536199294e-05,9.72725729297963e-07,0.0127502335235476,0,4008.473
622,drought_grid46819_microbe1114_all.pickle,22,12,35,1,0.053092285990715,2.69159972958732e-05,9.31887698243372e-05,3.94454929164567e-07,0.0946195051074028,0.978610634803772,2116.9485
623,drought_grid46819_microbe1114_all.pickle,23,11,17,1,0.0977631881833076,3.5094162740279e-05,2.97992519335821e-05,8.31219551855611e-07,0.0755101293325424,0.750189900398254,4977.5967
624,drought_grid46819_microbe1114_all.pickle,24,4,1,1,0.0650863721966743,8.76495032571256e-05,9.9955839687027e-05,1.59280872935597e-07,0.0905046686530113,0.929424643516541,108.867424
625,drought_grid46819_microbe1114_all.pickle,25,11,14,1,0.0617903843522072,3.87022155337036e-05,6.11966170254163e-05,5.15397800882056e-07,0.0238365009427071,0.132517844438553,250.01346
626,drought_grid46819_microbe1209_all.pickle,1,12,31,1,0.0835909023880959,6.44428509986028e-05,2.99008224828867e-05,1.75758756881805e-07,0.0313102528452873,0.212304681539536,2061.6387
627,drought_grid46819_microbe1209_all.pickle,2,12,22,1,0.0663517117500305,4.20747965108603e-05,8.10346682555974e-05,3.53231854433034e-07,0.0207839421927929,0.0867925062775612,294.5318
628,drought_grid46819_microbe1209_all.pickle,3,12,29,1,0.0902921631932259,3.28415844705887e-05,6.47772467345931e-05,7.99614383595326e-07,0.0893632769584656,0.904509305953979,9554.439
629,drought_grid46819_microbe1209_all.pickle,4,12,20,1,0.0724398866295815,9.39788951654918e-05,7.16543872840703e-05,3.98392813849568e-07,0.014574090950191,0.0127483382821083,351.6211
630,drought_grid46819_microbe1209_all.pickle,5,12,29,1,0.0529959425330162,4.29511928814463e-05,6.95042763254605e-05,9.10611390736449e-07,0.0623225905001163,0.582085371017456,253.07536
631,drought_grid46819_microbe1209_all.pickle,6,12,8,1,0.058116503059864,5.55318729311693e-05,1.67576108651701e-05,8.64787921273091e-07,0.0814315527677536,0.809934139251709,1522.7365
632,drought_grid46819_microbe1209_all.pickle,7,12,38,1,0.0712597966194153,1.54452354763635e-05,8.56908445712179e-05,7.00839962064492e-07,0.0716532915830612,0.693341434001923,1084.7745
633,drought_grid46819_microbe1209_all.pickle,8,11,14,1,0.0751978680491447,5.84210320084821e-05,3.35383992933203e-05,5.69991925658542e-07,0.0461029708385468,0.388688027858734,1183.6342
634,drought_grid46819_microbe1209_all.pickle,9,12,17,1,0.0652568116784096,7.96928361523896e-05,4.2123552702833e-05,2.45286372546616e-07,0.0579058304429054,0.529421329498291,436.13022
635,drought_grid46819_microbe1209_all.pickle,10,12,32,1,0.094112865626812,8.41746223159134e-05,5.54838552488945e-05,2.34002584420523e-07,0.0322783142328262,0.223847523331642,3167.87
636,drought_grid46819_microbe1209_all.pickle,11,12,15,1,0.0933507606387138,7.47370286262594e-05,7.69743055570871e-05,9.55738869379275e-07,0.0135049279779196,0,2059.1536
637,drought_grid46819_microbe1209_all.pickle,12,8,8,1,0.0762335285544395,6.17182449786924e-05,5.91126190556679e-05,4.38019355897268e-07,0.0973717793822289,1,478.91632
638,drought_grid46819_microbe1209_all.pickle,13,12,24,1,0.0804606303572655,2.16223361348966e-05,6.21662329649553e-05,6.5959835637841e-07,0.0232488811016083,0.11618360877037,303.55447
639,drought_grid46819_microbe1209_all.pickle,14,12,34,1,0.0576059259474277,9.65580911724828e-05,1.81574450834887e-05,5.18897138590546e-07,0.0415575727820396,0.334490269422531,472.95517
640,drought_grid46819_microbe1209_all.pickle,15,12,13,1,0.0699498131871223,7.54337306716479e-05,1.02337799035013e-05,1.36710923470673e-07,0.0518948026001453,0.457747936248779,724.20734
641,drought_grid46819_microbe1209_all.pickle,16,12,30,1,0.0981466695666313,6.9188216002658e-05,3.76007774320897e-05,8.22417973722622e-07,0.0839931517839432,0.840477764606476,8056.8877
642,drought_grid46819_microbe1209_all.pickle,17,12,9,1,0.0506208166480064,5.20521207363345e-05,4.51334708486684e-05,3.51486136196399e-07,0.0554062202572823,0.499616831541061,146.98148
643,drought_grid46819_microbe1209_all.pickle,18,12,14,1,0.088821716606617,2.68031617451925e-05,8.21134817670099e-05,5.35921799382777e-07,0.0677461177110672,0.64675360918045,3428.6953
644,drought_grid46819_microbe1209_all.pickle,19,12,36,1,0.0548340901732445,4.80929666082375e-05,4.67447825940326e-05,2.80280858078186e-07,0.0256999675184488,0.145409539341927,97.50504
645,drought_grid46819_microbe1209_all.pickle,20,12,22,1,0.0971008241176605,1.7359277990181e-05,5.08952216478065e-05,7.80168534220138e-07,0.0881076231598854,0.889537334442139,9853.961
646,drought_grid46819_microbe1209_all.pickle,21,12,33,1,0.0846390798687935,1.23843701658188e-05,9.34224735829048e-05,1.3242831187199e-07,0.0941648781299591,0.961762011051178,10817.942
647,drought_grid46819_microbe1209_all.pickle,22,12,35,1,0.0610189847648144,3.58647193934303e-05,2.49403456109576e-05,7.15181158739142e-07,0.0447292290627956,0.372308015823364,290.3122
648,drought_grid46819_microbe1209_all.pickle,23,11,5,1,0.0866228044033051,8.83555185282603e-05,9.73726346273907e-05,6.18555134224152e-07,0.0756807252764702,0.741363167762756,1781.7338
649,drought_grid46819_microbe1209_all.pickle,24,12,9,1,0.0796402022242546,3.10757568513509e-05,2.21329300984507e-05,9.74365093497909e-07,0.0377851240336895,0.289508849382401,428.38837
650,drought_grid46819_microbe1209_all.pickle,25,12,21,1,0.0623992644250393,9.02136016520672e-05,8.99224323802628e-05,4.89598107833444e-07,0.065668135881424,0.621976435184479,1027.0828
651,drought_grid46819_microbe1210_all.pickle,1,12,14,1,0.0838104039430618,7.60125549277291e-05,3.81854515580926e-05,4.91462174068147e-07,0.0865437090396881,0.861491978168488,7875.5513
652,drought_grid46819_microbe1210_all.pickle,2,12,28,1,0.0580159947276115,8.16904721432365e-05,9.5170944405254e-05,2.51341504053926e-07,0.0166445448994637,0.0629962384700775,313.26605
653,drought_grid46819_microbe1210_all.pickle,3,12,30,1,0.0884082019329071,3.87032705475576e-05,6.68647335260175e-05,9.66622451414878e-07,0.0748597979545593,0.728020370006561,5061.29
654,drought_grid46819_microbe1210_all.pickle,4,12,33,1,0.0926445350050926,7.30821484467015e-05,8.38059204397723e-05,5.84104441259115e-07,0.050867073237896,0.453938573598862,3535.2295
655,drought_grid46819_microbe1210_all.pickle,5,12,25,1,0.091200478374958,4.23257224611007e-05,5.09421079186723e-05,6.04477065735409e-07,0.021285330876708,0.116010427474976,899.2885
656,drought_grid46819_microbe1210_all.pickle,6,12,29,1,0.0854194685816765,6.58303397358395e-05,8.01029236754403e-05,3.44333471957725e-07,0.0657005086541176,0.623388886451721,5593.401
657,drought_grid46819_microbe1210_all.pickle,7,8,2,1,0.0720399171113968,8.47430783323944e-05,1.56557180162054e-05,4.13001515653377e-07,0.0578952617943287,0.534225344657898,5.3837323
658,drought_grid46819_microbe1210_all.pickle,8,12,26,1,0.0671073645353317,2.97600363410311e-05,6.90057859173976e-05,2.37793940982556e-07,0.0453582890331745,0.391008764505386,464.75732
659,drought_grid46819_microbe1210_all.pickle,9,8,3,1,0.0871668756008148,8.57326594996266e-05,2.63980564341182e-05,8.93534263468609e-07,0.0900106653571129,0.901096880435944,2254.615
660,drought_grid46819_microbe1210_all.pickle,10,12,22,1,0.0719685479998589,4.91435166622978e-05,5.77698920096736e-05,1.50505044871352e-07,0.0269580520689487,0.18081296980381,698.697
661,drought_grid46819_microbe1210_all.pickle,11,12,29,1,0.0628907606005669,5.54016769456211e-05,4.76467648695689e-05,1.30595367409114e-07,0.0486241206526756,0.428316116333008,590.0893
662,drought_grid46819_microbe1210_all.pickle,12,12,22,1,0.099245198071003,2.26836564252153e-05,1.24675789265893e-05,7.96316840023792e-07,0.0941092893481255,0.947917699813843,12375.057
663,drought_grid46819_microbe1210_all.pickle,13,12,18,1,0.0519868545234203,6.19348502368666e-05,9.18916848604567e-05,1.9274880003195e-07,0.0203270390629768,0.10506334900856,124.84824
664,drought_grid46819_microbe1210_all.pickle,14,12,1,1,0.0814248993992805,1.15577249744092e-05,2.87320872303098e-05,9.32956879751146e-07,0.0986685007810593,1,9449.909
665,drought_grid46819_microbe1210_all.pickle,15,12,34,1,0.0528187789022923,9.35991993173957e-05,3.48856883647386e-05,4.49360669563248e-07,0.0689947083592415,0.661020338535309,400.51233
666,drought_grid46819_microbe1210_all.pickle,16,12,19,1,0.0603879615664482,5.8688110584626e-05,1.9123574020341e-05,6.77709692809003e-07,0.0747457966208458,0.726718068122864,820.49646
667,drought_grid46819_microbe1210_all.pickle,17,12,32,1,0.0649924650788307,3.30857874359936e-05,3.93176815123297e-05,5.19221941885917e-07,0.055581659078598,0.507795810699463,594.64026
668,drought_grid46819_microbe1210_all.pickle,18,12,31,1,0.0558117292821407,9.2430564109236e-05,9.75005168584175e-05,8.66455536652211e-07,0.0340759456157684,0.262124508619308,158.0361
669,drought_grid46819_microbe1210_all.pickle,19,11,1,1,0.0682379975914955,7.11849133949727e-05,4.49946492153686e-05,3.71745500160614e-07,0.0111299455165863,0,58.929585
670,drought_grid46819_microbe1210_all.pickle,20,11,15,1,0.0790145248174667,1.59141745825764e-05,7.38639355404302e-05,8.39707070099394e-07,0.081543393433094,0.804370701313019,2499.8188
671,drought_grid46819_microbe1210_all.pickle,21,10,8,1,0.0768566280603409,2.72184897767147e-05,8.91882154974155e-05,7.65304491778807e-07,0.0634105205535889,0.59722912311554,362.70947
672,drought_grid46819_microbe1210_all.pickle,22,12,39,1,0.0941848307847977,1.9357807104825e-05,5.47331037523691e-05,3.12540890945456e-07,0.0400032289326191,0.329835057258606,2045.1447
673,drought_grid46819_microbe1210_all.pickle,23,11,18,1,0.0964786782860756,5.20033354405314e-05,2.30337027460337e-05,5.5501709539385e-07,0.0846002027392387,0.839290261268616,2606.312
674,drought_grid46819_microbe1210_all.pickle,24,11,13,1,0.0749810785055161,4.49190083600115e-05,7.57393790991046e-05,7.1481849772681e-07,0.0281634945422411,0.194583386182785,237.94955
675,drought_grid46819_microbe1210_all.pickle,25,11,10,1,0.0571292005479336,9.99401963781565e-05,6.22506049694493e-05,6.40069742985361e-07,0.0373376123607159,0.299384266138077,167.98462
676,drought_grid46819_microbe1510_all.pickle,1,10,10,1,0.0714131593704224,9.19903977774084e-05,8.70188596309163e-05,1.39212417593626e-07,0.0608266182243824,0.566630303859711,60.38806
677,drought_grid46819_microbe1510_all.pickle,2,12,5,1,0.078262023627758,8.65675319801085e-05,6.52983653708361e-05,1.753518716896e-07,0.0961332842707634,0.984871923923492,9152.517
678,drought_grid46819_microbe1510_all.pickle,3,7,6,1,0.0888003334403038,2.03669078473467e-05,7.32417684048414e-05,9.92518152997945e-07,0.0422516837716103,0.346592277288437,2.2937665
679,drought_grid46819_microbe1510_all.pickle,4,12,36,1,0.0571219548583031,2.34501258091768e-05,7.87617827882059e-05,8.78868945619615e-07,0.0144170708954334,0.0168643612414598,181.57324
680,drought_grid46819_microbe1510_all.pickle,5,12,5,1,0.0978695377707481,8.390199218411e-05,2.26421798288357e-05,4.66469032289751e-07,0.0129934335127473,0,663.82764
681,drought_grid46819_microbe1510_all.pickle,6,12,12,1,0.0514607727527618,5.66030357731506e-05,8.93372780410573e-05,6.96306130976154e-07,0.0974103510379791,1,1357.626
682,drought_grid46819_microbe1510_all.pickle,7,12,28,1,0.0987834110856056,4.51991363661364e-05,9.89207910606638e-05,7.28727400201024e-07,0.0599996410310268,0.556833982467651,5609.2466
683,drought_grid46819_microbe1510_all.pickle,8,12,16,1,0.0770393386483192,4.78009351354558e-05,2.88734790956369e-05,8.31625698083371e-07,0.0669833123683929,0.6395623087883,2258.7085
684,drought_grid46819_microbe1510_all.pickle,9,11,11,1,0.0608062520623207,9.34944764594547e-05,6.90670203766786e-05,8.14557722605969e-07,0.0503433533012867,0.442445904016495,64.1905
685,drought_grid46819_microbe1510_all.pickle,10,6,3,1,0.0803641229867935,9.90764383459464e-05,3.32344097841997e-05,2.45329630388369e-07,0.0483386740088463,0.41869854927063,0.7771568
686,drought_grid46819_microbe1510_all.pickle,11,7,0,1,0.0585387833416462,6.82888567098416e-05,5.06114338350017e-05,6.4045099179566e-07,0.0248882193118334,0.140905231237411,0.75447804
687,drought_grid46819_microbe1510_all.pickle,12,12,29,1,0.0542212463915348,3.49730471498333e-05,7.49481041566469e-05,7.48358559121698e-07,0.0334149263799191,0.241912335157394,91.30969
688,drought_grid46819_microbe1510_all.pickle,13,11,11,1,0.0641862973570824,3.06341898976825e-05,9.55126452026889e-05,5.88381169563945e-07,0.0776463970541954,0.765876889228821,734.37665
689,drought_grid46819_microbe1510_all.pickle,14,10,12,1,0.0672124549746513,7.99823901616037e-05,1.82565472641727e-05,5.44875319974381e-07,0.0433904565870762,0.360082119703293,104.08809
690,drought_grid46819_microbe1510_all.pickle,15,12,29,1,0.0834260210394859,6.20627470198087e-05,3.87330146622844e-05,5.03570390719688e-07,0.0385075695812702,0.302239626646042,1956.6849
691,drought_grid46819_microbe1510_all.pickle,16,11,7,1,0.09110127389431,6.63720129523426e-05,4.48569262516685e-05,1.07365693224892e-07,0.0708935931324959,0.685883343219757,7999.102
692,drought_grid46819_microbe1510_all.pickle,17,11,14,1,0.0939265787601471,7.18698938726448e-05,5.8429086493561e-05,2.83502714637507e-07,0.0832755714654922,0.832559883594513,11228.303
693,drought_grid46819_microbe1510_all.pickle,18,12,28,1,0.063285805284977,5.21583169756923e-05,1.12215639092028e-05,9.47204739532026e-07,0.0801147297024727,0.795116662979126,1131.556
694,drought_grid46819_microbe1510_all.pickle,19,12,21,1,0.0536153875291348,5.69698422623333e-05,4.22286211687606e-05,3.81254238845941e-07,0.0537472367286682,0.482768207788467,295.18094
695,drought_grid46819_microbe1510_all.pickle,20,12,7,1,0.0845494344830513,7.58620881242678e-05,6.37585908407345e-05,2.12338832739078e-07,0.0201068706810474,0.0842655375599861,315.3092
696,drought_grid46819_microbe1510_all.pickle,21,12,37,1,0.0955207124352455,4.07879633712582e-05,4.68084399471991e-05,9.27524922644807e-07,0.0281702037900686,0.179783508181572,3872.5784
697,drought_grid46819_microbe1510_all.pickle,22,12,35,1,0.0731528997421265,3.74780465790536e-05,5.32987360202242e-05,4.16973563233114e-07,0.0239952355623245,0.130326986312866,738.9237
698,drought_grid46819_microbe1510_all.pickle,23,10,15,1,0.0868931710720062,1.35064210553537e-05,8.23239170131274e-05,6.28614998277044e-07,0.0892216712236404,0.902997195720673,830.19244
699,drought_grid46819_microbe1510_all.pickle,24,12,9,1,0.0698260366916656,1.62745145644294e-05,1.54658209794434e-05,3.16301765224125e-07,0.0880382433533669,0.88897830247879,3248.7754
700,drought_grid46819_microbe1510_all.pickle,25,12,33,1,0.075689785182476,2.51899418799439e-05,2.7526548365131e-05,4.24480134597616e-07,0.0738005489110947,0.720319092273712,2280.8545
701,drought_grid46819_microbe1923_all.pickle,1,11,20,1,0.0989628583192825,2.74525282293325e-05,4.32193410233594e-05,1.02390153244869e-07,0.0445780269801617,0.390761911869049,3138.6257
702,drought_grid46819_microbe1923_all.pickle,2,9,1,1,0.0577006824314594,5.76481688767672e-05,1.55153084051562e-05,1.86802211032955e-07,0.0967613235116005,1,3380.581
703,drought_grid46819_microbe1923_all.pickle,3,12,39,1,0.0941644608974457,9.87168750725687e-05,1.76914290932473e-05,4.74399143968185e-07,0.0774392411112785,0.774415373802185,5998.442
704,drought_grid46819_microbe1923_all.pickle,4,12,38,1,0.0724311545491219,6.96052520652302e-05,7.61890478315763e-05,5.03655542161141e-07,0.0210075862705708,0.115577824413776,1635.5573
705,drought_grid46819_microbe1923_all.pickle,5,12,30,1,0.0976536273956299,3.04710774798878e-05,8.31057695904747e-05,2.89683612209046e-07,0.0841469094157219,0.852727174758911,8257.163
706,drought_grid46819_microbe1923_all.pickle,6,8,1,1,0.0767057165503502,3.35191216436215e-05,1.03037436929299e-05,4.21256686422566e-07,0.0962275341153145,0.993768036365509,832.47845
707,drought_grid46819_microbe1923_all.pickle,7,12,2,1,0.0653796941041946,8.65454931044951e-05,2.14347728615394e-05,8.51049264838366e-07,0.086601085960865,0.8813796043396,2052.7212
708,drought_grid46819_microbe1923_all.pickle,8,12,15,1,0.0674894526600838,1.96451128431363e-05,8.13359438325278e-05,5.43246358120086e-07,0.0418915078043938,0.359396874904633,574.27026
709,drought_grid46819_microbe1923_all.pickle,9,12,24,1,0.0702118501067162,3.9354468754027e-05,9.2220951046329e-05,4.31467498174243e-07,0.071909673511982,0.709857881069183,2720.8323
710,drought_grid46819_microbe1923_all.pickle,10,12,36,1,0.0804495587944984,6.63314422126859e-05,6.14242962910794e-05,9.07904222913203e-07,0.0618435256183147,0.592335999011993,4111.3506
711,drought_grid46819_microbe1923_all.pickle,11,11,7,1,0.0864027515053749,1.71344800037332e-05,5.72296521568205e-05,9.54420443122217e-07,0.0321603082120419,0.24578545987606,1391.4344
712,drought_grid46819_microbe1923_all.pickle,12,12,34,1,0.0922939479351044,2.40443168877391e-05,3.89236956834793e-05,6.52012033697247e-07,0.0255783330649137,0.168941125273705,3441.021
713,drought_grid46819_microbe1923_all.pickle,13,12,6,1,0.0500738583505154,9.13086914806627e-05,4.81160896015354e-05,8.72034831900237e-07,0.0708792433142662,0.697827637195587,327.79324
714,drought_grid46819_microbe1923_all.pickle,14,12,39,1,0.0594208315014839,9.37426520977169e-05,5.6022297940217e-05,3.38419852141669e-07,0.0304047670215368,0.225289568305016,878.0344
715,drought_grid46819_microbe1923_all.pickle,15,12,31,1,0.0895978212356567,7.64360229368322e-05,2.78144998446805e-05,7.7819197485951e-07,0.0510032176971436,0.465775728225708,4187.754
716,drought_grid46819_microbe1923_all.pickle,16,12,24,1,0.0554616190493107,5.65086920687463e-05,9.63197744567879e-05,3.86178896860656e-07,0.0177064631134272,0.0770373269915581,182.66527
717,drought_grid46819_microbe1923_all.pickle,17,12,25,1,0.0684200823307037,8.37691040942445e-05,5.14199564349838e-05,1.54308423816474e-07,0.0487178452312946,0.439094126224518,892.5952
718,drought_grid46819_microbe1923_all.pickle,18,12,4,1,0.0907581672072411,4.27559971285518e-05,6.89091684762388e-05,2.53103138447841e-07,0.0804985612630844,0.810132801532745,6659.461
719,drought_grid46819_microbe1923_all.pickle,19,10,14,1,0.0743623450398445,1.12600528154871e-05,6.7476685217116e-05,7.19673039384361e-07,0.0160570256412029,0.0577802024781704,444.0808
720,drought_grid46819_microbe1923_all.pickle,20,12,27,1,0.0535816811025143,5.31729638169054e-05,3.74116498278454e-05,2.23357062623109e-07,0.0111079569905996,0,141.28647
721,drought_grid46819_microbe1923_all.pickle,21,10,2,1,0.0858370214700699,3.71861569874454e-05,8.82493259268813e-05,7.01737519648304e-07,0.0579717792570591,0.547133505344391,2046.5353
722,drought_grid46819_microbe1923_all.pickle,22,12,30,1,0.0827643722295761,8.06246971478686e-05,3.00957235594979e-05,9.99350845631852e-07,0.0541121736168861,0.502072691917419,3488.7788
723,drought_grid46819_microbe1923_all.pickle,23,12,38,1,0.0608946941792965,4.86259959870949e-05,9.90782864391804e-05,8.09651226063579e-07,0.0908740535378456,0.931266307830811,2893.5881
724,drought_grid46819_microbe1923_all.pickle,24,11,25,1,0.0628049522638321,7.45213910704479e-05,7.14206180418842e-05,6.3046638842934e-07,0.0646862611174583,0.625524759292603,189.12305
725,drought_grid46819_microbe1923_all.pickle,25,12,20,1,0.0787197053432465,6.30517970421351e-05,3.48965659213718e-05,6.00700161612622e-07,0.0353539325296879,0.283070892095566,1604.6305
726,drought_grid46819_microbe2765_all.pickle,1,11,20,1,0.0629979968070984,6.98430303600617e-05,4.79338741570245e-05,1.36325965627293e-07,0.0408709906041622,0.323350638151169,83.946526
727,drought_grid46819_microbe2765_all.pickle,2,12,19,1,0.0590190142393112,1.4299975191534e-05,2.1825379008078e-05,4.03163937789941e-07,0.0635468512773514,0.589834272861481,390.05667
728,drought_grid46819_microbe2765_all.pickle,3,12,37,1,0.0831939354538918,7.39104361855425e-05,8.6526561062783e-05,8.59622389270953e-07,0.0214345641434193,0.09493637830019,2557.826
729,drought_grid46819_microbe2765_all.pickle,4,12,39,1,0.0941314846277237,3.04917630273849e-05,5.49616452190094e-05,8.04624733063974e-07,0.0182207431644201,0.0571679882705212,3512.1292
730,drought_grid46819_microbe2765_all.pickle,5,11,6,1,0.0894147008657455,9.51131078181788e-05,6.12529256613925e-05,7.72631608469965e-07,0.0984490290284157,1,13041.164
731,drought_grid46819_microbe2765_all.pickle,6,12,35,1,0.0796637907624245,3.21950210491195e-05,7.04328558640555e-05,5.87250838179898e-07,0.0573612712323666,0.517142236232758,1908.2673
732,drought_grid46819_microbe2765_all.pickle,7,11,9,1,0.0810912027955055,6.34469033684582e-05,2.75346865237225e-05,1.31694392280224e-07,0.0491238869726658,0.420337617397308,2663.4707
733,drought_grid46819_microbe2765_all.pickle,8,12,26,1,0.0712707340717316,5.11343787366059e-05,1.83773263415787e-05,9.82917981673381e-07,0.0821798518300056,0.808806836605072,4342.0615
734,drought_grid46819_microbe2765_all.pickle,9,12,36,1,0.0568304099142551,8.90128358150832e-05,1.19844025903149e-05,3.59962342599829e-07,0.0339171700179577,0.241630285978317,399.46613
735,drought_grid46819_microbe2765_all.pickle,10,12,35,1,0.0844105184078217,8.00908383098431e-05,4.44178403995465e-05,5.26483006524359e-07,0.0376364178955555,0.285338401794434,3738.7307
736,drought_grid46819_microbe2765_all.pickle,11,12,33,1,0.0932703986763954,4.32525994256139e-05,1.71460160345305e-05,2.37508245959361e-07,0.0437803752720356,0.357541352510452,4040.671
737,drought_grid46819_microbe2765_all.pickle,12,10,0,1,0.0778226181864738,9.95072841760702e-05,9.76202136371285e-05,2.69558853460694e-07,0.0860189497470856,0.853923380374908,2921.8552
738,drought_grid46819_microbe2765_all.pickle,13,12,17,1,0.0607577860355377,4.8654150305083e-05,4.97631335747428e-05,3.29254362441134e-07,0.0961953699588776,0.973515272140503,4844.3096
739,drought_grid46819_microbe2765_all.pickle,14,12,9,1,0.0967614352703094,5.59374675503932e-05,3.54315379809123e-05,7.30948841010104e-07,0.0684817060828209,0.647828042507172,4999.1597
740,drought_grid46819_microbe2765_all.pickle,15,12,35,1,0.0648712143301964,1.77295132743893e-05,7.73561696405523e-05,2.91134512053759e-07,0.0496005602180958,0.425939410924911,629.68585
741,drought_grid46819_microbe2765_all.pickle,16,12,27,1,0.073042206466198,7.7840122685302e-05,8.35821192595176e-05,5.34388902906358e-07,0.0155385788530111,0.0256475545465946,948.2733
742,drought_grid46819_microbe2765_all.pickle,17,9,2,1,0.0507561787962914,2.58185609709471e-05,9.51144538703375e-05,6.59336819808232e-07,0.0251081958413124,0.138108402490616,16.227598
743,drought_grid46819_microbe2765_all.pickle,18,12,29,1,0.0982198491692543,9.21548344194889e-05,9.25887143239379e-05,6.37182608898001e-07,0.0641791000962257,0.597264409065247,6240.034
744,drought_grid46819_microbe2765_all.pickle,19,4,1,1,0.0538344271481037,4.23478195443749e-05,6.75928531563841e-05,8.46466775783483e-07,0.091422900557518,0.917429864406586,9.725551
745,drought_grid46819_microbe2765_all.pickle,20,4,0,1,0.0877769365906715,6.74745970172808e-05,4.0853916289052e-05,7.08018262685073e-07,0.0799408182501793,0.782494008541107,5.2643905
746,drought_grid46819_microbe2765_all.pickle,21,11,22,1,0.0903765112161636,3.78685144823976e-05,7.86352684372105e-05,1.99582260052011e-07,0.0310576688498259,0.208025813102722,2283.3547
747,drought_grid46819_microbe2765_all.pickle,22,8,6,1,0.0692660063505173,2.32479651458561e-05,2.98411832773127e-05,9.02421845694334e-07,0.0735030323266983,0.706838011741638,616.4162
748,drought_grid46819_microbe2765_all.pickle,23,10,12,1,0.0740754753351212,1.25780961752753e-05,3.36909652105533e-05,4.85667897009989e-07,0.0133561547845602,0,6.1622195
749,drought_grid46819_microbe2765_all.pickle,24,11,17,1,0.0558187179267406,8.51343138492666e-05,7.30198808014393e-05,9.54158736021782e-07,0.055780615657568,0.498566597700119,138.03395
750,drought_grid46819_microbe2765_all.pickle,25,12,39,1,0.0664303079247475,5.6828237575246e-05,5.83124601689633e-05,4.34040316577011e-07,0.0753626376390457,0.728691816329956,2941.3655
751,drought_grid46819_microbe27765_all.pickle,1,12,15,1,0.0747390165925026,5.39901229785755e-05,9.63205966399983e-05,8.21600224298891e-07,0.0808518081903458,0.804657340049744,6993.471
752,drought_grid46819_microbe27765_all.pickle,2,9,5,1,0.0937128141522408,1.78741920535685e-05,5.55773112864699e-05,5.19125364917272e-07,0.0606065504252911,0.571614384651184,20.580614
753,drought_grid46819_microbe27765_all.pickle,3,7,6,1,0.0909358486533165,3.38943900715094e-05,2.33046030189143e-05,1.85811700248451e-07,0.0902095213532448,0.912373840808868,7.2025237
754,drought_grid46819_microbe27765_all.pickle,4,12,24,1,0.0701396986842155,1.3952632798464e-05,4.27662453148514e-05,6.33960041795945e-07,0.0687614679336548,0.665485560894012,1417.9114
755,drought_grid46819_microbe27765_all.pickle,5,12,26,1,0.078300766646862,8.29815253382549e-05,8.72976088430732e-05,2.22174449504564e-07,0.0666664317250252,0.641369640827179,3812.1106
756,drought_grid46819_microbe27765_all.pickle,6,8,0,1,0.0612833313643932,3.56434356945101e-05,5.31147888978012e-05,3.88153580388462e-07,0.0855422466993332,0.858648896217346,1163.5696
757,drought_grid46819_microbe27765_all.pickle,7,12,36,1,0.0632437914609909,8.62293090904132e-05,1.47035671034246e-05,1.27470713096045e-07,0.0109483916312456,0,850.2515
758,drought_grid46819_microbe27765_all.pickle,8,12,28,1,0.0699185132980347,7.90442645666189e-05,7.6620330219157e-05,7.34431068849517e-07,0.0883807316422462,0.891322672367096,3415.7551
759,drought_grid46819_microbe27765_all.pickle,9,8,11,1,0.05547184497118,9.13442636374384e-05,9.11220122361556e-05,9.84104303825006e-07,0.0978219136595726,1,57.563164
760,drought_grid46819_microbe27765_all.pickle,10,10,4,1,0.053286038339138,2.33464797929628e-05,1.95566408365266e-05,3.86342577485266e-07,0.0155254360288382,0.0526863001286983,62.95457
761,drought_grid46819_microbe27765_all.pickle,11,5,1,1,0.0560409724712372,6.59032230032608e-05,4.94621490361169e-05,2.53412366646444e-07,0.0949785262346268,0.967269778251648,228.96104
762,drought_grid46819_microbe27765_all.pickle,12,12,20,1,0.0658857300877571,7.76032757130452e-05,6.95642811479047e-05,1.52236083295065e-07,0.0575607903301716,0.53655469417572,975.3888
763,drought_grid46819_microbe27765_all.pickle,13,11,16,1,0.0950101986527443,2.50518551183632e-05,1.20455324577051e-05,7.09720040958928e-07,0.0466433726251125,0.410884439945221,2768.5615
764,drought_grid46819_microbe27765_all.pickle,14,11,21,1,0.0970060676336288,7.24256678950042e-05,7.16524009476416e-05,9.55185328166408e-07,0.0186612661927938,0.0887827947735786,4139.2363
765,drought_grid46819_microbe27765_all.pickle,15,12,32,1,0.0830232799053192,6.07247129664756e-05,3.7810554204043e-05,4.65808597027717e-07,0.038796953856945,0.320564448833466,3856.6902
766,drought_grid46819_microbe27765_all.pickle,16,11,16,1,0.0808078721165657,9.81859557214193e-05,2.99694384011673e-05,8.13553356238117e-07,0.0216136295348406,0.12276741117239,2633.596
767,drought_grid46819_microbe27765_all.pickle,17,12,18,1,0.0517334453761578,6.96793067618273e-05,6.58840290270746e-05,3.01784751854939e-07,0.0349612422287464,0.27641162276268,242.80746
768,drought_grid46819_microbe27765_all.pickle,18,12,40,1,0.0892532169818878,4.71904168080073e-05,9.96705930447206e-05,4.27407826464332e-07,0.0554043166339397,0.511731564998627,5007.086
769,drought_grid46819_microbe27765_all.pickle,19,12,28,1,0.067785307765007,1.22990904856124e-05,3.42590174113866e-05,3.19978681773136e-07,0.0496606528759003,0.445616364479065,805.3973
770,drought_grid46819_microbe27765_all.pickle,20,12,26,1,0.0867055580019951,4.42252785433084e-05,5.886830331292e-05,7.66218477110669e-07,0.0256589911878109,0.169333517551422,2702.4214
771,drought_grid46819_microbe27765_all.pickle,21,12,24,1,0.0737060606479645,4.06975959776901e-05,6.15773315075785e-05,9.22998424357502e-07,0.0457974709570408,0.401147276163101,2235.6838
772,drought_grid46819_microbe27765_all.pickle,22,12,30,1,0.0771786719560623,9.40682730288245e-05,4.23051933466922e-05,8.76109083947085e-07,0.0311114843934774,0.23209710419178,3288.7659
773,drought_grid46819_microbe27765_all.pickle,23,11,3,1,0.0588352233171463,3.0937691917643e-05,8.19910928839818e-05,6.52873382023245e-07,0.0767876729369164,0.757875144481659,662.6398
774,drought_grid46819_microbe27765_all.pickle,24,11,2,1,0.0845055356621742,6.00338280491997e-05,2.65492399194045e-05,5.93057507103367e-07,0.0734725221991539,0.719714462757111,5399.114
775,drought_grid46819_microbe27765_all.pickle,25,12,11,1,0.0989539176225662,5.2004699682584e-05,8.53245946927927e-05,5.6179226248787e-07,0.0393786393105984,0.327260196208954,4283.306
776,drought_grid46819_microbe29152_all.pickle,1,7,1,1,0.0775825977325439,2.32363290706417e-05,4.55951776530128e-05,5.54384371298511e-07,0.0678588375449181,0.642229616641998,2.0869176
777,drought_grid46819_microbe29152_all.pickle,2,12,39,1,0.0933474451303482,7.67808451200835e-05,2.05738560907776e-05,5.23575295119372e-07,0.0260409265756607,0.149306684732437,3786.8918
778,drought_grid46819_microbe29152_all.pickle,3,11,10,1,0.0647167563438416,2.48185042437399e-05,6.3024039263837e-05,5.75893068344158e-07,0.0891884937882423,0.893650054931641,877.3272
779,drought_grid46819_microbe29152_all.pickle,4,12,8,1,0.0537313371896744,3.5266097256681e-05,5.69194344279822e-05,6.19876459495572e-07,0.0312647446990013,0.210881724953651,133.26248
780,drought_grid46819_microbe29152_all.pickle,5,12,33,1,0.068509504199028,5.43495370948222e-05,2.17860724660568e-05,8.19199556190142e-07,0.0779890120029449,0.761637687683105,2595.887
781,drought_grid46819_microbe29152_all.pickle,6,12,28,1,0.0570948086678982,8.51437798701227e-05,9.05511260498315e-05,2.16955754694936e-07,0.0425364598631859,0.343745529651642,176.08243
782,drought_grid46819_microbe29152_all.pickle,7,12,38,1,0.0783101543784142,9.80211771093309e-05,2.72236720775254e-05,9.64279479376273e-07,0.0174344331026077,0.0478588081896305,1873.4971
783,drought_grid46819_microbe29152_all.pickle,8,12,32,1,0.0628593564033508,3.37033234245609e-05,8.45962058519945e-05,3.20496809536053e-07,0.0630799829959869,0.585899531841278,612.7657
784,drought_grid46819_microbe29152_all.pickle,9,12,40,1,0.0894894525408745,5.15233223268297e-05,1.68962833413389e-05,4.94507617077034e-07,0.0745682790875435,0.72131621837616,6056.911
785,drought_grid46819_microbe29152_all.pickle,10,10,13,1,0.0868228748440742,1.36687522171997e-05,7.36812435206957e-05,1.76929958684013e-07,0.0373380742967129,0.282470285892487,1305.2266
786,drought_grid46819_microbe29152_all.pickle,11,7,6,1,0.0600210577249527,6.74224793328904e-05,8.7015017925296e-05,8.81932407992281e-07,0.0588401518762112,0.535923063755035,10.010054
787,drought_grid46819_microbe29152_all.pickle,12,10,14,1,0.0974626392126083,4.46825579274446e-05,6.75206538289785e-05,3.61256411451905e-07,0.0949092134833336,0.961082220077515,11722.313
788,drought_grid46819_microbe29152_all.pickle,13,12,17,1,0.08254025131464,6.82152967783622e-05,5.02186048834119e-05,7.64062463076698e-07,0.0911441147327423,0.916701674461365,8523.664
789,drought_grid46819_microbe29152_all.pickle,14,12,36,1,0.0950953587889671,1.11568233478465e-05,3.91645371564664e-05,9.45150020470464e-07,0.0317204706370831,0.216253533959389,1952.2373
790,drought_grid46819_microbe29152_all.pickle,15,10,8,1,0.0707408487796783,6.1834005464334e-05,1.10163909994299e-05,8.5314928810476e-07,0.0415546149015427,0.332172185182571,408.92825
791,drought_grid46819_microbe29152_all.pickle,16,12,39,1,0.0590936243534088,9.58455784711987e-05,5.67526585655287e-05,4.10526752148144e-07,0.0153542906045914,0.0233394112437963,408.6199
792,drought_grid46819_microbe29152_all.pickle,17,10,12,1,0.0741022527217865,2.04841671802569e-05,9.4685768999625e-05,1.4074282717047e-07,0.0849629193544388,0.843841671943665,2926.6619
793,drought_grid46819_microbe29152_all.pickle,18,8,12,1,0.0542322620749474,8.18212138256058e-05,7.61713090469129e-05,2.94553188950886e-07,0.0649857744574547,0.608363807201385,20.262957
794,drought_grid46819_microbe29152_all.pickle,19,12,37,1,0.0734038278460503,8.7378044554498e-05,7.8607648902107e-05,6.47663398467557e-07,0.0133742541074753,0,749.5446
795,drought_grid46819_microbe29152_all.pickle,20,12,31,1,0.085982158780098,3.91534777008928e-05,3.37440033035818e-05,1.28249538988712e-07,0.0493903122842312,0.424534380435944,3133.414
796,drought_grid46819_microbe29152_all.pickle,21,12,29,1,0.0510141439735889,9.25026324694045e-05,3.14470089506358e-05,2.67347701310428e-07,0.0982108637690544,1,2277.6416
797,drought_grid46819_microbe29152_all.pickle,22,8,2,1,0.0983955264091492,5.82554130232893e-05,9.69880202319473e-05,6.95305686804204e-07,0.0816392004489899,0.804663777351379,6540.7163
798,drought_grid46819_microbe29152_all.pickle,23,12,20,1,0.0666708275675774,4.67656973341946e-05,3.62168502761051e-05,4.2900714447569e-07,0.0497812330722809,0.429142326116562,854.2773
799,drought_grid46819_microbe29152_all.pickle,24,12,25,1,0.0801703110337257,2.98179656965658e-05,4.77725043310784e-05,9.24975722682575e-07,0.0554713979363441,0.496214359998703,1700.9226
800,drought_grid46819_microbe29152_all.pickle,25,11,1,1,0.0913626477122307,7.20859243301675e-05,6.9704678026028e-05,7.32324281216279e-07,0.0227098129689693,0.110041633248329,384.4878
801,drought_grid46819_microbe30152_all.pickle,1,11,14,1,0.0972543209791183,9.35424468480051e-05,5.65560840186663e-05,7.36990500627144e-07,0.0164442118257284,0.0648229420185089,662.77686
802,drought_grid46819_microbe30152_all.pickle,2,12,29,1,0.0629645511507988,6.98949879733846e-05,2.08747896977002e-05,8.62918909660948e-07,0.0108621921390295,0,545.962
803,drought_grid46819_microbe30152_all.pickle,3,12,11,1,0.0859710797667503,8.62741508171894e-05,6.27391127636656e-05,4.25922365820952e-07,0.0953903794288635,0.981609880924225,11882.317
804,drought_grid46819_microbe30152_all.pickle,4,6,2,1,0.0870379060506821,4.66880046587903e-05,4.19237876485568e-05,6.83592645600584e-07,0.0319412052631378,0.244786605238914,0
805,drought_grid46819_microbe30152_all.pickle,5,12,23,1,0.0890617892146111,3.87897925975267e-05,8.8564156612847e-05,5.22053198892536e-07,0.0437881201505661,0.382362574338913,3736.9236
806,drought_grid46819_microbe30152_all.pickle,6,12,29,1,0.0534854717552662,6.62759921397083e-05,4.49311810371e-05,3.36787934429594e-07,0.0916774570941925,0.93849241733551,1673.6956
807,drought_grid46819_microbe30152_all.pickle,7,12,38,1,0.0694965794682503,3.22634296026081e-05,1.16634628284373e-05,2.23084569483945e-07,0.0771316066384315,0.769574224948883,3251.7952
808,drought_grid46819_microbe30152_all.pickle,8,12,30,1,0.0516873672604561,5.50299155293033e-05,5.9267880715197e-05,7.78002288370772e-07,0.0290575604885817,0.211299389600754,159.53961
809,drought_grid46819_microbe30152_all.pickle,9,12,40,1,0.0649896040558815,1.93748619494727e-05,1.61093466886086e-05,1.66967382142502e-07,0.0225895270705223,0.136187329888344,306.36636
810,drought_grid46819_microbe30152_all.pickle,10,12,26,1,0.0932145863771439,8.48883501021191e-05,3.81031059077941e-05,6.00293162733578e-07,0.0674914121627808,0.657624423503876,5963.8433
811,drought_grid46819_microbe30152_all.pickle,11,12,7,1,0.0992130562663078,4.4150605390314e-05,2.01655602722894e-05,1.27265252558573e-07,0.0719430595636368,0.709320604801178,6913.199
812,drought_grid46819_microbe30152_all.pickle,12,12,35,1,0.0562124848365784,8.19704873720184e-05,7.32592525309883e-05,4.00038800307811e-07,0.0831502825021744,0.839467942714691,925.9764
813,drought_grid46819_microbe30152_all.pickle,13,12,20,1,0.0676419585943222,7.64181240811013e-05,4.75905690109357e-05,5.3861964488533e-07,0.0174482353031635,0.0764824748039246,426.23526
814,drought_grid46819_microbe30152_all.pickle,14,11,9,1,0.0903173536062241,9.0625777374953e-05,8.09686243883334e-05,6.74509124110045e-07,0.0677376464009285,0.66048389673233,1707.7053
815,drought_grid46819_microbe30152_all.pickle,15,12,12,1,0.0800843462347984,1.1861390703416e-05,6.78879659972154e-05,9.19761703244149e-07,0.0619472824037075,0.593241572380066,1718.6641
816,drought_grid46819_microbe30152_all.pickle,16,12,21,1,0.083381399512291,5.27284901181702e-05,9.4562019512523e-05,8.2745776808224e-07,0.0396061353385448,0.333797991275787,1976.826
817,drought_grid46819_microbe30152_all.pickle,17,12,22,1,0.0736489668488503,4.17169176216703e-05,3.1663163099438e-05,9.32307159473567e-07,0.0593358762562275,0.562915802001953,718.81616
818,drought_grid46819_microbe30152_all.pickle,18,12,20,1,0.0556507222354412,2.6591143978294e-05,8.42610606923699e-05,9.98817995423451e-07,0.0253700837492943,0.168477416038513,84.73116
819,drought_grid46819_microbe30152_all.pickle,19,12,26,1,0.0741216689348221,1.59564206114737e-05,7.80373156885616e-05,6.1236738702064e-07,0.0359559878706932,0.291409522294998,584.41504
820,drought_grid46819_microbe30152_all.pickle,20,12,34,1,0.0613198429346085,2.12689010368194e-05,2.92075219476828e-05,2.9588227334898e-07,0.0969739854335785,1,5482.349
821,drought_grid46819_microbe30152_all.pickle,21,12,19,1,0.0590126998722553,7.37255977583118e-05,5.0337959692115e-05,8.02442173153395e-07,0.0517812892794609,0.475185751914978,733.5546
822,drought_grid46819_microbe30152_all.pickle,22,12,35,1,0.0953492373228073,6.33500603726134e-05,9.85772567219101e-05,1.79336211658665e-07,0.0864373967051506,0.877640604972839,8579.75
823,drought_grid46819_microbe30152_all.pickle,23,5,3,1,0.0709850639104843,5.77748687646817e-05,2.59568514593411e-05,2.45509085061713e-07,0.0463468544185162,0.412076711654663,0.47384953
824,drought_grid46819_microbe30152_all.pickle,24,12,27,1,0.0776663050055504,9.80666009127162e-05,9.20499660423957e-05,4.60626836229494e-07,0.0815581828355789,0.820979177951813,5343.068
825,drought_grid46819_microbe30152_all.pickle,25,10,13,1,0.0787855237722397,3.15508732455783e-05,6.63709288346581e-05,3.75907035277123e-07,0.054710391908884,0.509200870990753,382.85202
826,drought_grid46819_microbe3740_all.pickle,1,12,35,1,0.0903158411383629,7.31720429030247e-05,2.45387200266123e-05,1.72769532014172e-07,0.0550841242074966,0.488491177558899,4702.4043
827,drought_grid46819_microbe3740_all.pickle,2,12,20,1,0.0573981143534184,6.3578161643818e-05,2.92987224383978e-05,6.60545140362956e-07,0.087335042655468,0.866438269615173,919.67523
828,drought_grid46819_microbe3740_all.pickle,3,12,38,1,0.0898943468928337,9.07331414055079e-05,3.62022037734278e-05,2.69991630830191e-07,0.0218435693532228,0.0989466682076454,3497.8381
829,drought_grid46819_microbe3740_all.pickle,4,12,26,1,0.0972291231155396,8.21511057438329e-05,1.93101568584098e-05,6.79948243487161e-07,0.0593311712145805,0.538262128829956,5438.7407
830,drought_grid46819_microbe3740_all.pickle,5,12,12,1,0.0698748901486397,3.17448429996148e-05,4.08482737839222e-05,4.82892005493341e-07,0.0472678281366825,0.396892368793488,531.9271
831,drought_grid46819_microbe3740_all.pickle,6,10,6,1,0.052481472492218,6.60216246615164e-05,4.26803999289405e-05,4.08200747870069e-07,0.0672370418906212,0.630910694599152,163.3888
832,drought_grid46819_microbe3740_all.pickle,7,12,35,1,0.0550113134086132,2.62105568253901e-05,7.56154258851893e-05,5.93090135225793e-07,0.0987321138381958,1,3818.4177
833,drought_grid46819_microbe3740_all.pickle,8,10,6,1,0.0664552748203278,2.23769256990636e-05,8.75050682225265e-05,9.18222895052168e-07,0.0842786803841591,0.830620884895325,1564.8992
834,drought_grid46819_microbe3740_all.pickle,9,12,19,1,0.0710070878267288,4.5592023525387e-05,4.6030694647925e-05,7.22122194929398e-07,0.0814610421657562,0.797601103782654,3072.8384
835,drought_grid46819_microbe3740_all.pickle,10,12,24,1,0.0868472680449486,8.81061350810342e-05,9.4523435109295e-05,3.21778685474783e-07,0.0924159362912178,0.925980985164642,8743.164
836,drought_grid46819_microbe3740_all.pickle,11,11,18,1,0.0831130817532539,5.64327965548728e-05,6.37373377685435e-05,1.12859247280994e-07,0.0255358517169952,0.142216354608536,1230.7202
837,drought_grid46819_microbe3740_all.pickle,12,12,36,1,0.0992862731218338,3.02402895613341e-05,8.97103236638941e-05,2.88422427274782e-07,0.0162246655672789,0.0330989994108677,3174.8223
838,drought_grid46819_microbe3740_all.pickle,13,12,24,1,0.0924360677599907,1.69760733115254e-05,7.31056716176681e-05,6.05296918365639e-07,0.0285585522651672,0.177639245986938,1938.5554
839,drought_grid46819_microbe3740_all.pickle,14,12,4,1,0.0816122516989708,9.99818876152858e-05,1.2878739653388e-05,5.15115971211344e-07,0.0511473529040813,0.44235634803772,1878.3414
840,drought_grid46819_microbe3740_all.pickle,15,12,40,1,0.0750876367092133,4.22928824264091e-05,2.32517177209957e-05,1.58681871198496e-07,0.0951184257864952,0.957651376724243,8986.059
841,drought_grid46819_microbe3740_all.pickle,16,12,23,1,0.0952308177947998,7.11194734321907e-05,5.72585995541885e-05,3.61209572474763e-07,0.0198540557175875,0.0756316557526588,3528.9888
842,drought_grid46819_microbe3740_all.pickle,17,12,16,1,0.0630264580249786,5.05404786963481e-05,6.96650167810731e-05,9.44250757584086e-07,0.0616249553859234,0.565142869949341,715.6856
843,drought_grid46819_microbe3740_all.pickle,18,12,31,1,0.0735195428133011,8.16099127405323e-05,3.47512286680285e-05,8.66121808940079e-07,0.0399583578109741,0.311233013868332,1251.667
844,drought_grid46819_microbe3740_all.pickle,19,12,23,1,0.0857383534312248,1.02026824606583e-05,9.8169177363161e-05,8.47133946990652e-07,0.0739212408661842,0.709242463111877,4088.4285
845,drought_grid46819_microbe3740_all.pickle,20,8,5,1,0.0765699595212936,3.85859602829441e-05,8.06573298177682e-05,9.94326114778232e-07,0.0341306589543819,0.242938488721848,113.04778
846,drought_grid46819_microbe3740_all.pickle,21,12,23,1,0.0584067590534687,1.90679820661899e-05,5.14028070028871e-05,7.60114460263139e-07,0.0134002668783069,0,136.6363
847,drought_grid46819_microbe3740_all.pickle,22,12,29,1,0.0519850514829159,5.88563088967931e-05,8.33054436952807e-05,5.46756041330809e-07,0.0451022423803806,0.371513962745667,302.80557
848,drought_grid46819_microbe3740_all.pickle,23,12,31,1,0.0611545331776142,7.78633184381761e-05,6.58128265058622e-05,2.30144792112696e-07,0.036815844476223,0.274406045675278,418.826
849,drought_grid46819_microbe3740_all.pickle,24,9,8,1,0.0796350240707397,4.95742824568879e-05,1.63449476531241e-05,8.0369932220492e-07,0.0753460004925728,0.725939154624939,6.557655
850,drought_grid46819_microbe3740_all.pickle,25,10,3,1,0.0659744665026665,9.39803794608451e-05,5.45236871403176e-05,4.48249437567938e-07,0.0677258595824242,0.63663911819458,291.53833
851,drought_grid46819_microbe4132_all.pickle,1,12,32,1,0.0624300129711628,6.10669594607316e-05,7.86604214226827e-05,7.34309253402898e-07,0.0180093329399824,0.0572542138397694,511.46194
852,drought_grid46819_microbe4132_all.pickle,2,12,40,1,0.0765204578638077,7.83678042353131e-05,5.05360621900763e-05,8.83792893091595e-07,0.0702326893806458,0.6773521900177,4496.934
853,drought_grid46819_microbe4132_all.pickle,3,7,4,1,0.0748715028166771,9.86673185252585e-05,9.63129205047153e-05,1.65624314263368e-07,0.0931689366698265,0.949696183204651,191.29704
854,drought_grid46819_microbe4132_all.pickle,4,12,2,1,0.096677303314209,2.62674839177635e-05,9.94896836346015e-05,6.04299827955401e-07,0.097405418753624,1,12981.049
855,drought_grid46819_microbe4132_all.pickle,5,12,20,1,0.0836038365960121,1.89654438145226e-05,3.63992003258318e-05,2.00924517912426e-07,0.0313347987830639,0.215480253100395,700.0447
856,drought_grid46819_microbe4132_all.pickle,6,10,4,1,0.069017730653286,6.42885061097331e-05,3.10433133563492e-05,7.67551057379023e-07,0.0724782571196556,0.704015970230103,13.375305
857,drought_grid46819_microbe4132_all.pickle,7,12,13,1,0.0932973176240921,8.76687990967184e-05,1.83710471901577e-05,3.48947253314691e-07,0.0749577358365059,0.733457207679749,4987.8413
858,drought_grid46819_microbe4132_all.pickle,8,12,29,1,0.0701277107000351,3.90104687539861e-05,7.35215144231915e-05,6.72641817800468e-07,0.0131875025108457,0,658.7242
859,drought_grid46819_microbe4132_all.pickle,9,12,27,1,0.0840516984462738,5.14547136845067e-05,7.78323083068244e-05,2.98483826099982e-07,0.0167751144617796,0.042599156498909,1947.5684
860,drought_grid46819_microbe4132_all.pickle,10,12,16,1,0.0891030505299568,1.69823706528405e-05,5.59240834263619e-05,4.54467681265669e-07,0.0913189128041267,0.927729070186615,9209.493
861,drought_grid46819_microbe4132_all.pickle,11,10,12,1,0.0947002992033958,3.33201314788312e-05,4.784453267348e-05,9.45616136505123e-07,0.080775611102581,0.802538335323334,43.66024
862,drought_grid46819_microbe4132_all.pickle,12,12,33,1,0.0582304485142231,3.74809933418874e-05,4.40711337432731e-05,5.70820361645019e-07,0.0276953484863043,0.172265559434891,154.80527
863,drought_grid46819_microbe4132_all.pickle,13,12,21,1,0.053353413939476,2.87230122921756e-05,6.12108196946792e-05,1.34322988287749e-07,0.0520483106374741,0.461431622505188,132.5013
864,drought_grid46819_microbe4132_all.pickle,14,12,13,1,0.0653645396232605,5.82981847401243e-05,1.43617626235937e-05,9.79780679699616e-07,0.0669347941875458,0.638193130493164,737.9244
865,drought_grid46819_microbe4132_all.pickle,15,12,32,1,0.0619404576718807,9.59799799602479e-05,8.37599363876507e-05,5.55294491277891e-07,0.0585808008909225,0.538998126983643,789.3023
866,drought_grid46819_microbe4132_all.pickle,16,12,40,1,0.0557159073650837,4.64974036731292e-05,4.04151724069379e-05,5.14811176799412e-07,0.0363718494772911,0.275289982557297,270.87582
867,drought_grid46819_microbe4132_all.pickle,17,12,36,1,0.0663939863443375,7.87805547588505e-05,8.95461926120333e-05,3.72785876834314e-07,0.0824118331074715,0.821966767311096,3328.3196
868,drought_grid46819_microbe4132_all.pickle,18,12,26,1,0.0909909904003143,7.14691923349164e-05,6.65786428726278e-05,2.78850166068878e-07,0.0329059883952141,0.234136492013931,3089.2764
869,drought_grid46819_microbe4132_all.pickle,19,12,40,1,0.0576480850577354,9.17710858630016e-05,3.43652427545749e-05,6.98879887295334e-07,0.0414306372404099,0.335357815027237,536.7776
870,drought_grid46819_microbe4132_all.pickle,20,12,16,1,0.0731977000832558,5.61146262043621e-05,2.34673625527648e-05,8.04590683856077e-07,0.0485692881047726,0.420121848583221,720.518
871,drought_grid46819_microbe4132_all.pickle,21,11,13,1,0.0780799090862274,6.83305988786742e-05,7.01046374160796e-05,2.13015454164633e-07,0.056690476834774,0.51655250787735,1005.43134
872,drought_grid46819_microbe4132_all.pickle,22,8,2,1,0.0992383062839508,4.36942100350279e-05,8.79760627867654e-05,8.24211610961356e-07,0.0639936923980713,0.603270590305328,1615.7947
873,drought_grid46819_microbe4132_all.pickle,23,12,14,1,0.0514624863862991,1.3389761079452e-05,1.24824045997229e-05,8.99469057458191e-07,0.0224390961229801,0.109853036701679,49.48223
874,drought_grid46819_microbe4132_all.pickle,24,12,16,1,0.0800232738256454,8.30512944958173e-05,2.71016851911554e-05,4.86003443711525e-07,0.042960274964571,0.353520661592484,1888.4413
875,drought_grid46819_microbe4132_all.pickle,25,12,13,1,0.0863053277134895,2.20209767576307e-05,5.73333636566531e-05,3.95529013985652e-07,0.0859571099281311,0.864063262939453,7740.4097
876,drought_grid46819_microbe43265_all.pickle,1,12,28,1,0.0597095191478729,6.1143931816332e-05,2.36276209761854e-05,6.07590095569321e-07,0.0280238687992096,0.184921368956566,397.24152
877,drought_grid46819_microbe43265_all.pickle,2,11,4,1,0.0769340097904205,8.07350588729605e-05,6.40621365164407e-05,1.64928167123435e-07,0.0230111218988895,0.125752598047256,157.75693
878,drought_grid46819_microbe43265_all.pickle,3,12,13,1,0.082125686109066,9.94539586827159e-05,1.27057428471744e-05,9.59111048359773e-07,0.0970769003033638,1,11475.393
879,drought_grid46819_microbe43265_all.pickle,4,11,1,1,0.0551782511174679,8.28899865155108e-05,8.58284838614054e-05,5.20858577601757e-07,0.0368217341601849,0.288768380880356,124.56144
880,drought_grid46819_microbe43265_all.pickle,5,10,9,1,0.0783336311578751,9.09015725483187e-05,1.71259816852398e-05,6.74871841965796e-07,0.0444112159311771,0.378352075815201,620.32526
881,drought_grid46819_microbe43265_all.pickle,6,12,39,1,0.074194498360157,7.07495782990009e-05,5.47158051631413e-05,7.44902251881285e-07,0.0769366398453712,0.762271165847778,4201.4297
882,drought_grid46819_microbe43265_all.pickle,7,12,11,1,0.0640620812773705,2.95846239168895e-05,3.45275075233076e-05,2.79713987083596e-07,0.0410196334123611,0.338318973779678,297.9915
883,drought_grid46819_microbe43265_all.pickle,8,12,22,1,0.0633758157491684,8.80245861480944e-05,3.01019736070884e-05,8.70875737746246e-07,0.0735957846045494,0.722836852073669,3314.7642
884,drought_grid46819_microbe43265_all.pickle,9,12,13,1,0.0898584201931953,5.5996857554419e-05,3.9389451558236e-05,4.73364053732439e-07,0.0161477439105511,0.0447396002709866,1200.5352
885,drought_grid46819_microbe43265_all.pickle,10,11,8,1,0.0539638698101044,3.34115320583805e-05,8.97985664778389e-05,8.33797514587786e-07,0.070206843316555,0.682834923267365,77.61232
886,drought_grid46819_microbe43265_all.pickle,11,12,29,1,0.0975106954574585,7.77869645389728e-05,5.77837927266955e-05,6.88475097376795e-07,0.0257246121764183,0.157781720161438,4054.46
887,drought_grid46819_microbe43265_all.pickle,12,12,13,1,0.0699782520532608,4.49372128059622e-05,9.50585308601148e-05,6.03596618020674e-07,0.054459735751152,0.496961385011673,604.006
888,drought_grid46819_microbe43265_all.pickle,13,12,38,1,0.0602528862655163,1.42516146297567e-05,3.55414267687593e-05,8.00503073605796e-07,0.0351195558905602,0.268676459789276,179.29263
889,drought_grid46819_microbe43265_all.pickle,14,12,11,1,0.0954987034201622,2.53867692663334e-05,6.39320933260024e-05,2.80148384490531e-07,0.0521425269544125,0.46960985660553,3168.9326
890,drought_grid46819_microbe43265_all.pickle,15,12,27,1,0.0678889751434326,1.85904355021194e-05,5.12727019668091e-05,9.05803688056039e-07,0.0653235092759132,0.62519371509552,939.28357
891,drought_grid46819_microbe43265_all.pickle,16,9,6,1,0.0720905959606171,4.99314846820198e-05,7.86274104029872e-05,9.71468807620113e-07,0.0945781096816063,0.970505118370056,1858.7521
892,drought_grid46819_microbe43265_all.pickle,17,12,31,1,0.0571790300309658,7.44107965147123e-05,2.61096320173237e-05,2.43775389208167e-07,0.0881907939910889,0.895111382007599,1846.0486
893,drought_grid46819_microbe43265_all.pickle,18,12,28,1,0.0906282812356949,2.09920071938541e-05,6.94034315529279e-05,1.16386544846137e-07,0.0193365756422281,0.0823794901371002,1641.5667
894,drought_grid46819_microbe43265_all.pickle,19,12,38,1,0.0931594669818878,6.49095090921037e-05,4.55029257864226e-05,3.50372488355788e-07,0.0639936774969101,0.609496831893921,5819.053
895,drought_grid46819_microbe43265_all.pickle,20,9,4,1,0.0857093259692192,1.21135990411858e-05,1.91358321899315e-05,5.50486561223806e-07,0.0802203342318535,0.801030814647675,4979.7603
896,drought_grid46819_microbe43265_all.pickle,21,12,30,1,0.0813530385494232,5.95318233536091e-05,8.3045793871861e-05,4.24274873012109e-07,0.0918708741664886,0.938549816608429,8561.962
897,drought_grid46819_microbe43265_all.pickle,22,11,20,1,0.0716641247272491,3.96168979932554e-05,4.66271594632417e-05,3.69029777402829e-07,0.0828612893819809,0.83220374584198,2492.4287
898,drought_grid46819_microbe43265_all.pickle,23,12,32,1,0.0868835896253586,3.83406477340031e-05,7.72101557231508e-05,4.19174853050208e-07,0.0123574286699295,0,2415.4497
899,drought_grid46819_microbe43265_all.pickle,24,12,13,1,0.0988886803388596,4.67716308776289e-05,7.22417171346024e-05,1.98676914919815e-07,0.048726562410593,0.429288953542709,4459.4536
900,drought_grid46819_microbe43265_all.pickle,25,12,30,1,0.0510858073830605,9.4542047008872e-05,9.64494829531759e-05,7.81602409460902e-07,0.0575026944279671,0.53287947177887,207.6205
901,drought_grid46819_microbe432_all.pickle,1,8,6,1,0.0602069944143295,6.26694309175946e-05,5.90201671002433e-05,9.42737585774012e-07,0.099714994430542,1,3706.3867
902,drought_grid46819_microbe432_all.pickle,2,12,37,1,0.0547754801809788,2.69501524599036e-05,6.65305487927981e-05,3.83077320975644e-07,0.0614492297172546,0.566453993320465,269.2562
903,drought_grid46819_microbe432_all.pickle,3,11,10,1,0.0987993478775024,4.61410636489745e-05,8.39942003949545e-05,1.08349631489091e-07,0.0148728238418698,0.0387496165931225,1682.1964
904,drought_grid46819_microbe432_all.pickle,4,11,5,1,0.084819920361042,1.72094551089685e-05,4.52107451565098e-05,8.55507835240132e-07,0.0562005341053009,0.506986975669861,1617.6827
905,drought_grid46819_microbe432_all.pickle,5,12,30,1,0.0765344724059105,9.91819615592249e-05,5.49687756574713e-05,5.3123574161873e-07,0.024415235966444,0.146863862872124,1685.1012
906,drought_grid46819_microbe432_all.pickle,6,12,29,1,0.0826648250222206,8.43911038828082e-05,7.56997906137258e-05,2.45599238724026e-07,0.0346646457910538,0.262988299131393,2847.4133
907,drought_grid46819_microbe432_all.pickle,7,10,10,1,0.0592889674007893,1.57127797137946e-05,9.69330358202569e-05,7.37668074179965e-07,0.069858729839325,0.661732494831085,10.974338
908,drought_grid46819_microbe432_all.pickle,8,12,29,1,0.0637115463614464,5.66436065128073e-05,8.80214502103627e-05,6.17169234828907e-07,0.0671352073550224,0.6308753490448,1438.1604
909,drought_grid46819_microbe432_all.pickle,9,11,5,1,0.0812911912798882,6.02512845944148e-05,9.35168354772031e-05,1.69258996152166e-07,0.0114526934921741,0,567.1469
910,drought_grid46819_microbe432_all.pickle,10,11,14,1,0.0788531079888344,1.06623183455667e-05,1.01839386843494e-05,1.91703591667647e-07,0.0308928154408932,0.220253959298134,763.5713
911,drought_grid46819_microbe432_all.pickle,11,12,32,1,0.0705403834581375,4.14514652220532e-05,3.57230564986821e-05,7.65352979215095e-07,0.0842427760362625,0.824701845645905,5172.2627
912,drought_grid46819_microbe432_all.pickle,12,12,40,1,0.0648552253842354,9.3223738076631e-05,2.72966863121837e-05,8.15392183994845e-07,0.0786485821008682,0.761320412158966,3687.1558
913,drought_grid46819_microbe432_all.pickle,13,12,27,1,0.067889429628849,3.71701680705883e-05,5.21363836014643e-05,9.8011128102371e-07,0.0948715955018997,0.945124924182892,7121.3857
914,drought_grid46819_microbe432_all.pickle,14,9,12,1,0.0916814506053925,8.01466885604896e-05,6.86642815708183e-05,3.93207898241599e-07,0.0868277624249458,0.85398930311203,142.18446
915,drought_grid46819_microbe432_all.pickle,15,12,7,1,0.0514036230742931,7.60495313443244e-05,8.15106759546325e-05,2.91805719143667e-07,0.0503656938672066,0.440879046916962,231.55962
916,drought_grid46819_microbe432_all.pickle,16,12,21,1,0.0564238764345646,7.44445351301692e-05,9.14989432203583e-05,4.78529841529962e-07,0.0732262581586838,0.69988614320755,1555.8253
917,drought_grid46819_microbe432_all.pickle,17,11,12,1,0.0682893246412277,3.10951108986046e-05,7.25509526091628e-05,6.75838748520619e-07,0.0194882024079561,0.0910412296652794,362.06036
918,drought_grid46819_microbe432_all.pickle,18,12,27,1,0.0868533179163933,6.92089815856889e-05,1.67973357747542e-05,6.94719403782074e-07,0.0357436574995518,0.275213330984116,3864.0688
919,drought_grid46819_microbe432_all.pickle,19,12,12,1,0.0891770198941231,8.76914637046866e-05,4.16753573517781e-05,3.42075765047412e-07,0.0908839628100395,0.899945497512817,9738.137
920,drought_grid46819_microbe432_all.pickle,20,10,8,1,0.0957119017839432,4.37742673966568e-05,6.13838419667445e-05,5.6119648661479e-07,0.058591827750206,0.534080028533936,2296.439
921,drought_grid46819_microbe432_all.pickle,21,12,18,1,0.0973678752779961,5.05127900396474e-05,2.39823457377497e-05,5.90600279792852e-07,0.0223436411470175,0.123392969369888,2977.0579
922,drought_grid46819_microbe432_all.pickle,22,12,34,1,0.0532281138002872,6.69920991640538e-05,4.82989089505281e-05,9.00459554031841e-07,0.0459408573806286,0.390746235847473,362.19528
923,drought_grid46819_microbe432_all.pickle,23,12,40,1,0.0932128727436066,2.1738582290709e-05,3.22679625242017e-05,2.09546115570447e-07,0.0753204450011253,0.72361296415329,7241.279
924,drought_grid46819_microbe432_all.pickle,24,11,18,1,0.0734095424413681,9.24353662412614e-05,3.08647322526667e-05,8.77925856457296e-07,0.0394947044551373,0.317712187767029,592.0443
925,drought_grid46819_microbe432_all.pickle,25,12,12,1,0.0755620077252388,3.32774507114664e-05,1.77380679815542e-05,4.4741855731445e-07,0.0460438132286072,0.39191272854805,733.32965
926,drought_grid46819_microbe4365_all.pickle,1,8,3,1,0.0919203162193298,9.03870823094621e-05,3.59955956810154e-05,9.86858594842488e-07,0.0351550877094269,0.259530276060104,3.0960336
927,drought_grid46819_microbe4365_all.pickle,2,12,37,1,0.0800276473164558,9.79301403276622e-05,1.2621249879885e-05,5.3703786306869e-07,0.0136134196072817,0.00423337938264012,3013.1304
928,drought_grid46819_microbe4365_all.pickle,3,12,28,1,0.05261355265975,7.63579591875896e-05,3.96701834688429e-05,1.39581516123144e-07,0.040493655949831,0.322799265384674,208.82648
929,drought_grid46819_microbe4365_all.pickle,4,12,0,1,0.0986809283494949,5.13897866767365e-05,7.65338627388701e-05,7.21097023870243e-07,0.0451020188629627,0.377414405345917,2236.6873
930,drought_grid46819_microbe4365_all.pickle,5,12,39,1,0.083766870200634,2.05689284484833e-05,3.23046624544077e-05,9.43660950269987e-07,0.0762139409780502,0.746131241321564,5323.029
931,drought_grid46819_microbe4365_all.pickle,6,11,12,1,0.0582993999123573,9.5036237325985e-05,1.44941313919844e-05,4.73623060770478e-07,0.0676202028989792,0.644284248352051,564.3183
932,drought_grid46819_microbe4365_all.pickle,7,12,24,1,0.061935793608427,8.29032287583686e-05,9.52972477534786e-05,8.57695511058409e-07,0.0304619036614895,0.203909918665886,793.7085
933,drought_grid46819_microbe4365_all.pickle,8,12,16,1,0.064521037042141,6.6423075622879e-05,7.40588729968295e-05,3.77511383931051e-07,0.0816583186388016,0.81065422296524,957.6935
934,drought_grid46819_microbe4365_all.pickle,9,12,31,1,0.0701119378209114,1.40054316943861e-05,6.99920783517882e-05,9.06648608633986e-07,0.0132562117651105,0,373.28528
935,drought_grid46819_microbe4365_all.pickle,10,12,35,1,0.0510194040834904,7.09306841599755e-05,9.88360479823314e-05,6.18606691205059e-07,0.018763480708003,0.0652683228254318,189.49718
936,drought_grid46819_microbe4365_all.pickle,11,11,9,1,0.0681470260024071,1.031908323057e-05,4.79830705444328e-05,2.5170456297019e-07,0.0746094435453415,0.727115869522095,994.9324
937,drought_grid46819_microbe4365_all.pickle,12,12,38,1,0.0728618428111076,3.35607728629839e-05,6.54012837912887e-05,5.91766649904457e-07,0.0897000133991241,0.905958831310272,7244.1406
938,drought_grid46819_microbe4365_all.pickle,13,8,2,1,0.0952419862151146,2.18709355976898e-05,1.90641549124848e-05,1.3113022134803e-07,0.0222325846552849,0.106381736695766,4.7599893
939,drought_grid46819_microbe4365_all.pickle,14,12,39,1,0.0770376324653625,4.25674224970862e-05,2.59009284491185e-05,3.99861818323188e-07,0.0962844416499138,0.983992874622345,9906.432
940,drought_grid46819_microbe4365_all.pickle,15,12,17,1,0.0746362805366516,8.02192153059877e-05,9.02626416063868e-05,4.26668577802047e-07,0.0636521950364113,0.59725821018219,1798.4493
941,drought_grid46819_microbe4365_all.pickle,16,12,27,1,0.079460397362709,8.83227621670812e-05,2.37824879150139e-05,2.80740550806513e-07,0.0851462632417679,0.851990938186646,6673.5854
942,drought_grid46819_microbe4365_all.pickle,17,12,24,1,0.0922940298914909,3.02694716083352e-05,6.39268182567321e-05,3.3380473496436e-07,0.0601910762488842,0.556239426136017,3726.9058
943,drought_grid46819_microbe4365_all.pickle,18,12,36,1,0.0567534789443016,5.92672658967786e-05,3.04850418615388e-05,8.48170259359904e-07,0.087816409766674,0.883635640144348,1564.7952
944,drought_grid46819_microbe4365_all.pickle,19,12,23,1,0.0677469372749329,6.23974337941036e-05,8.86600464582443e-05,5.09027017869812e-07,0.0246371552348137,0.134879037737846,751.37177
945,drought_grid46819_microbe4365_all.pickle,20,12,34,1,0.0558907240629196,3.95634306187276e-05,4.42946729890537e-05,8.09785831279441e-07,0.0464307516813278,0.393161624670029,167.86777
946,drought_grid46819_microbe4365_all.pickle,21,12,27,1,0.0851605236530304,7.37865120754577e-05,5.19776222063228e-05,2.37636356814619e-07,0.0522325783967972,0.461920827627182,3349.6072
947,drought_grid46819_microbe4365_all.pickle,22,9,9,1,0.0869027078151703,3.62583487003576e-05,8.55378821142949e-05,6.44821739115287e-07,0.0381231941282749,0.294706225395203,4.679064
948,drought_grid46819_microbe4365_all.pickle,23,11,4,1,0.0894797816872597,4.88372061226983e-05,5.39280663360842e-05,1.76753346181613e-07,0.0641377493739128,0.60301262140274,2634.2065
949,drought_grid46819_microbe4365_all.pickle,24,12,20,1,0.0634724497795105,5.40181135875173e-05,8.18025437183678e-05,6.99740155596373e-07,0.0549651607871056,0.494305491447449,435.6414
950,drought_grid46819_microbe4365_all.pickle,25,12,39,1,0.0966015532612801,2.58199343079468e-05,5.92783180763945e-05,7.76174942984653e-07,0.0976351052522659,1,12277.711
951,drought_grid46819_microbe5932_all.pickle,1,12,25,1,0.0953654646873474,1.06503557617543e-05,3.17907542921603e-05,3.18119845132969e-07,0.0866815373301506,0.877079904079437,8483.446
952,drought_grid46819_microbe5932_all.pickle,2,12,37,1,0.0616315603256226,5.66769995202776e-05,9.68187014223076e-05,7.94137577031506e-07,0.0728351548314095,0.715410649776459,1260.9637
953,drought_grid46819_microbe5932_all.pickle,3,12,35,1,0.0873548090457916,7.15273708919995e-05,2.92541008093394e-05,3.75341812741681e-07,0.0371156632900238,0.298352718353271,2826.9255
954,drought_grid46819_microbe5932_all.pickle,4,12,38,1,0.0819839462637901,3.86656065529678e-05,6.25563116045669e-05,9.79255446509342e-07,0.0220030397176743,0.121898926794529,1284.362
955,drought_grid46819_microbe5932_all.pickle,5,9,15,1,0.0835017561912537,3.05754292639904e-05,8.78921782714315e-05,7.15900512204826e-07,0.0957905352115631,0.983435869216919,5755.241
956,drought_grid46819_microbe5932_all.pickle,6,11,5,1,0.0899019539356232,4.50624029326718e-05,7.19584713806398e-05,8.88735087301029e-07,0.0709614828228951,0.693533837795258,3122.5383
957,drought_grid46819_microbe5932_all.pickle,7,8,6,1,0.0535252690315247,2.12503036891576e-05,4.03704470954835e-05,1.59869884441832e-07,0.0599942095577717,0.565480768680573,101.06263
958,drought_grid46819_microbe5932_all.pickle,8,12,33,1,0.0595321841537952,6.06318862992339e-05,1.21437587949913e-05,7.0280503905451e-07,0.0554842427372932,0.512822806835175,359.77856
959,drought_grid46819_microbe5932_all.pickle,9,12,35,1,0.0550267659127712,8.82607419043779e-05,4.4393542339094e-05,9.11999734398705e-07,0.0115628410130739,0,226.92532
960,drought_grid46819_microbe5932_all.pickle,10,12,27,1,0.0919176563620567,7.54790526116267e-05,7.65389122534543e-05,5.04469994666579e-07,0.0644244253635406,0.617207646369934,4825.8296
961,drought_grid46819_microbe5932_all.pickle,11,12,7,1,0.0573900677263737,2.64125756075373e-05,5.71884702367242e-05,4.14832243222918e-07,0.0834872275590897,0.839783430099487,845.699
962,drought_grid46819_microbe5932_all.pickle,12,12,38,1,0.0921141728758812,6.99082956998609e-05,4.74218795716297e-05,5.87907038607227e-07,0.0904692187905312,0.9213045835495,8015.6934
963,drought_grid46819_microbe5932_all.pickle,13,12,13,1,0.0858328267931938,3.33704520016909e-05,9.39524252316914e-05,6.53138897632743e-07,0.0286093186587095,0.199033319950104,1710.0311
964,drought_grid46819_microbe5932_all.pickle,14,11,9,1,0.0690686628222466,5.96627542108763e-05,1.9026783775189e-05,1.15458220761866e-07,0.0502509847283363,0.451719701290131,539.7196
965,drought_grid46819_microbe5932_all.pickle,15,6,1,1,0.0798808932304382,4.13758716604207e-05,6.86502171447501e-05,9.32971545353212e-07,0.0155308209359646,0.0463298186659813,0.5201347
966,drought_grid46819_microbe5932_all.pickle,16,12,22,1,0.098529040813446,9.43950726650655e-05,8.00494381110184e-05,4.26553583565692e-07,0.0495432652533054,0.443456381559372,5017.2847
967,drought_grid46819_microbe5932_all.pickle,17,12,31,1,0.0770418494939804,1.7302429114352e-05,5.09635719936341e-05,1.98316129740306e-07,0.0756793767213821,0.748619556427002,1973.1973
968,drought_grid46819_microbe5932_all.pickle,18,12,40,1,0.074465274810791,8.34713064250536e-05,2.29283923545154e-05,2.95949462270073e-07,0.0318683050572872,0.237084984779358,1857.2211
969,drought_grid46819_microbe5932_all.pickle,19,12,35,1,0.0664266422390938,5.24605347891338e-05,2.53046728175832e-05,2.37139701653177e-07,0.020224753767252,0.101135805249214,521.14343
970,drought_grid46819_microbe5932_all.pickle,20,12,27,1,0.0650356709957123,6.75540941301733e-05,1.43944971568999e-05,6.10338986462011e-07,0.045472227036953,0.395923316478729,537.28424
971,drought_grid46819_microbe5932_all.pickle,21,12,18,1,0.0973328053951263,9.82889323495328e-05,9.02513129403815e-05,5.53319125629059e-07,0.0628595575690269,0.598936378955841,5977.293
972,drought_grid46819_microbe5932_all.pickle,22,11,30,1,0.0733414962887764,4.67044847027864e-05,3.62354876415338e-05,7.58050020976953e-07,0.0972091928124428,1,5265.8525
973,drought_grid46819_microbe5932_all.pickle,23,11,1,1,0.0630022510886192,8.18388871266507e-05,6.51266236673109e-05,4.80921983125882e-07,0.0247254204005003,0.153685227036476,210.55653
974,drought_grid46819_microbe5932_all.pickle,24,12,33,1,0.0713436752557755,1.60802228492685e-05,8.23952505015768e-05,8.44005796807323e-07,0.0793994292616844,0.79205459356308,2734.8782
975,drought_grid46819_microbe5932_all.pickle,25,12,40,1,0.0501319654285908,9.26684588193893e-05,5.61427150387317e-05,2.59340282582343e-07,0.0421543903648853,0.357184499502182,176.17317
976,drought_grid46819_microbe5935_all.pickle,1,12,34,1,0.069947324693203,5.66879316465929e-05,9.97432653093711e-05,9.63313368629315e-07,0.0475836284458637,0.413401305675507,1170.5372
977,drought_grid46819_microbe5935_all.pickle,2,11,16,1,0.0909053310751915,8.5089159256313e-05,9.32776092668064e-05,7.63453385843604e-07,0.0368354804813862,0.290656238794327,2597.0725
978,drought_grid46819_microbe5935_all.pickle,3,12,27,1,0.0978851169347763,9.82893761829473e-05,1.13947698991979e-05,2.28291540338432e-07,0.0962909683585167,0.969644725322723,8636.606
979,drought_grid46819_microbe5935_all.pickle,4,4,0,1,0.0652836263179779,6.35995165794156e-05,7.31966574676335e-05,2.86477757072134e-07,0.067529208958149,0.641182124614716,1.4005845
980,drought_grid46819_microbe5935_all.pickle,5,10,2,1,0.0957752987742424,3.32758500007913e-05,7.58897149353288e-05,3.29799291876043e-07,0.0113842254504561,0,24.705517
981,drought_grid46819_microbe5935_all.pickle,6,12,31,1,0.0758173316717148,4.32740744145121e-05,2.58854761341354e-05,3.84638184414143e-07,0.0455524958670139,0.390205562114716,2078.9702
982,drought_grid46819_microbe5935_all.pickle,7,11,5,1,0.0980111882090569,5.07402910443489e-05,2.18020377360517e-05,7.3313708526257e-07,0.0315579921007156,0.230386719107628,1575.6395
983,drought_grid46819_microbe5935_all.pickle,8,7,0,1,0.0828490704298019,6.91170644131489e-05,3.68560358765535e-05,7.89387911481754e-07,0.0726529285311699,0.699695587158203,8.367112
984,drought_grid46819_microbe5935_all.pickle,9,12,38,1,0.0530349127948284,7.96804888523184e-05,4.99431807838846e-05,6.36924880836887e-07,0.019099609926343,0.0881105735898018,270.66895
985,drought_grid46819_microbe5935_all.pickle,10,12,34,1,0.0891717746853828,8.6454143456649e-05,6.67898202664219e-05,6.69909525186085e-07,0.0558385774493217,0.507673799991608,4921.1772
986,drought_grid46819_microbe5935_all.pickle,11,12,21,1,0.0556068047881126,4.16274888266344e-05,6.98640287737362e-05,9.80451204668498e-07,0.0518549717962742,0.462180554866791,280.4687
987,drought_grid46819_microbe5935_all.pickle,12,12,32,1,0.0599423088133335,2.45688261202304e-05,9.24875057535246e-05,2.66728960696128e-07,0.0142091643065214,0.0322611257433891,345.23172
988,drought_grid46819_microbe5935_all.pickle,13,12,26,1,0.0713600516319275,6.60832520225085e-05,4.34157409472391e-05,5.13367922394536e-07,0.0582683868706226,0.535422503948212,2786.4414
989,drought_grid46819_microbe5935_all.pickle,14,12,40,1,0.0608532018959522,3.12789816234726e-05,2.91148589894874e-05,8.884221642802e-07,0.098949022591114,1,6976.095
990,drought_grid46819_microbe5935_all.pickle,15,12,24,1,0.084786981344223,1.5210143828881e-05,1.96952405531192e-05,4.21897112801162e-07,0.0892860069870949,0.889647245407104,8834.739
991,drought_grid46819_microbe5935_all.pickle,16,10,16,1,0.0735287219285965,8.94226104719564e-05,5.78540966671426e-05,1.50241490359804e-07,0.0621913075447083,0.58022266626358,1545.5084
992,drought_grid46819_microbe5935_all.pickle,17,12,20,1,0.0934971421957016,7.37074369681068e-05,1.62203359650448e-05,8.47242404233839e-07,0.0751758888363838,0.728508114814758,6436.757
993,drought_grid46819_microbe5935_all.pickle,18,12,39,1,0.0806704610586166,1.02305648397305e-05,4.12359222536907e-05,1.95121941715115e-07,0.083120234310627,0.819233417510986,5918.507
994,drought_grid46819_microbe5935_all.pickle,19,12,18,1,0.0569390505552292,9.4032526249066e-05,8.64242028910667e-05,6.81436688410031e-07,0.0812477320432663,0.797849237918854,1873.3978
995,drought_grid46819_microbe5935_all.pickle,20,12,27,1,0.0770347341895103,2.36203959502745e-05,7.91226848377846e-05,4.70679253794515e-07,0.0397705845534801,0.324175447225571,1405.6942
996,drought_grid46819_microbe5935_all.pickle,21,11,6,1,0.0787461847066879,5.80810883548111e-05,8.3163584349677e-05,5.6622320698807e-07,0.0336566865444183,0.254354059696198,1197.3052
997,drought_grid46819_microbe5935_all.pickle,22,12,26,1,0.0515786446630955,1.89418988156831e-05,6.10569913988002e-05,5.80460948640393e-07,0.0251758508384228,0.157501935958862,101.61037
998,drought_grid46819_microbe5935_all.pickle,23,12,37,1,0.063075490295887,7.52364649088122e-05,3.33136886183638e-05,1.35979647097884e-07,0.0224842075258493,0.126763060688972,868.6965
999,drought_grid46819_microbe5935_all.pickle,24,12,25,1,0.0665704011917114,4.94218220410403e-05,4.89177436975297e-05,9.16950568807806e-07,0.0864057093858719,0.856753945350647,2741.2212
1000,drought_grid46819_microbe5935_all.pickle,25,12,9,1,0.0862181410193443,3.63121653208509e-05,5.36232000740711e-05,4.50438022880917e-07,0.0689438506960869,0.657337486743927,4046.2637
1001,drought_grid46819_microbe7740_all.pickle,1,12,27,1,0.0738894864916801,9.16384888114408e-05,3.53980431100354e-05,5.65322466172802e-07,0.0453188419342041,0.383472830057144,2893.8096
1002,drought_grid46819_microbe7740_all.pickle,2,12,29,1,0.0629224926233292,1.67951347975759e-05,9.16880017030053e-05,1.69288227880315e-07,0.0730438828468323,0.708102345466614,673.0013
1003,drought_grid46819_microbe7740_all.pickle,3,12,9,1,0.0949077755212784,5.4112373618409e-05,9.90637126960792e-05,1.90271890687654e-07,0.0494956076145172,0.432378113269806,1704.7084
1004,drought_grid46819_microbe7740_all.pickle,4,12,17,1,0.0527798272669315,5.94156917941291e-05,5.27273441548459e-05,3.01155751003535e-07,0.0611633881926537,0.56899493932724,184.37149
1005,drought_grid46819_microbe7740_all.pickle,5,7,1,1,0.0762202441692352,9.91759225144051e-05,7.8834367741365e-05,7.66277935326798e-07,0.0564717203378677,0.51406067609787,3.1358023
1006,drought_grid46819_microbe7740_all.pickle,6,12,15,1,0.0747650638222694,7.0376685471274e-05,6.15682802163064e-05,6.70828683269065e-07,0.0902487710118294,0.909552574157715,6935.646
1007,drought_grid46819_microbe7740_all.pickle,7,12,33,1,0.0857118293642998,3.26728186337277e-05,1.91414637811249e-05,4.55837948720728e-07,0.0674606263637543,0.642728626728058,4947.4976
1008,drought_grid46819_microbe7740_all.pickle,8,6,4,1,0.0796502232551575,1.86705692613032e-05,4.74471489724237e-05,8.95001392109407e-07,0.0323271565139294,0.231354564428329,9.046519
1009,drought_grid46819_microbe7740_all.pickle,9,11,16,1,0.0702188089489937,6.32306037005037e-05,5.80170126340818e-05,8.05048387064744e-07,0.0835066810250282,0.830610156059265,3595.2576
1010,drought_grid46819_microbe7740_all.pickle,10,12,31,1,0.0965951457619667,2.34945182455704e-05,1.03733227660996e-05,3.3019063039319e-07,0.0258103180676699,0.155049622058868,2562.8235
1011,drought_grid46819_microbe7740_all.pickle,11,11,20,1,0.0870840772986412,2.46865347435232e-05,6.98510557413101e-05,7.33170963940211e-07,0.0399946048855782,0.321131885051727,2098.3784
1012,drought_grid46819_microbe7740_all.pickle,12,12,21,1,0.0903527662158012,1.34017664095154e-05,8.73768512974493e-05,4.19801352791183e-07,0.0498455092310905,0.436475098133087,1941.3098
1013,drought_grid46819_microbe7740_all.pickle,13,12,25,1,0.0684922188520432,7.98797482275404e-05,3.20359176839702e-05,8.39950530462374e-07,0.0979734510183334,1,8355.829
1014,drought_grid46819_microbe7740_all.pickle,14,12,22,1,0.0653835833072662,3.9553597162012e-05,7.78603061917238e-05,6.28222949217161e-07,0.0694418922066689,0.665927052497864,897.47
1015,drought_grid46819_microbe7740_all.pickle,15,10,1,1,0.0587526522576809,4.29423671448603e-05,9.30973546928726e-05,9.33219723719958e-07,0.0950283780694008,0.965516448020935,790.892
1016,drought_grid46819_microbe7740_all.pickle,16,12,22,1,0.056685633957386,2.94843794108601e-05,4.04603051720187e-05,3.57347516910522e-07,0.0785217061638832,0.772241592407227,498.86118
1017,drought_grid46819_microbe7740_all.pickle,17,12,26,1,0.0997351706027985,6.55342810205184e-05,6.5920248744078e-05,9.89271597973129e-07,0.0289149675518274,0.19140163064003,3556.5945
1018,drought_grid46819_microbe7740_all.pickle,18,12,23,1,0.0826830640435219,7.81855997047387e-05,2.60001161223045e-05,1.34737589974065e-07,0.0863727927207947,0.864169120788574,6445.022
1019,drought_grid46819_microbe7740_all.pickle,19,12,33,1,0.0677571967244148,8.50129290483892e-05,5.48857206013054e-05,8.73382646204846e-07,0.0213798657059669,0.103173926472664,694.7459
1020,drought_grid46819_microbe7740_all.pickle,20,12,33,1,0.0544254295527935,8.78410355653614e-05,7.37276350264437e-05,2.2075030869928e-07,0.0378890298306942,0.296477943658829,475.11884
1021,drought_grid46819_microbe7740_all.pickle,21,12,37,1,0.0924796015024185,5.15550382260699e-05,2.95468144031474e-05,5.26617498053383e-07,0.0571580938994884,0.52209734916687,3947.2397
1022,drought_grid46819_microbe7740_all.pickle,22,12,31,1,0.0612693391740322,4.67792633571662e-05,1.41117589009809e-05,6.93320771461003e-07,0.0125682791694999,0,347.43243
1023,drought_grid46819_microbe7740_all.pickle,23,12,19,1,0.0816361531615257,9.3872171419207e-05,4.42089985881466e-05,5.6975301276907e-07,0.0769764930009842,0.754148840904236,5657.3594
1024,drought_grid46819_microbe7740_all.pickle,24,9,6,1,0.0895411446690559,3.77320066036191e-05,8.5427935118787e-05,4.93047025429405e-07,0.0142760248854756,0.0199958123266697,824.76294
1025,drought_grid46819_microbe7740_all.pickle,25,11,4,1,0.050913579761982,7.16120339347981e-05,2.20951333176345e-05,2.67051547098163e-07,0.0189831200987101,0.0751106888055801,55.76612
1026,moist_grid46819_microbe1014_all.pickle,1,4,3,1,0.0760095119476318,5.90551535424311e-05,6.20493010501377e-05,2.13483701827499e-07,0.0745483264327049,0.717041194438934,3.5267842
1027,moist_grid46819_microbe1014_all.pickle,2,7,1,1,0.0569225586950779,2.08330966415815e-05,8.91676827450283e-05,2.74299708280523e-07,0.0994395986199379,1,241.54149
1028,moist_grid46819_microbe1014_all.pickle,3,12,25,1,0.0734380036592484,9.54203933360986e-05,3.57474855263717e-05,1.07936713789059e-07,0.0763126835227013,0.737098038196564,5161.231
1029,moist_grid46819_microbe1014_all.pickle,4,11,1,1,0.0625025108456612,6.65515690343454e-05,8.95540360943414e-05,2.85100497876556e-07,0.0258530788123608,0.163483738899231,1209.4282
1030,moist_grid46819_microbe1014_all.pickle,5,12,35,1,0.0672648549079895,7.17670991434716e-05,5.93440818192903e-05,9.75158286564692e-07,0.0168408993631601,0.0610351599752903,3038.893
1031,moist_grid46819_microbe1014_all.pickle,6,12,23,1,0.0757441520690918,2.55098220804939e-05,8.29051059554331e-05,8.07212870768126e-07,0.0487916804850101,0.424245029687881,4907.9497
1032,moist_grid46819_microbe1014_all.pickle,7,12,25,1,0.097904808819294,4.92711369588505e-05,4.55747940577567e-05,3.2967221841318e-07,0.023972786962986,0.142108976840973,7026.082
1033,moist_grid46819_microbe1014_all.pickle,8,12,14,1,0.0818983092904091,1.7961630874197e-05,3.94521521229763e-05,6.26384291990689e-07,0.0431248247623444,0.3598253428936,5759.4478
1034,moist_grid46819_microbe1014_all.pickle,9,6,2,1,0.0543295703828335,5.52022174815647e-05,7.9210898547899e-05,7.75128626173682e-07,0.084260456264019,0.827446639537811,163.51302
1035,moist_grid46819_microbe1014_all.pickle,10,12,25,1,0.0982491001486778,9.68129897955805e-05,7.74868240114301e-05,2.00673909489524e-07,0.0322742126882076,0.236477866768837,7019.175
1036,moist_grid46819_microbe1014_all.pickle,11,12,23,1,0.0939468592405319,4.34209323429968e-05,1.68276765180053e-05,8.66273182964505e-07,0.0806158408522606,0.786015450954437,8454.673
1037,moist_grid46819_microbe1014_all.pickle,12,12,22,1,0.0507564507424831,3.75552008335944e-05,2.73884888883913e-05,5.55420228920411e-07,0.0882321447134018,0.872595965862274,812.76556
1038,moist_grid46819_microbe1014_all.pickle,13,12,26,1,0.0846844837069511,2.80330677924212e-05,4.86475983052514e-05,5.04360912145785e-07,0.0176365859806538,0.0700803622603416,5078.8423
1039,moist_grid46819_microbe1014_all.pickle,14,12,11,1,0.0647300779819489,1.14907252282137e-05,2.40272529481445e-05,1.53907819822052e-07,0.0372146666049957,0.292639911174774,1755.8196
1040,moist_grid46819_microbe1014_all.pickle,15,12,33,1,0.0861057639122009,3.20642102451529e-05,1.32326413222472e-05,4.12506011571168e-07,0.0394270792603493,0.317790150642395,6782.121
1041,moist_grid46819_microbe1014_all.pickle,16,12,31,1,0.0797049626708031,4.01389079343062e-05,4.98512708873022e-05,6.7722533003689e-07,0.0627026036381721,0.5823814868927,6528.9375
1042,moist_grid46819_microbe1014_all.pickle,17,12,20,1,0.0522178113460541,6.30589347565547e-05,3.29406320815906e-05,7.32956777937943e-07,0.0530691742897034,0.472870647907257,401.28452
1043,moist_grid46819_microbe1014_all.pickle,18,12,23,1,0.0586499236524105,8.68377610458992e-05,6.99052907293662e-05,4.5454498831532e-07,0.0114717688411474,0,931.5385
1044,moist_grid46819_microbe1014_all.pickle,19,12,32,1,0.0954964682459831,7.00337186572142e-05,9.95700538624078e-05,3.73387649688084e-07,0.0895830914378166,0.887953281402588,8028.5454
1045,moist_grid46819_microbe1014_all.pickle,20,11,17,1,0.0900735631585121,9.22424442251213e-05,7.19227900844999e-05,9.10191602088162e-07,0.0932803675532341,0.929983139038086,5464.924
1046,moist_grid46819_microbe1014_all.pickle,21,10,9,1,0.083176426589489,1.47895862028236e-05,2.07630273507675e-05,9.60694933382911e-07,0.0651524364948273,0.610230684280396,5192.3467
1047,moist_grid46819_microbe1014_all.pickle,22,12,19,1,0.0691538080573082,7.85432348493487e-05,3.12418706016615e-05,4.73981629056652e-07,0.0299378838390112,0.209918960928917,3567.2915
1048,moist_grid46819_microbe1014_all.pickle,23,12,16,1,0.0712233036756516,8.33772646728903e-05,5.34202154085506e-05,8.27627388844121e-07,0.0568323396146297,0.515649557113647,3410.5044
1049,moist_grid46819_microbe1014_all.pickle,24,12,33,1,0.0882051140069962,5.24445677001495e-05,9.45354768191464e-05,6.65655363718543e-07,0.0564615987241268,0.511435091495514,6588.74
1050,moist_grid46819_microbe1014_all.pickle,25,12,28,1,0.0610210224986076,7.81827766331844e-05,6.55866388115101e-05,5.95420715399086e-07,0.0703842863440514,0.669705271720886,1725.1152
1051,moist_grid46819_microbe1023_all.pickle,1,12,33,1,0.0620041862130165,6.43438906990923e-05,1.8780339814839e-05,6.67130279907724e-07,0.0957397520542145,0.965875267982483,3261.5586
1052,moist_grid46819_microbe1023_all.pickle,2,9,0,1,0.0777557790279388,7.8087869042065e-05,7.58888272684999e-05,7.45760871723178e-07,0.0106720831245184,0,1400.2542
1053,moist_grid46819_microbe1023_all.pickle,3,12,26,1,0.0603247620165348,4.66813471575733e-05,8.46528855618089e-05,5.69325493415818e-07,0.0339831411838531,0.264678388834,1064.6865
1054,moist_grid46819_microbe1023_all.pickle,4,12,34,1,0.093331091105938,7.42584015824832e-05,9.76634109974839e-05,1.63613620429715e-07,0.046148058027029,0.402801305055618,6803.396
1055,moist_grid46819_microbe1023_all.pickle,5,12,28,1,0.0748966485261917,2.35326206166064e-05,9.25968633964658e-05,8.18752994291572e-07,0.087560661137104,0.873008191585541,6345.832
1056,moist_grid46819_microbe1023_all.pickle,6,10,7,1,0.070834293961525,5.68640170968138e-05,5.76735765207559e-05,6.28974532901339e-07,0.0892583578824997,0.892284214496613,34.790714
1057,moist_grid46819_microbe1023_all.pickle,7,12,28,1,0.0918982475996017,4.41436313849408e-05,4.15785361838061e-05,9.8870771125803e-07,0.0543199479579926,0.495586544275284,7433.966
1058,moist_grid46819_microbe1023_all.pickle,8,12,9,1,0.0519361309707165,3.80339661205653e-05,2.83540321106557e-05,4.30936154316441e-07,0.0165368113666773,0.0665892958641052,361.22833
1059,moist_grid46819_microbe1023_all.pickle,9,5,1,1,0.0731429532170296,3.09106799250003e-05,4.45834157289937e-05,4.13910157703867e-07,0.058973953127861,0.548429012298584,3.8422089
1060,moist_grid46819_microbe1023_all.pickle,10,12,26,1,0.089940570294857,1.67827729455894e-05,9.51704714680091e-05,2.76591293868478e-07,0.0810496807098389,0.799081265926361,7940.2637
1061,moist_grid46819_microbe1023_all.pickle,11,12,15,1,0.0521201975643635,8.86810594238341e-05,8.82714666659012e-05,8.30212059099722e-07,0.0619739778339863,0.582491934299469,514.8104
1062,moist_grid46819_microbe1023_all.pickle,12,12,30,1,0.0651256814599037,3.51926319126505e-05,2.36175947065931e-05,4.66332153337135e-07,0.0987452268600464,1,3893.5823
1063,moist_grid46819_microbe1023_all.pickle,13,12,16,1,0.0988963693380356,8.19870183477178e-05,6.24111853539944e-05,3.11016208343062e-07,0.0716169103980064,0.691979706287384,8000.663
1064,moist_grid46819_microbe1023_all.pickle,14,11,20,1,0.055890154093504,2.05910455406411e-05,5.09973942826036e-05,5.61479168936785e-07,0.0759396329522133,0.741060733795166,541.4989
1065,moist_grid46819_microbe1023_all.pickle,15,5,1,1,0.0578814074397087,5.0538841605885e-05,2.5297500542365e-05,8.69932307523413e-07,0.0848093777894974,0.841769576072693,21.046074
1066,moist_grid46819_microbe1023_all.pickle,16,12,23,1,0.0804580226540565,8.23072623461485e-05,3.51335002051201e-05,9.58115037974494e-07,0.0642818585038185,0.608696043491364,6976.597
1067,moist_grid46819_microbe1023_all.pickle,17,9,4,1,0.0589950531721115,2.50089815381216e-05,1.71789106389042e-05,3.30277288185243e-07,0.0300628393888474,0.220166504383087,634.9832
1068,moist_grid46819_microbe1023_all.pickle,18,8,6,1,0.0846918895840645,5.42097368452232e-05,7.00543168932199e-05,3.58848438963832e-07,0.0681841522455215,0.653003454208374,6151.6377
1069,moist_grid46819_microbe1023_all.pickle,19,12,31,1,0.086938239634037,6.80802695569582e-05,6.62433740217239e-05,7.79845152010239e-07,0.0387596897780895,0.318912267684937,6298.056
1070,moist_grid46819_microbe1023_all.pickle,20,12,20,1,0.0698054805397987,1.35539421535213e-05,7.3614704888314e-05,9.00118038771325e-07,0.0411953181028366,0.346566885709763,2663.723
1071,moist_grid46819_microbe1023_all.pickle,21,12,9,1,0.079811803996563,6.05459063081071e-05,5.50002296222374e-05,5.03576643495762e-07,0.0452433042228222,0.392528563737869,4393.873
1072,moist_grid46819_microbe1023_all.pickle,22,12,35,1,0.067971371114254,8.9838242274709e-05,1.17292174763861e-05,7.09686389654962e-07,0.0255755018442869,0.169216379523277,1797.1646
1073,moist_grid46819_microbe1023_all.pickle,23,11,11,1,0.0961161926388741,9.51185429585166e-05,4.93646621180233e-05,1.02573416427276e-07,0.0179922394454479,0.0831145122647285,7743.93
1074,moist_grid46819_microbe1023_all.pickle,24,12,17,1,0.0957333147525787,9.91677734418772e-05,8.07970864116214e-05,1.74465640156996e-07,0.0520399175584316,0.469698667526245,7619.9077
1075,moist_grid46819_microbe1023_all.pickle,25,12,31,1,0.0837549194693565,4.20300748373847e-05,3.75727249775082e-05,2.36801469100101e-07,0.0225383620709181,0.134732097387314,6159.0156
1076,moist_grid46819_microbe1114_all.pickle,1,12,13,1,0.0868769660592079,6.75219780532643e-05,5.41884837730322e-05,8.66907953422924e-07,0.081381119787693,0.820367813110352,7141.308
1077,moist_grid46819_microbe1114_all.pickle,2,12,14,1,0.0995000749826431,8.49827556521632e-05,5.92554752074648e-05,2.08708058835327e-07,0.096408911049366,1,9814.472
1078,moist_grid46819_microbe1114_all.pickle,3,12,37,1,0.0938869416713715,9.44828352658078e-05,3.67267966794316e-05,2.06008323289097e-07,0.0447136498987675,0.382069319486618,7608.956
1079,moist_grid46819_microbe1114_all.pickle,4,12,29,1,0.057762261480093,5.74759687879123e-05,8.08993063401431e-05,2.79193216101703e-07,0.0499046109616756,0.444118618965149,2377.0525
1080,moist_grid46819_microbe1114_all.pickle,5,11,9,1,0.0771245807409286,8.05707750259899e-05,7.5369949627202e-05,4.63500498426583e-07,0.0688976272940636,0.671148419380188,2209.5808
1081,moist_grid46819_microbe1114_all.pickle,6,11,6,1,0.0632932335138321,6.95554335834458e-05,6.91110617481172e-05,3.84478596515692e-07,0.0621985793113708,0.591072499752045,3207.8438
1082,moist_grid46819_microbe1114_all.pickle,7,9,6,1,0.0819239020347595,4.35232759627979e-05,1.27627408801345e-05,9.54694542087964e-07,0.0199916232377291,0.0865587368607521,859.1207
1083,moist_grid46819_microbe1114_all.pickle,8,12,29,1,0.0836671590805054,1.37847682708525e-05,4.22933990193997e-05,7.98905318788456e-07,0.0727784112095833,0.717536747455597,6687.2637
1084,moist_grid46819_microbe1114_all.pickle,9,12,23,1,0.0892438888549805,1.32409359139274e-05,8.58459970913827e-05,9.04671537682589e-07,0.0841330513358116,0.853262543678284,9429.291
1085,moist_grid46819_microbe1114_all.pickle,10,12,13,1,0.0856198742985725,9.69755055848509e-05,3.36287885147613e-05,5.77381513267028e-07,0.0570518411695957,0.529551804065704,5855.9307
1086,moist_grid46819_microbe1114_all.pickle,11,12,20,1,0.0736343488097191,4.04263591917697e-05,7.35273570171557e-05,6.87968451984489e-07,0.0491389036178589,0.434965848922729,3946.0037
1087,moist_grid46819_microbe1114_all.pickle,12,12,18,1,0.0787932649254799,3.05534522340167e-05,1.41168411573744e-05,2.82563803466473e-07,0.0311077311635017,0.219433262944221,6081.485
1088,moist_grid46819_microbe1114_all.pickle,13,11,23,1,0.0598160848021507,6.22733205091208e-05,4.66843230242375e-05,6.14831776601932e-07,0.0554004199802876,0.509811818599701,951.405
1089,moist_grid46819_microbe1114_all.pickle,14,10,3,1,0.0662067979574203,7.23662524251267e-05,8.37257466628216e-05,7.63161381200916e-07,0.0349390022456646,0.26522970199585,387.79462
1090,moist_grid46819_microbe1114_all.pickle,15,12,17,1,0.0708102062344551,2.31831709243124e-05,2.74536669166991e-05,5.54083896986413e-07,0.0859634280204773,0.875141680240631,5221.2046
1091,moist_grid46819_microbe1114_all.pickle,16,11,9,1,0.0689785107970238,4.81721908727195e-05,2.20993679249659e-05,1.21909309314105e-07,0.0156060373410583,0.0341363735496998,1556.4648
1092,moist_grid46819_microbe1114_all.pickle,17,7,1,1,0.0748886540532112,5.00103706144728e-05,4.32127526437398e-05,7.21239018730557e-07,0.0382770970463753,0.305131077766418,0.95791566
1093,moist_grid46819_microbe1114_all.pickle,18,7,0,1,0.0959363281726837,5.62910463486332e-05,9.14086267584935e-05,6.52747417007049e-07,0.0410250686109066,0.337978482246399,60.391422
1094,moist_grid46819_microbe1114_all.pickle,19,12,21,1,0.0549039952456951,9.20459133340046e-05,1.95337506738724e-05,4.35023963518688e-07,0.0649511739611626,0.623975157737732,410.90634
1095,moist_grid46819_microbe1114_all.pickle,20,12,30,1,0.0517201721668243,1.8617221940076e-05,6.66111154714599e-05,3.17705200814089e-07,0.0277041997760534,0.178749725222588,412.68665
1096,moist_grid46819_microbe1114_all.pickle,21,12,36,1,0.0919973403215408,7.66910598031245e-05,5.26708536199294e-05,9.72725729297963e-07,0.0127502335235476,0,7533.949
1097,moist_grid46819_microbe1114_all.pickle,22,12,35,1,0.053092285990715,2.69159972958732e-05,9.31887698243372e-05,3.94454929164567e-07,0.0946195051074028,0.978610634803772,1604.8413
1098,moist_grid46819_microbe1114_all.pickle,23,11,17,1,0.0977631881833076,3.5094162740279e-05,2.97992519335821e-05,8.31219551855611e-07,0.0755101293325424,0.750189900398254,7823.073
1099,moist_grid46819_microbe1114_all.pickle,24,4,1,1,0.0650863721966743,8.76495032571256e-05,9.9955839687027e-05,1.59280872935597e-07,0.0905046686530113,0.929424643516541,29.183893
1100,moist_grid46819_microbe1114_all.pickle,25,11,14,1,0.0617903843522072,3.87022155337036e-05,6.11966170254163e-05,5.15397800882056e-07,0.0238365009427071,0.132517844438553,1809.4451
1101,moist_grid46819_microbe1209_all.pickle,1,12,31,1,0.0835909023880959,6.44428509986028e-05,2.99008224828867e-05,1.75758756881805e-07,0.0313102528452873,0.212304681539536,6040.8247
1102,moist_grid46819_microbe1209_all.pickle,2,12,22,1,0.0663517117500305,4.20747965108603e-05,8.10346682555974e-05,3.53231854433034e-07,0.0207839421927929,0.0867925062775612,2149.6057
1103,moist_grid46819_microbe1209_all.pickle,3,12,29,1,0.0902921631932259,3.28415844705887e-05,6.47772467345931e-05,7.99614383595326e-07,0.0893632769584656,0.904509305953979,8515.331
1104,moist_grid46819_microbe1209_all.pickle,4,12,20,1,0.0724398866295815,9.39788951654918e-05,7.16543872840703e-05,3.98392813849568e-07,0.014574090950191,0.0127483382821083,2068.4543
1105,moist_grid46819_microbe1209_all.pickle,5,12,29,1,0.0529959425330162,4.29511928814463e-05,6.95042763254605e-05,9.10611390736449e-07,0.0623225905001163,0.582085371017456,1071.7123
1106,moist_grid46819_microbe1209_all.pickle,6,12,8,1,0.058116503059864,5.55318729311693e-05,1.67576108651701e-05,8.64787921273091e-07,0.0814315527677536,0.809934139251709,2883.5266
1107,moist_grid46819_microbe1209_all.pickle,7,12,38,1,0.0712597966194153,1.54452354763635e-05,8.56908445712179e-05,7.00839962064492e-07,0.0716532915830612,0.693341434001923,3789.007
1108,moist_grid46819_microbe1209_all.pickle,8,11,14,1,0.0751978680491447,5.84210320084821e-05,3.35383992933203e-05,5.69991925658542e-07,0.0461029708385468,0.388688027858734,5053.379
1109,moist_grid46819_microbe1209_all.pickle,9,12,17,1,0.0652568116784096,7.96928361523896e-05,4.2123552702833e-05,2.45286372546616e-07,0.0579058304429054,0.529421329498291,2011.8387
1110,moist_grid46819_microbe1209_all.pickle,10,12,32,1,0.094112865626812,8.41746223159134e-05,5.54838552488945e-05,2.34002584420523e-07,0.0322783142328262,0.223847523331642,6428.3857
1111,moist_grid46819_microbe1209_all.pickle,11,12,15,1,0.0933507606387138,7.47370286262594e-05,7.69743055570871e-05,9.55738869379275e-07,0.0135049279779196,0,6760.6416
1112,moist_grid46819_microbe1209_all.pickle,12,8,8,1,0.0762335285544395,6.17182449786924e-05,5.91126190556679e-05,4.38019355897268e-07,0.0973717793822289,1,547.0352
1113,moist_grid46819_microbe1209_all.pickle,13,12,24,1,0.0804606303572655,2.16223361348966e-05,6.21662329649553e-05,6.5959835637841e-07,0.0232488811016083,0.11618360877037,3736.3352
1114,moist_grid46819_microbe1209_all.pickle,14,12,34,1,0.0576059259474277,9.65580911724828e-05,1.81574450834887e-05,5.18897138590546e-07,0.0415575727820396,0.334490269422531,1514.6659
1115,moist_grid46819_microbe1209_all.pickle,15,12,13,1,0.0699498131871223,7.54337306716479e-05,1.02337799035013e-05,1.36710923470673e-07,0.0518948026001453,0.457747936248779,4390.491
1116,moist_grid46819_microbe1209_all.pickle,16,12,30,1,0.0981466695666313,6.9188216002658e-05,3.76007774320897e-05,8.22417973722622e-07,0.0839931517839432,0.840477764606476,7809.066
1117,moist_grid46819_microbe1209_all.pickle,17,12,9,1,0.0506208166480064,5.20521207363345e-05,4.51334708486684e-05,3.51486136196399e-07,0.0554062202572823,0.499616831541061,671.3568
1118,moist_grid46819_microbe1209_all.pickle,18,12,14,1,0.088821716606617,2.68031617451925e-05,8.21134817670099e-05,5.35921799382777e-07,0.0677461177110672,0.64675360918045,7830.6157
1119,moist_grid46819_microbe1209_all.pickle,19,12,36,1,0.0548340901732445,4.80929666082375e-05,4.67447825940326e-05,2.80280858078186e-07,0.0256999675184488,0.145409539341927,549.44653
1120,moist_grid46819_microbe1209_all.pickle,20,12,22,1,0.0971008241176605,1.7359277990181e-05,5.08952216478065e-05,7.80168534220138e-07,0.0881076231598854,0.889537334442139,8636.156
1121,moist_grid46819_microbe1209_all.pickle,21,12,33,1,0.0846390798687935,1.23843701658188e-05,9.34224735829048e-05,1.3242831187199e-07,0.0941648781299591,0.961762011051178,8281.377
1122,moist_grid46819_microbe1209_all.pickle,22,12,35,1,0.0610189847648144,3.58647193934303e-05,2.49403456109576e-05,7.15181158739142e-07,0.0447292290627956,0.372308015823364,1681.4392
1123,moist_grid46819_microbe1209_all.pickle,23,11,5,1,0.0866228044033051,8.83555185282603e-05,9.73726346273907e-05,6.18555134224152e-07,0.0756807252764702,0.741363167762756,6009.4526
1124,moist_grid46819_microbe1209_all.pickle,24,12,9,1,0.0796402022242546,3.10757568513509e-05,2.21329300984507e-05,9.74365093497909e-07,0.0377851240336895,0.289508849382401,3743.3208
1125,moist_grid46819_microbe1209_all.pickle,25,12,21,1,0.0623992644250393,9.02136016520672e-05,8.99224323802628e-05,4.89598107833444e-07,0.065668135881424,0.621976435184479,2717.7925
1126,moist_grid46819_microbe1210_all.pickle,1,12,14,1,0.0838104039430618,7.60125549277291e-05,3.81854515580926e-05,4.91462174068147e-07,0.0865437090396881,0.861491978168488,8454.307
1127,moist_grid46819_microbe1210_all.pickle,2,12,28,1,0.0580159947276115,8.16904721432365e-05,9.5170944405254e-05,2.51341504053926e-07,0.0166445448994637,0.0629962384700775,1478.6471
1128,moist_grid46819_microbe1210_all.pickle,3,12,30,1,0.0884082019329071,3.87032705475576e-05,6.68647335260175e-05,9.66622451414878e-07,0.0748597979545593,0.728020370006561,8136.772
1129,moist_grid46819_microbe1210_all.pickle,4,12,33,1,0.0926445350050926,7.30821484467015e-05,8.38059204397723e-05,5.84104441259115e-07,0.050867073237896,0.453938573598862,7011.5405
1130,moist_grid46819_microbe1210_all.pickle,5,12,25,1,0.091200478374958,4.23257224611007e-05,5.09421079186723e-05,6.04477065735409e-07,0.021285330876708,0.116010427474976,6242.619
1131,moist_grid46819_microbe1210_all.pickle,6,12,29,1,0.0854194685816765,6.58303397358395e-05,8.01029236754403e-05,3.44333471957725e-07,0.0657005086541176,0.623388886451721,8196.9795
1132,moist_grid46819_microbe1210_all.pickle,7,8,2,1,0.0720399171113968,8.47430783323944e-05,1.56557180162054e-05,4.13001515653377e-07,0.0578952617943287,0.534225344657898,9.822909
1133,moist_grid46819_microbe1210_all.pickle,8,12,26,1,0.0671073645353317,2.97600363410311e-05,6.90057859173976e-05,2.37793940982556e-07,0.0453582890331745,0.391008764505386,3015.2014
1134,moist_grid46819_microbe1210_all.pickle,9,8,3,1,0.0871668756008148,8.57326594996266e-05,2.63980564341182e-05,8.93534263468609e-07,0.0900106653571129,0.901096880435944,4022.1199
1135,moist_grid46819_microbe1210_all.pickle,10,12,22,1,0.0719685479998589,4.91435166622978e-05,5.77698920096736e-05,1.50505044871352e-07,0.0269580520689487,0.18081296980381,5040.067
1136,moist_grid46819_microbe1210_all.pickle,11,12,29,1,0.0628907606005669,5.54016769456211e-05,4.76467648695689e-05,1.30595367409114e-07,0.0486241206526756,0.428316116333008,3124.4517
1137,moist_grid46819_microbe1210_all.pickle,12,12,22,1,0.099245198071003,2.26836564252153e-05,1.24675789265893e-05,7.96316840023792e-07,0.0941092893481255,0.947917699813843,9470.724
1138,moist_grid46819_microbe1210_all.pickle,13,12,18,1,0.0519868545234203,6.19348502368666e-05,9.18916848604567e-05,1.9274880003195e-07,0.0203270390629768,0.10506334900856,783.20984
1139,moist_grid46819_microbe1210_all.pickle,14,12,1,1,0.0814248993992805,1.15577249744092e-05,2.87320872303098e-05,9.32956879751146e-07,0.0986685007810593,1,6918.197
1140,moist_grid46819_microbe1210_all.pickle,15,12,34,1,0.0528187789022923,9.35991993173957e-05,3.48856883647386e-05,4.49360669563248e-07,0.0689947083592415,0.661020338535309,544.05383
1141,moist_grid46819_microbe1210_all.pickle,16,12,19,1,0.0603879615664482,5.8688110584626e-05,1.9123574020341e-05,6.77709692809003e-07,0.0747457966208458,0.726718068122864,2720.9695
1142,moist_grid46819_microbe1210_all.pickle,17,12,32,1,0.0649924650788307,3.30857874359936e-05,3.93176815123297e-05,5.19221941885917e-07,0.055581659078598,0.507795810699463,2974.464
1143,moist_grid46819_microbe1210_all.pickle,18,12,31,1,0.0558117292821407,9.2430564109236e-05,9.75005168584175e-05,8.66455536652211e-07,0.0340759456157684,0.262124508619308,525.0077
1144,moist_grid46819_microbe1210_all.pickle,19,11,1,1,0.0682379975914955,7.11849133949727e-05,4.49946492153686e-05,3.71745500160614e-07,0.0111299455165863,0,713.3328
1145,moist_grid46819_microbe1210_all.pickle,20,11,15,1,0.0790145248174667,1.59141745825764e-05,7.38639355404302e-05,8.39707070099394e-07,0.081543393433094,0.804370701313019,6105.733
1146,moist_grid46819_microbe1210_all.pickle,21,10,8,1,0.0768566280603409,2.72184897767147e-05,8.91882154974155e-05,7.65304491778807e-07,0.0634105205535889,0.59722912311554,2106.3442
1147,moist_grid46819_microbe1210_all.pickle,22,12,39,1,0.0941848307847977,1.9357807104825e-05,5.47331037523691e-05,3.12540890945456e-07,0.0400032289326191,0.329835057258606,7703.014
1148,moist_grid46819_microbe1210_all.pickle,23,11,18,1,0.0964786782860756,5.20033354405314e-05,2.30337027460337e-05,5.5501709539385e-07,0.0846002027392387,0.839290261268616,6133.66
1149,moist_grid46819_microbe1210_all.pickle,24,11,13,1,0.0749810785055161,4.49190083600115e-05,7.57393790991046e-05,7.1481849772681e-07,0.0281634945422411,0.194583386182785,2943.1074
1150,moist_grid46819_microbe1210_all.pickle,25,11,10,1,0.0571292005479336,9.99401963781565e-05,6.22506049694493e-05,6.40069742985361e-07,0.0373376123607159,0.299384266138077,964.47705
1151,moist_grid46819_microbe1510_all.pickle,1,10,10,1,0.0714131593704224,9.19903977774084e-05,8.70188596309163e-05,1.39212417593626e-07,0.0608266182243824,0.566630303859711,531.0649
1152,moist_grid46819_microbe1510_all.pickle,2,12,5,1,0.078262023627758,8.65675319801085e-05,6.52983653708361e-05,1.753518716896e-07,0.0961332842707634,0.984871923923492,6290.072
1153,moist_grid46819_microbe1510_all.pickle,3,7,6,1,0.0888003334403038,2.03669078473467e-05,7.32417684048414e-05,9.92518152997945e-07,0.0422516837716103,0.346592277288437,6.071756
1154,moist_grid46819_microbe1510_all.pickle,4,12,36,1,0.0571219548583031,2.34501258091768e-05,7.87617827882059e-05,8.78868945619615e-07,0.0144170708954334,0.0168643612414598,1759.7891
1155,moist_grid46819_microbe1510_all.pickle,5,12,5,1,0.0978695377707481,8.390199218411e-05,2.26421798288357e-05,4.66469032289751e-07,0.0129934335127473,0,8172.715
1156,moist_grid46819_microbe1510_all.pickle,6,12,12,1,0.0514607727527618,5.66030357731506e-05,8.93372780410573e-05,6.96306130976154e-07,0.0974103510379791,1,800.34143
1157,moist_grid46819_microbe1510_all.pickle,7,12,28,1,0.0987834110856056,4.51991363661364e-05,9.89207910606638e-05,7.28727400201024e-07,0.0599996410310268,0.556833982467651,9322.416
1158,moist_grid46819_microbe1510_all.pickle,8,12,16,1,0.0770393386483192,4.78009351354558e-05,2.88734790956369e-05,8.31625698083371e-07,0.0669833123683929,0.6395623087883,7611.1875
1159,moist_grid46819_microbe1510_all.pickle,9,11,11,1,0.0608062520623207,9.34944764594547e-05,6.90670203766786e-05,8.14557722605969e-07,0.0503433533012867,0.442445904016495,738.3772
1160,moist_grid46819_microbe1510_all.pickle,10,6,3,1,0.0803641229867935,9.90764383459464e-05,3.32344097841997e-05,2.45329630388369e-07,0.0483386740088463,0.41869854927063,0.85722804
1161,moist_grid46819_microbe1510_all.pickle,11,7,0,1,0.0585387833416462,6.82888567098416e-05,5.06114338350017e-05,6.4045099179566e-07,0.0248882193118334,0.140905231237411,2.0109806
1162,moist_grid46819_microbe1510_all.pickle,12,12,29,1,0.0542212463915348,3.49730471498333e-05,7.49481041566469e-05,7.48358559121698e-07,0.0334149263799191,0.241912335157394,616.7158
1163,moist_grid46819_microbe1510_all.pickle,13,11,11,1,0.0641862973570824,3.06341898976825e-05,9.55126452026889e-05,5.88381169563945e-07,0.0776463970541954,0.765876889228821,1908.5529
1164,moist_grid46819_microbe1510_all.pickle,14,10,12,1,0.0672124549746513,7.99823901616037e-05,1.82565472641727e-05,5.44875319974381e-07,0.0433904565870762,0.360082119703293,1199.4053
1165,moist_grid46819_microbe1510_all.pickle,15,12,29,1,0.0834260210394859,6.20627470198087e-05,3.87330146622844e-05,5.03570390719688e-07,0.0385075695812702,0.302239626646042,7417.9697
1166,moist_grid46819_microbe1510_all.pickle,16,11,7,1,0.09110127389431,6.63720129523426e-05,4.48569262516685e-05,1.07365693224892e-07,0.0708935931324959,0.685883343219757,10554.673
1167,moist_grid46819_microbe1510_all.pickle,17,11,14,1,0.0939265787601471,7.18698938726448e-05,5.8429086493561e-05,2.83502714637507e-07,0.0832755714654922,0.832559883594513,10835.447
1168,moist_grid46819_microbe1510_all.pickle,18,12,28,1,0.063285805284977,5.21583169756923e-05,1.12215639092028e-05,9.47204739532026e-07,0.0801147297024727,0.795116662979126,3563.2993
1169,moist_grid46819_microbe1510_all.pickle,19,12,21,1,0.0536153875291348,5.69698422623333e-05,4.22286211687606e-05,3.81254238845941e-07,0.0537472367286682,0.482768207788467,1182.9028
1170,moist_grid46819_microbe1510_all.pickle,20,12,7,1,0.0845494344830513,7.58620881242678e-05,6.37585908407345e-05,2.12338832739078e-07,0.0201068706810474,0.0842655375599861,5810.996
1171,moist_grid46819_microbe1510_all.pickle,21,12,37,1,0.0955207124352455,4.07879633712582e-05,4.68084399471991e-05,9.27524922644807e-07,0.0281702037900686,0.179783508181572,8865.426
1172,moist_grid46819_microbe1510_all.pickle,22,12,35,1,0.0731528997421265,3.74780465790536e-05,5.32987360202242e-05,4.16973563233114e-07,0.0239952355623245,0.130326986312866,5973.9473
1173,moist_grid46819_microbe1510_all.pickle,23,10,15,1,0.0868931710720062,1.35064210553537e-05,8.23239170131274e-05,6.28614998277044e-07,0.0892216712236404,0.902997195720673,2395.707
1174,moist_grid46819_microbe1510_all.pickle,24,12,9,1,0.0698260366916656,1.62745145644294e-05,1.54658209794434e-05,3.16301765224125e-07,0.0880382433533669,0.88897830247879,4167.904
1175,moist_grid46819_microbe1510_all.pickle,25,12,33,1,0.075689785182476,2.51899418799439e-05,2.7526548365131e-05,4.24480134597616e-07,0.0738005489110947,0.720319092273712,6408.798
1176,moist_grid46819_microbe1923_all.pickle,1,11,20,1,0.0989628583192825,2.74525282293325e-05,4.32193410233594e-05,1.02390153244869e-07,0.0445780269801617,0.390761911869049,7339.67
1177,moist_grid46819_microbe1923_all.pickle,2,9,1,1,0.0577006824314594,5.76481688767672e-05,1.55153084051562e-05,1.86802211032955e-07,0.0967613235116005,1,1998.5911
1178,moist_grid46819_microbe1923_all.pickle,3,12,39,1,0.0941644608974457,9.87168750725687e-05,1.76914290932473e-05,4.74399143968185e-07,0.0774392411112785,0.774415373802185,6491.503
1179,moist_grid46819_microbe1923_all.pickle,4,12,38,1,0.0724311545491219,6.96052520652302e-05,7.61890478315763e-05,5.03655542161141e-07,0.0210075862705708,0.115577824413776,4184.0596
1180,moist_grid46819_microbe1923_all.pickle,5,12,30,1,0.0976536273956299,3.04710774798878e-05,8.31057695904747e-05,2.89683612209046e-07,0.0841469094157219,0.852727174758911,8113.2603
1181,moist_grid46819_microbe1923_all.pickle,6,8,1,1,0.0767057165503502,3.35191216436215e-05,1.03037436929299e-05,4.21256686422566e-07,0.0962275341153145,0.993768036365509,708.4631
1182,moist_grid46819_microbe1923_all.pickle,7,12,2,1,0.0653796941041946,8.65454931044951e-05,2.14347728615394e-05,8.51049264838366e-07,0.086601085960865,0.8813796043396,3263.4407
1183,moist_grid46819_microbe1923_all.pickle,8,12,15,1,0.0674894526600838,1.96451128431363e-05,8.13359438325278e-05,5.43246358120086e-07,0.0418915078043938,0.359396874904633,3395.5093
1184,moist_grid46819_microbe1923_all.pickle,9,12,24,1,0.0702118501067162,3.9354468754027e-05,9.2220951046329e-05,4.31467498174243e-07,0.071909673511982,0.709857881069183,5215.496
1185,moist_grid46819_microbe1923_all.pickle,10,12,36,1,0.0804495587944984,6.63314422126859e-05,6.14242962910794e-05,9.07904222913203e-07,0.0618435256183147,0.592335999011993,5917.7534
1186,moist_grid46819_microbe1923_all.pickle,11,11,7,1,0.0864027515053749,1.71344800037332e-05,5.72296521568205e-05,9.54420443122217e-07,0.0321603082120419,0.24578545987606,5771.4985
1187,moist_grid46819_microbe1923_all.pickle,12,12,34,1,0.0922939479351044,2.40443168877391e-05,3.89236956834793e-05,6.52012033697247e-07,0.0255783330649137,0.168941125273705,7198.163
1188,moist_grid46819_microbe1923_all.pickle,13,12,6,1,0.0500738583505154,9.13086914806627e-05,4.81160896015354e-05,8.72034831900237e-07,0.0708792433142662,0.697827637195587,637.50543
1189,moist_grid46819_microbe1923_all.pickle,14,12,39,1,0.0594208315014839,9.37426520977169e-05,5.6022297940217e-05,3.38419852141669e-07,0.0304047670215368,0.225289568305016,1341.4126
1190,moist_grid46819_microbe1923_all.pickle,15,12,31,1,0.0895978212356567,7.64360229368322e-05,2.78144998446805e-05,7.7819197485951e-07,0.0510032176971436,0.465775728225708,6058.2095
1191,moist_grid46819_microbe1923_all.pickle,16,12,24,1,0.0554616190493107,5.65086920687463e-05,9.63197744567879e-05,3.86178896860656e-07,0.0177064631134272,0.0770373269915581,549.01654
1192,moist_grid46819_microbe1923_all.pickle,17,12,25,1,0.0684200823307037,8.37691040942445e-05,5.14199564349838e-05,1.54308423816474e-07,0.0487178452312946,0.439094126224518,2123.6199
1193,moist_grid46819_microbe1923_all.pickle,18,12,4,1,0.0907581672072411,4.27559971285518e-05,6.89091684762388e-05,2.53103138447841e-07,0.0804985612630844,0.810132801532745,8277.895
1194,moist_grid46819_microbe1923_all.pickle,19,10,14,1,0.0743623450398445,1.12600528154871e-05,6.7476685217116e-05,7.19673039384361e-07,0.0160570256412029,0.0577802024781704,1946.4937
1195,moist_grid46819_microbe1923_all.pickle,20,12,27,1,0.0535816811025143,5.31729638169054e-05,3.74116498278454e-05,2.23357062623109e-07,0.0111079569905996,0,526.5654
1196,moist_grid46819_microbe1923_all.pickle,21,10,2,1,0.0858370214700699,3.71861569874454e-05,8.82493259268813e-05,7.01737519648304e-07,0.0579717792570591,0.547133505344391,4900.872
1197,moist_grid46819_microbe1923_all.pickle,22,12,30,1,0.0827643722295761,8.06246971478686e-05,3.00957235594979e-05,9.99350845631852e-07,0.0541121736168861,0.502072691917419,6064.3203
1198,moist_grid46819_microbe1923_all.pickle,23,12,38,1,0.0608946941792965,4.86259959870949e-05,9.90782864391804e-05,8.09651226063579e-07,0.0908740535378456,0.931266307830811,2253.918
1199,moist_grid46819_microbe1923_all.pickle,24,11,25,1,0.0628049522638321,7.45213910704479e-05,7.14206180418842e-05,6.3046638842934e-07,0.0646862611174583,0.625524759292603,304.2023
1200,moist_grid46819_microbe1923_all.pickle,25,12,20,1,0.0787197053432465,6.30517970421351e-05,3.48965659213718e-05,6.00700161612622e-07,0.0353539325296879,0.283070892095566,5423.4824
1201,moist_grid46819_microbe2765_all.pickle,1,11,20,1,0.0629979968070984,6.98430303600617e-05,4.79338741570245e-05,1.36325965627293e-07,0.0408709906041622,0.323350638151169,242.78578
1202,moist_grid46819_microbe2765_all.pickle,2,12,19,1,0.0590190142393112,1.4299975191534e-05,2.1825379008078e-05,4.03163937789941e-07,0.0635468512773514,0.589834272861481,1694.2356
1203,moist_grid46819_microbe2765_all.pickle,3,12,37,1,0.0831939354538918,7.39104361855425e-05,8.6526561062783e-05,8.59622389270953e-07,0.0214345641434193,0.09493637830019,5489.891
1204,moist_grid46819_microbe2765_all.pickle,4,12,39,1,0.0941314846277237,3.04917630273849e-05,5.49616452190094e-05,8.04624733063974e-07,0.0182207431644201,0.0571679882705212,6870.124
1205,moist_grid46819_microbe2765_all.pickle,5,11,6,1,0.0894147008657455,9.51131078181788e-05,6.12529256613925e-05,7.72631608469965e-07,0.0984490290284157,1,8828.48
1206,moist_grid46819_microbe2765_all.pickle,6,12,35,1,0.0796637907624245,3.21950210491195e-05,7.04328558640555e-05,5.87250838179898e-07,0.0573612712323666,0.517142236232758,6050.2324
1207,moist_grid46819_microbe2765_all.pickle,7,11,9,1,0.0810912027955055,6.34469033684582e-05,2.75346865237225e-05,1.31694392280224e-07,0.0491238869726658,0.420337617397308,6985.323
1208,moist_grid46819_microbe2765_all.pickle,8,12,26,1,0.0712707340717316,5.11343787366059e-05,1.83773263415787e-05,9.82917981673381e-07,0.0821798518300056,0.808806836605072,6209.197
1209,moist_grid46819_microbe2765_all.pickle,9,12,36,1,0.0568304099142551,8.90128358150832e-05,1.19844025903149e-05,3.59962342599829e-07,0.0339171700179577,0.241630285978317,875.27527
1210,moist_grid46819_microbe2765_all.pickle,10,12,35,1,0.0844105184078217,8.00908383098431e-05,4.44178403995465e-05,5.26483006524359e-07,0.0376364178955555,0.285338401794434,6024.772
1211,moist_grid46819_microbe2765_all.pickle,11,12,33,1,0.0932703986763954,4.32525994256139e-05,1.71460160345305e-05,2.37508245959361e-07,0.0437803752720356,0.357541352510452,7184.027
1212,moist_grid46819_microbe2765_all.pickle,12,10,0,1,0.0778226181864738,9.95072841760702e-05,9.76202136371285e-05,2.69558853460694e-07,0.0860189497470856,0.853923380374908,3987.426
1213,moist_grid46819_microbe2765_all.pickle,13,12,17,1,0.0607577860355377,4.8654150305083e-05,4.97631335747428e-05,3.29254362441134e-07,0.0961953699588776,0.973515272140503,3150.3152
1214,moist_grid46819_microbe2765_all.pickle,14,12,9,1,0.0967614352703094,5.59374675503932e-05,3.54315379809123e-05,7.30948841010104e-07,0.0684817060828209,0.647828042507172,7784.252
1215,moist_grid46819_microbe2765_all.pickle,15,12,35,1,0.0648712143301964,1.77295132743893e-05,7.73561696405523e-05,2.91134512053759e-07,0.0496005602180958,0.425939410924911,2695.4905
1216,moist_grid46819_microbe2765_all.pickle,16,12,27,1,0.073042206466198,7.7840122685302e-05,8.35821192595176e-05,5.34388902906358e-07,0.0155385788530111,0.0256475545465946,3318.404
1217,moist_grid46819_microbe2765_all.pickle,17,9,2,1,0.0507561787962914,2.58185609709471e-05,9.51144538703375e-05,6.59336819808232e-07,0.0251081958413124,0.138108402490616,41.355804
1218,moist_grid46819_microbe2765_all.pickle,18,12,29,1,0.0982198491692543,9.21548344194889e-05,9.25887143239379e-05,6.37182608898001e-07,0.0641791000962257,0.597264409065247,7308.6885
1219,moist_grid46819_microbe2765_all.pickle,19,4,1,1,0.0538344271481037,4.23478195443749e-05,6.75928531563841e-05,8.46466775783483e-07,0.091422900557518,0.917429864406586,5.0433903
1220,moist_grid46819_microbe2765_all.pickle,20,4,0,1,0.0877769365906715,6.74745970172808e-05,4.0853916289052e-05,7.08018262685073e-07,0.0799408182501793,0.782494008541107,2.295922
1221,moist_grid46819_microbe2765_all.pickle,21,11,22,1,0.0903765112161636,3.78685144823976e-05,7.86352684372105e-05,1.99582260052011e-07,0.0310576688498259,0.208025813102722,6518.599
1222,moist_grid46819_microbe2765_all.pickle,22,8,6,1,0.0692660063505173,2.32479651458561e-05,2.98411832773127e-05,9.02421845694334e-07,0.0735030323266983,0.706838011741638,2115.5037
1223,moist_grid46819_microbe2765_all.pickle,23,10,12,1,0.0740754753351212,1.25780961752753e-05,3.36909652105533e-05,4.85667897009989e-07,0.0133561547845602,0,13.207373
1224,moist_grid46819_microbe2765_all.pickle,24,11,17,1,0.0558187179267406,8.51343138492666e-05,7.30198808014393e-05,9.54158736021782e-07,0.055780615657568,0.498566597700119,522.2398
1225,moist_grid46819_microbe2765_all.pickle,25,12,39,1,0.0664303079247475,5.6828237575246e-05,5.83124601689633e-05,4.34040316577011e-07,0.0753626376390457,0.728691816329956,4407.3633
1226,moist_grid46819_microbe27765_all.pickle,1,12,15,1,0.0747390165925026,5.39901229785755e-05,9.63205966399983e-05,8.21600224298891e-07,0.0808518081903458,0.804657340049744,7690.0884
1227,moist_grid46819_microbe27765_all.pickle,2,9,5,1,0.0937128141522408,1.78741920535685e-05,5.55773112864699e-05,5.19125364917272e-07,0.0606065504252911,0.571614384651184,221.45227
1228,moist_grid46819_microbe27765_all.pickle,3,7,6,1,0.0909358486533165,3.38943900715094e-05,2.33046030189143e-05,1.85811700248451e-07,0.0902095213532448,0.912373840808868,0.76294804
1229,moist_grid46819_microbe27765_all.pickle,4,12,24,1,0.0701396986842155,1.3952632798464e-05,4.27662453148514e-05,6.33960041795945e-07,0.0687614679336548,0.665485560894012,4738.996
1230,moist_grid46819_microbe27765_all.pickle,5,12,26,1,0.078300766646862,8.29815253382549e-05,8.72976088430732e-05,2.22174449504564e-07,0.0666664317250252,0.641369640827179,6199.4697
1231,moist_grid46819_microbe27765_all.pickle,6,8,0,1,0.0612833313643932,3.56434356945101e-05,5.31147888978012e-05,3.88153580388462e-07,0.0855422466993332,0.858648896217346,1224.8611
1232,moist_grid46819_microbe27765_all.pickle,7,12,36,1,0.0632437914609909,8.62293090904132e-05,1.47035671034246e-05,1.27470713096045e-07,0.0109483916312456,0,2083.9238
1233,moist_grid46819_microbe27765_all.pickle,8,12,28,1,0.0699185132980347,7.90442645666189e-05,7.6620330219157e-05,7.34431068849517e-07,0.0883807316422462,0.891322672367096,3145.5203
1234,moist_grid46819_microbe27765_all.pickle,9,8,11,1,0.05547184497118,9.13442636374384e-05,9.11220122361556e-05,9.84104303825006e-07,0.0978219136595726,1,37.015682
1235,moist_grid46819_microbe27765_all.pickle,10,10,4,1,0.053286038339138,2.33464797929628e-05,1.95566408365266e-05,3.86342577485266e-07,0.0155254360288382,0.0526863001286983,236.56766
1236,moist_grid46819_microbe27765_all.pickle,11,5,1,1,0.0560409724712372,6.59032230032608e-05,4.94621490361169e-05,2.53412366646444e-07,0.0949785262346268,0.967269778251648,152.08899
1237,moist_grid46819_microbe27765_all.pickle,12,12,20,1,0.0658857300877571,7.76032757130452e-05,6.95642811479047e-05,1.52236083295065e-07,0.0575607903301716,0.53655469417572,3883.858
1238,moist_grid46819_microbe27765_all.pickle,13,11,16,1,0.0950101986527443,2.50518551183632e-05,1.20455324577051e-05,7.09720040958928e-07,0.0466433726251125,0.410884439945221,7190.437
1239,moist_grid46819_microbe27765_all.pickle,14,11,21,1,0.0970060676336288,7.24256678950042e-05,7.16524009476416e-05,9.55185328166408e-07,0.0186612661927938,0.0887827947735786,7383.3315
1240,moist_grid46819_microbe27765_all.pickle,15,12,32,1,0.0830232799053192,6.07247129664756e-05,3.7810554204043e-05,4.65808597027717e-07,0.038796953856945,0.320564448833466,6807.32
1241,moist_grid46819_microbe27765_all.pickle,16,11,16,1,0.0808078721165657,9.81859557214193e-05,2.99694384011673e-05,8.13553356238117e-07,0.0216136295348406,0.12276741117239,6613.464
1242,moist_grid46819_microbe27765_all.pickle,17,12,18,1,0.0517334453761578,6.96793067618273e-05,6.58840290270746e-05,3.01784751854939e-07,0.0349612422287464,0.27641162276268,858.2177
1243,moist_grid46819_microbe27765_all.pickle,18,12,40,1,0.0892532169818878,4.71904168080073e-05,9.96705930447206e-05,4.27407826464332e-07,0.0554043166339397,0.511731564998627,7414.946
1244,moist_grid46819_microbe27765_all.pickle,19,12,28,1,0.067785307765007,1.22990904856124e-05,3.42590174113866e-05,3.19978681773136e-07,0.0496606528759003,0.445616364479065,3437.3376
1245,moist_grid46819_microbe27765_all.pickle,20,12,26,1,0.0867055580019951,4.42252785433084e-05,5.886830331292e-05,7.66218477110669e-07,0.0256589911878109,0.169333517551422,6676.8467
1246,moist_grid46819_microbe27765_all.pickle,21,12,24,1,0.0737060606479645,4.06975959776901e-05,6.15773315075785e-05,9.22998424357502e-07,0.0457974709570408,0.401147276163101,5851.7607
1247,moist_grid46819_microbe27765_all.pickle,22,12,30,1,0.0771786719560623,9.40682730288245e-05,4.23051933466922e-05,8.76109083947085e-07,0.0311114843934774,0.23209710419178,5990.218
1248,moist_grid46819_microbe27765_all.pickle,23,11,3,1,0.0588352233171463,3.0937691917643e-05,8.19910928839818e-05,6.52873382023245e-07,0.0767876729369164,0.757875144481659,1720.7673
1249,moist_grid46819_microbe27765_all.pickle,24,11,2,1,0.0845055356621742,6.00338280491997e-05,2.65492399194045e-05,5.93057507103367e-07,0.0734725221991539,0.719714462757111,8465.179
1250,moist_grid46819_microbe27765_all.pickle,25,12,11,1,0.0989539176225662,5.2004699682584e-05,8.53245946927927e-05,5.6179226248787e-07,0.0393786393105984,0.327260196208954,7912.328
1251,moist_grid46819_microbe29152_all.pickle,1,7,1,1,0.0775825977325439,2.32363290706417e-05,4.55951776530128e-05,5.54384371298511e-07,0.0678588375449181,0.642229616641998,4.93192
1252,moist_grid46819_microbe29152_all.pickle,2,12,39,1,0.0933474451303482,7.67808451200835e-05,2.05738560907776e-05,5.23575295119372e-07,0.0260409265756607,0.149306684732437,6843.845
1253,moist_grid46819_microbe29152_all.pickle,3,11,10,1,0.0647167563438416,2.48185042437399e-05,6.3024039263837e-05,5.75893068344158e-07,0.0891884937882423,0.893650054931641,1410.2002
1254,moist_grid46819_microbe29152_all.pickle,4,12,8,1,0.0537313371896744,3.5266097256681e-05,5.69194344279822e-05,6.19876459495572e-07,0.0312647446990013,0.210881724953651,785.7155
1255,moist_grid46819_microbe29152_all.pickle,5,12,33,1,0.068509504199028,5.43495370948222e-05,2.17860724660568e-05,8.19199556190142e-07,0.0779890120029449,0.761637687683105,5490.8843
1256,moist_grid46819_microbe29152_all.pickle,6,12,28,1,0.0570948086678982,8.51437798701227e-05,9.05511260498315e-05,2.16955754694936e-07,0.0425364598631859,0.343745529651642,467.85437
1257,moist_grid46819_microbe29152_all.pickle,7,12,38,1,0.0783101543784142,9.80211771093309e-05,2.72236720775254e-05,9.64279479376273e-07,0.0174344331026077,0.0478588081896305,4467.0854
1258,moist_grid46819_microbe29152_all.pickle,8,12,32,1,0.0628593564033508,3.37033234245609e-05,8.45962058519945e-05,3.20496809536053e-07,0.0630799829959869,0.585899531841278,2384.2253
1259,moist_grid46819_microbe29152_all.pickle,9,12,40,1,0.0894894525408745,5.15233223268297e-05,1.68962833413389e-05,4.94507617077034e-07,0.0745682790875435,0.72131621837616,7482.2725
1260,moist_grid46819_microbe29152_all.pickle,10,10,13,1,0.0868228748440742,1.36687522171997e-05,7.36812435206957e-05,1.76929958684013e-07,0.0373380742967129,0.282470285892487,6873.48
1261,moist_grid46819_microbe29152_all.pickle,11,7,6,1,0.0600210577249527,6.74224793328904e-05,8.7015017925296e-05,8.81932407992281e-07,0.0588401518762112,0.535923063755035,23.137733
1262,moist_grid46819_microbe29152_all.pickle,12,10,14,1,0.0974626392126083,4.46825579274446e-05,6.75206538289785e-05,3.61256411451905e-07,0.0949092134833336,0.961082220077515,9252.268
1263,moist_grid46819_microbe29152_all.pickle,13,12,17,1,0.08254025131464,6.82152967783622e-05,5.02186048834119e-05,7.64062463076698e-07,0.0911441147327423,0.916701674461365,7866.05
1264,moist_grid46819_microbe29152_all.pickle,14,12,36,1,0.0950953587889671,1.11568233478465e-05,3.91645371564664e-05,9.45150020470464e-07,0.0317204706370831,0.216253533959389,7200.4834
1265,moist_grid46819_microbe29152_all.pickle,15,10,8,1,0.0707408487796783,6.1834005464334e-05,1.10163909994299e-05,8.5314928810476e-07,0.0415546149015427,0.332172185182571,2751.341
1266,moist_grid46819_microbe29152_all.pickle,16,12,39,1,0.0590936243534088,9.58455784711987e-05,5.67526585655287e-05,4.10526752148144e-07,0.0153542906045914,0.0233394112437963,1136.9858
1267,moist_grid46819_microbe29152_all.pickle,17,10,12,1,0.0741022527217865,2.04841671802569e-05,9.4685768999625e-05,1.4074282717047e-07,0.0849629193544388,0.843841671943665,5810.451
1268,moist_grid46819_microbe29152_all.pickle,18,8,12,1,0.0542322620749474,8.18212138256058e-05,7.61713090469129e-05,2.94553188950886e-07,0.0649857744574547,0.608363807201385,51.652515
1269,moist_grid46819_microbe29152_all.pickle,19,12,37,1,0.0734038278460503,8.7378044554498e-05,7.8607648902107e-05,6.47663398467557e-07,0.0133742541074753,0,2162.7031
1270,moist_grid46819_microbe29152_all.pickle,20,12,31,1,0.085982158780098,3.91534777008928e-05,3.37440033035818e-05,1.28249538988712e-07,0.0493903122842312,0.424534380435944,7189.5327
1271,moist_grid46819_microbe29152_all.pickle,21,12,29,1,0.0510141439735889,9.25026324694045e-05,3.14470089506358e-05,2.67347701310428e-07,0.0982108637690544,1,1085.5016
1272,moist_grid46819_microbe29152_all.pickle,22,8,2,1,0.0983955264091492,5.82554130232893e-05,9.69880202319473e-05,6.95305686804204e-07,0.0816392004489899,0.804663777351379,9134.665
1273,moist_grid46819_microbe29152_all.pickle,23,12,20,1,0.0666708275675774,4.67656973341946e-05,3.62168502761051e-05,4.2900714447569e-07,0.0497812330722809,0.429142326116562,3793.6812
1274,moist_grid46819_microbe29152_all.pickle,24,12,25,1,0.0801703110337257,2.98179656965658e-05,4.77725043310784e-05,9.24975722682575e-07,0.0554713979363441,0.496214359998703,6694.595
1275,moist_grid46819_microbe29152_all.pickle,25,11,1,1,0.0913626477122307,7.20859243301675e-05,6.9704678026028e-05,7.32324281216279e-07,0.0227098129689693,0.110041633248329,3941.8306
1276,moist_grid46819_microbe30152_all.pickle,1,11,14,1,0.0972543209791183,9.35424468480051e-05,5.65560840186663e-05,7.36990500627144e-07,0.0164442118257284,0.0648229420185089,4228.2036
1277,moist_grid46819_microbe30152_all.pickle,2,12,29,1,0.0629645511507988,6.98949879733846e-05,2.08747896977002e-05,8.62918909660948e-07,0.0108621921390295,0,2378.674
1278,moist_grid46819_microbe30152_all.pickle,3,12,11,1,0.0859710797667503,8.62741508171894e-05,6.27391127636656e-05,4.25922365820952e-07,0.0953903794288635,0.981609880924225,9059.785
1279,moist_grid46819_microbe30152_all.pickle,4,6,2,1,0.0870379060506821,4.66880046587903e-05,4.19237876485568e-05,6.83592645600584e-07,0.0319412052631378,0.244786605238914,1.2028714
1280,moist_grid46819_microbe30152_all.pickle,5,12,23,1,0.0890617892146111,3.87897925975267e-05,8.8564156612847e-05,5.22053198892536e-07,0.0437881201505661,0.382362574338913,8259.667
1281,moist_grid46819_microbe30152_all.pickle,6,12,29,1,0.0534854717552662,6.62759921397083e-05,4.49311810371e-05,3.36787934429594e-07,0.0916774570941925,0.93849241733551,1581.5175
1282,moist_grid46819_microbe30152_all.pickle,7,12,38,1,0.0694965794682503,3.22634296026081e-05,1.16634628284373e-05,2.23084569483945e-07,0.0771316066384315,0.769574224948883,5906.3535
1283,moist_grid46819_microbe30152_all.pickle,8,12,30,1,0.0516873672604561,5.50299155293033e-05,5.9267880715197e-05,7.78002288370772e-07,0.0290575604885817,0.211299389600754,760.41705
1284,moist_grid46819_microbe30152_all.pickle,9,12,40,1,0.0649896040558815,1.93748619494727e-05,1.61093466886086e-05,1.66967382142502e-07,0.0225895270705223,0.136187329888344,2168.148
1285,moist_grid46819_microbe30152_all.pickle,10,12,26,1,0.0932145863771439,8.48883501021191e-05,3.81031059077941e-05,6.00293162733578e-07,0.0674914121627808,0.657624423503876,7759.282
1286,moist_grid46819_microbe30152_all.pickle,11,12,7,1,0.0992130562663078,4.4150605390314e-05,2.01655602722894e-05,1.27265252558573e-07,0.0719430595636368,0.709320604801178,9160.596
1287,moist_grid46819_microbe30152_all.pickle,12,12,35,1,0.0562124848365784,8.19704873720184e-05,7.32592525309883e-05,4.00038800307811e-07,0.0831502825021744,0.839467942714691,932.6433
1288,moist_grid46819_microbe30152_all.pickle,13,12,20,1,0.0676419585943222,7.64181240811013e-05,4.75905690109357e-05,5.3861964488533e-07,0.0174482353031635,0.0764824748039246,2171.4377
1289,moist_grid46819_microbe30152_all.pickle,14,11,9,1,0.0903173536062241,9.0625777374953e-05,8.09686243883334e-05,6.74509124110045e-07,0.0677376464009285,0.66048389673233,5257.7017
1290,moist_grid46819_microbe30152_all.pickle,15,12,12,1,0.0800843462347984,1.1861390703416e-05,6.78879659972154e-05,9.19761703244149e-07,0.0619472824037075,0.593241572380066,6835.152
1291,moist_grid46819_microbe30152_all.pickle,16,12,21,1,0.083381399512291,5.27284901181702e-05,9.4562019512523e-05,8.2745776808224e-07,0.0396061353385448,0.333797991275787,6701.9165
1292,moist_grid46819_microbe30152_all.pickle,17,12,22,1,0.0736489668488503,4.17169176216703e-05,3.1663163099438e-05,9.32307159473567e-07,0.0593358762562275,0.562915802001953,3937.0085
1293,moist_grid46819_microbe30152_all.pickle,18,12,20,1,0.0556507222354412,2.6591143978294e-05,8.42610606923699e-05,9.98817995423451e-07,0.0253700837492943,0.168477416038513,479.94824
1294,moist_grid46819_microbe30152_all.pickle,19,12,26,1,0.0741216689348221,1.59564206114737e-05,7.80373156885616e-05,6.1236738702064e-07,0.0359559878706932,0.291409522294998,4317.873
1295,moist_grid46819_microbe30152_all.pickle,20,12,34,1,0.0613198429346085,2.12689010368194e-05,2.92075219476828e-05,2.9588227334898e-07,0.0969739854335785,1,3290.7568
1296,moist_grid46819_microbe30152_all.pickle,21,12,19,1,0.0590126998722553,7.37255977583118e-05,5.0337959692115e-05,8.02442173153395e-07,0.0517812892794609,0.475185751914978,2641.8862
1297,moist_grid46819_microbe30152_all.pickle,22,12,35,1,0.0953492373228073,6.33500603726134e-05,9.85772567219101e-05,1.79336211658665e-07,0.0864373967051506,0.877640604972839,8321.003
1298,moist_grid46819_microbe30152_all.pickle,23,5,3,1,0.0709850639104843,5.77748687646817e-05,2.59568514593411e-05,2.45509085061713e-07,0.0463468544185162,0.412076711654663,2.5629272
1299,moist_grid46819_microbe30152_all.pickle,24,12,27,1,0.0776663050055504,9.80666009127162e-05,9.20499660423957e-05,4.60626836229494e-07,0.0815581828355789,0.820979177951813,6318.7246
1300,moist_grid46819_microbe30152_all.pickle,25,10,13,1,0.0787855237722397,3.15508732455783e-05,6.63709288346581e-05,3.75907035277123e-07,0.054710391908884,0.509200870990753,2041.2716
1301,moist_grid46819_microbe3740_all.pickle,1,12,35,1,0.0903158411383629,7.31720429030247e-05,2.45387200266123e-05,1.72769532014172e-07,0.0550841242074966,0.488491177558899,6795.3857
1302,moist_grid46819_microbe3740_all.pickle,2,12,20,1,0.0573981143534184,6.3578161643818e-05,2.92987224383978e-05,6.60545140362956e-07,0.087335042655468,0.866438269615173,1196.3717
1303,moist_grid46819_microbe3740_all.pickle,3,12,38,1,0.0898943468928337,9.07331414055079e-05,3.62022037734278e-05,2.69991630830191e-07,0.0218435693532228,0.0989466682076454,5888.83
1304,moist_grid46819_microbe3740_all.pickle,4,12,26,1,0.0972291231155396,8.21511057438329e-05,1.93101568584098e-05,6.79948243487161e-07,0.0593311712145805,0.538262128829956,7163.3345
1305,moist_grid46819_microbe3740_all.pickle,5,12,12,1,0.0698748901486397,3.17448429996148e-05,4.08482737839222e-05,4.82892005493341e-07,0.0472678281366825,0.396892368793488,2494.6436
1306,moist_grid46819_microbe3740_all.pickle,6,10,6,1,0.052481472492218,6.60216246615164e-05,4.26803999289405e-05,4.08200747870069e-07,0.0672370418906212,0.630910694599152,450.30997
1307,moist_grid46819_microbe3740_all.pickle,7,12,35,1,0.0550113134086132,2.62105568253901e-05,7.56154258851893e-05,5.93090135225793e-07,0.0987321138381958,1,1871.316
1308,moist_grid46819_microbe3740_all.pickle,8,10,6,1,0.0664552748203278,2.23769256990636e-05,8.75050682225265e-05,9.18222895052168e-07,0.0842786803841591,0.830620884895325,3103.65
1309,moist_grid46819_microbe3740_all.pickle,9,12,19,1,0.0710070878267288,4.5592023525387e-05,4.6030694647925e-05,7.22122194929398e-07,0.0814610421657562,0.797601103782654,5844.5854
1310,moist_grid46819_microbe3740_all.pickle,10,12,24,1,0.0868472680449486,8.81061350810342e-05,9.4523435109295e-05,3.21778685474783e-07,0.0924159362912178,0.925980985164642,7141.8413
1311,moist_grid46819_microbe3740_all.pickle,11,11,18,1,0.0831130817532539,5.64327965548728e-05,6.37373377685435e-05,1.12859247280994e-07,0.0255358517169952,0.142216354608536,4664.064
1312,moist_grid46819_microbe3740_all.pickle,12,12,36,1,0.0992862731218338,3.02402895613341e-05,8.97103236638941e-05,2.88422427274782e-07,0.0162246655672789,0.0330989994108677,6960.9355
1313,moist_grid46819_microbe3740_all.pickle,13,12,24,1,0.0924360677599907,1.69760733115254e-05,7.31056716176681e-05,6.05296918365639e-07,0.0285585522651672,0.177639245986938,6562.042
1314,moist_grid46819_microbe3740_all.pickle,14,12,4,1,0.0816122516989708,9.99818876152858e-05,1.2878739653388e-05,5.15115971211344e-07,0.0511473529040813,0.44235634803772,6784.958
1315,moist_grid46819_microbe3740_all.pickle,15,12,40,1,0.0750876367092133,4.22928824264091e-05,2.32517177209957e-05,1.58681871198496e-07,0.0951184257864952,0.957651376724243,7156.201
1316,moist_grid46819_microbe3740_all.pickle,16,12,23,1,0.0952308177947998,7.11194734321907e-05,5.72585995541885e-05,3.61209572474763e-07,0.0198540557175875,0.0756316557526588,6720.0664
1317,moist_grid46819_microbe3740_all.pickle,17,12,16,1,0.0630264580249786,5.05404786963481e-05,6.96650167810731e-05,9.44250757584086e-07,0.0616249553859234,0.565142869949341,3334.7507
1318,moist_grid46819_microbe3740_all.pickle,18,12,31,1,0.0735195428133011,8.16099127405323e-05,3.47512286680285e-05,8.66121808940079e-07,0.0399583578109741,0.311233013868332,3028.845
1319,moist_grid46819_microbe3740_all.pickle,19,12,23,1,0.0857383534312248,1.02026824606583e-05,9.8169177363161e-05,8.47133946990652e-07,0.0739212408661842,0.709242463111877,8195.362
1320,moist_grid46819_microbe3740_all.pickle,20,8,5,1,0.0765699595212936,3.85859602829441e-05,8.06573298177682e-05,9.94326114778232e-07,0.0341306589543819,0.242938488721848,509.025
1321,moist_grid46819_microbe3740_all.pickle,21,12,23,1,0.0584067590534687,1.90679820661899e-05,5.14028070028871e-05,7.60114460263139e-07,0.0134002668783069,0,724.9598
1322,moist_grid46819_microbe3740_all.pickle,22,12,29,1,0.0519850514829159,5.88563088967931e-05,8.33054436952807e-05,5.46756041330809e-07,0.0451022423803806,0.371513962745667,864.1103
1323,moist_grid46819_microbe3740_all.pickle,23,12,31,1,0.0611545331776142,7.78633184381761e-05,6.58128265058622e-05,2.30144792112696e-07,0.036815844476223,0.274406045675278,1504.642
1324,moist_grid46819_microbe3740_all.pickle,24,9,8,1,0.0796350240707397,4.95742824568879e-05,1.63449476531241e-05,8.0369932220492e-07,0.0753460004925728,0.725939154624939,13.076916
1325,moist_grid46819_microbe3740_all.pickle,25,10,3,1,0.0659744665026665,9.39803794608451e-05,5.45236871403176e-05,4.48249437567938e-07,0.0677258595824242,0.63663911819458,1149.7269
1326,moist_grid46819_microbe4132_all.pickle,1,12,32,1,0.0624300129711628,6.10669594607316e-05,7.86604214226827e-05,7.34309253402898e-07,0.0180093329399824,0.0572542138397694,2145.6753
1327,moist_grid46819_microbe4132_all.pickle,2,12,40,1,0.0765204578638077,7.83678042353131e-05,5.05360621900763e-05,8.83792893091595e-07,0.0702326893806458,0.6773521900177,6416.16
1328,moist_grid46819_microbe4132_all.pickle,3,7,4,1,0.0748715028166771,9.86673185252585e-05,9.63129205047153e-05,1.65624314263368e-07,0.0931689366698265,0.949696183204651,272.6034
1329,moist_grid46819_microbe4132_all.pickle,4,12,2,1,0.096677303314209,2.62674839177635e-05,9.94896836346015e-05,6.04299827955401e-07,0.097405418753624,1,9741.281
1330,moist_grid46819_microbe4132_all.pickle,5,12,20,1,0.0836038365960121,1.89654438145226e-05,3.63992003258318e-05,2.00924517912426e-07,0.0313347987830639,0.215480253100395,5414.513
1331,moist_grid46819_microbe4132_all.pickle,6,10,4,1,0.069017730653286,6.42885061097331e-05,3.10433133563492e-05,7.67551057379023e-07,0.0724782571196556,0.704015970230103,15.818842
1332,moist_grid46819_microbe4132_all.pickle,7,12,13,1,0.0932973176240921,8.76687990967184e-05,1.83710471901577e-05,3.48947253314691e-07,0.0749577358365059,0.733457207679749,7935.2563
1333,moist_grid46819_microbe4132_all.pickle,8,12,29,1,0.0701277107000351,3.90104687539861e-05,7.35215144231915e-05,6.72641817800468e-07,0.0131875025108457,0,3870.7686
1334,moist_grid46819_microbe4132_all.pickle,9,12,27,1,0.0840516984462738,5.14547136845067e-05,7.78323083068244e-05,2.98483826099982e-07,0.0167751144617796,0.042599156498909,6370.82
1335,moist_grid46819_microbe4132_all.pickle,10,12,16,1,0.0891030505299568,1.69823706528405e-05,5.59240834263619e-05,4.54467681265669e-07,0.0913189128041267,0.927729070186615,8692.368
1336,moist_grid46819_microbe4132_all.pickle,11,10,12,1,0.0947002992033958,3.33201314788312e-05,4.784453267348e-05,9.45616136505123e-07,0.080775611102581,0.802538335323334,71.29947
1337,moist_grid46819_microbe4132_all.pickle,12,12,33,1,0.0582304485142231,3.74809933418874e-05,4.40711337432731e-05,5.70820361645019e-07,0.0276953484863043,0.172265559434891,1394.0724
1338,moist_grid46819_microbe4132_all.pickle,13,12,21,1,0.053353413939476,2.87230122921756e-05,6.12108196946792e-05,1.34322988287749e-07,0.0520483106374741,0.461431622505188,935.35925
1339,moist_grid46819_microbe4132_all.pickle,14,12,13,1,0.0653645396232605,5.82981847401243e-05,1.43617626235937e-05,9.79780679699616e-07,0.0669347941875458,0.638193130493164,3085.5342
1340,moist_grid46819_microbe4132_all.pickle,15,12,32,1,0.0619404576718807,9.59799799602479e-05,8.37599363876507e-05,5.55294491277891e-07,0.0585808008909225,0.538998126983643,2010.1152
1341,moist_grid46819_microbe4132_all.pickle,16,12,40,1,0.0557159073650837,4.64974036731292e-05,4.04151724069379e-05,5.14811176799412e-07,0.0363718494772911,0.275289982557297,1210.5898
1342,moist_grid46819_microbe4132_all.pickle,17,12,36,1,0.0663939863443375,7.87805547588505e-05,8.95461926120333e-05,3.72785876834314e-07,0.0824118331074715,0.821966767311096,4412.9062
1343,moist_grid46819_microbe4132_all.pickle,18,12,26,1,0.0909909904003143,7.14691923349164e-05,6.65786428726278e-05,2.78850166068878e-07,0.0329059883952141,0.234136492013931,7450.115
1344,moist_grid46819_microbe4132_all.pickle,19,12,40,1,0.0576480850577354,9.17710858630016e-05,3.43652427545749e-05,6.98879887295334e-07,0.0414306372404099,0.335357815027237,1528.684
1345,moist_grid46819_microbe4132_all.pickle,20,12,16,1,0.0731977000832558,5.61146262043621e-05,2.34673625527648e-05,8.04590683856077e-07,0.0485692881047726,0.420121848583221,3888.1938
1346,moist_grid46819_microbe4132_all.pickle,21,11,13,1,0.0780799090862274,6.83305988786742e-05,7.01046374160796e-05,2.13015454164633e-07,0.056690476834774,0.51655250787735,5708.7256
1347,moist_grid46819_microbe4132_all.pickle,22,8,2,1,0.0992383062839508,4.36942100350279e-05,8.79760627867654e-05,8.24211610961356e-07,0.0639936923980713,0.603270590305328,6990.652
1348,moist_grid46819_microbe4132_all.pickle,23,12,14,1,0.0514624863862991,1.3389761079452e-05,1.24824045997229e-05,8.99469057458191e-07,0.0224390961229801,0.109853036701679,453.93094
1349,moist_grid46819_microbe4132_all.pickle,24,12,16,1,0.0800232738256454,8.30512944958173e-05,2.71016851911554e-05,4.86003443711525e-07,0.042960274964571,0.353520661592484,6350.813
1350,moist_grid46819_microbe4132_all.pickle,25,12,13,1,0.0863053277134895,2.20209767576307e-05,5.73333636566531e-05,3.95529013985652e-07,0.0859571099281311,0.864063262939453,8751.645
1351,moist_grid46819_microbe43265_all.pickle,1,12,28,1,0.0597095191478729,6.1143931816332e-05,2.36276209761854e-05,6.07590095569321e-07,0.0280238687992096,0.184921368956566,1624.0195
1352,moist_grid46819_microbe43265_all.pickle,2,11,4,1,0.0769340097904205,8.07350588729605e-05,6.40621365164407e-05,1.64928167123435e-07,0.0230111218988895,0.125752598047256,1081.122
1353,moist_grid46819_microbe43265_all.pickle,3,12,13,1,0.082125686109066,9.94539586827159e-05,1.27057428471744e-05,9.59111048359773e-07,0.0970769003033638,1,8966.676
1354,moist_grid46819_microbe43265_all.pickle,4,11,1,1,0.0551782511174679,8.28899865155108e-05,8.58284838614054e-05,5.20858577601757e-07,0.0368217341601849,0.288768380880356,718.5869
1355,moist_grid46819_microbe43265_all.pickle,5,10,9,1,0.0783336311578751,9.09015725483187e-05,1.71259816852398e-05,6.74871841965796e-07,0.0444112159311771,0.378352075815201,2898.0916
1356,moist_grid46819_microbe43265_all.pickle,6,12,39,1,0.074194498360157,7.07495782990009e-05,5.47158051631413e-05,7.44902251881285e-07,0.0769366398453712,0.762271165847778,5553.457
1357,moist_grid46819_microbe43265_all.pickle,7,12,11,1,0.0640620812773705,2.95846239168895e-05,3.45275075233076e-05,2.79713987083596e-07,0.0410196334123611,0.338318973779678,1619.015
1358,moist_grid46819_microbe43265_all.pickle,8,12,22,1,0.0633758157491684,8.80245861480944e-05,3.01019736070884e-05,8.70875737746246e-07,0.0735957846045494,0.722836852073669,5795.2217
1359,moist_grid46819_microbe43265_all.pickle,9,12,13,1,0.0898584201931953,5.5996857554419e-05,3.9389451558236e-05,4.73364053732439e-07,0.0161477439105511,0.0447396002709866,6201.185
1360,moist_grid46819_microbe43265_all.pickle,10,11,8,1,0.0539638698101044,3.34115320583805e-05,8.97985664778389e-05,8.33797514587786e-07,0.070206843316555,0.682834923267365,283.44348
1361,moist_grid46819_microbe43265_all.pickle,11,12,29,1,0.0975106954574585,7.77869645389728e-05,5.77837927266955e-05,6.88475097376795e-07,0.0257246121764183,0.157781720161438,7260.092
1362,moist_grid46819_microbe43265_all.pickle,12,12,13,1,0.0699782520532608,4.49372128059622e-05,9.50585308601148e-05,6.03596618020674e-07,0.054459735751152,0.496961385011673,2850.837
1363,moist_grid46819_microbe43265_all.pickle,13,12,38,1,0.0602528862655163,1.42516146297567e-05,3.55414267687593e-05,8.00503073605796e-07,0.0351195558905602,0.268676459789276,1100.4171
1364,moist_grid46819_microbe43265_all.pickle,14,12,11,1,0.0954987034201622,2.53867692663334e-05,6.39320933260024e-05,2.80148384490531e-07,0.0521425269544125,0.46960985660553,7866.4033
1365,moist_grid46819_microbe43265_all.pickle,15,12,27,1,0.0678889751434326,1.85904355021194e-05,5.12727019668091e-05,9.05803688056039e-07,0.0653235092759132,0.62519371509552,2764.4644
1366,moist_grid46819_microbe43265_all.pickle,16,9,6,1,0.0720905959606171,4.99314846820198e-05,7.86274104029872e-05,9.71468807620113e-07,0.0945781096816063,0.970505118370056,1199.6383
1367,moist_grid46819_microbe43265_all.pickle,17,12,31,1,0.0571790300309658,7.44107965147123e-05,2.61096320173237e-05,2.43775389208167e-07,0.0881907939910889,0.895111382007599,2190.6052
1368,moist_grid46819_microbe43265_all.pickle,18,12,28,1,0.0906282812356949,2.09920071938541e-05,6.94034315529279e-05,1.16386544846137e-07,0.0193365756422281,0.0823794901371002,6142.303
1369,moist_grid46819_microbe43265_all.pickle,19,12,38,1,0.0931594669818878,6.49095090921037e-05,4.55029257864226e-05,3.50372488355788e-07,0.0639936774969101,0.609496831893921,7673.512
1370,moist_grid46819_microbe43265_all.pickle,20,9,4,1,0.0857093259692192,1.21135990411858e-05,1.91358321899315e-05,5.50486561223806e-07,0.0802203342318535,0.801030814647675,8161.088
1371,moist_grid46819_microbe43265_all.pickle,21,12,30,1,0.0813530385494232,5.95318233536091e-05,8.3045793871861e-05,4.24274873012109e-07,0.0918708741664886,0.938549816608429,7687.6953
1372,moist_grid46819_microbe43265_all.pickle,22,11,20,1,0.0716641247272491,3.96168979932554e-05,4.66271594632417e-05,3.69029777402829e-07,0.0828612893819809,0.83220374584198,3935.8171
1373,moist_grid46819_microbe43265_all.pickle,23,12,32,1,0.0868835896253586,3.83406477340031e-05,7.72101557231508e-05,4.19174853050208e-07,0.0123574286699295,0,6493.6763
1374,moist_grid46819_microbe43265_all.pickle,24,12,13,1,0.0988886803388596,4.67716308776289e-05,7.22417171346024e-05,1.98676914919815e-07,0.048726562410593,0.429288953542709,8642.997
1375,moist_grid46819_microbe43265_all.pickle,25,12,30,1,0.0510858073830605,9.4542047008872e-05,9.64494829531759e-05,7.81602409460902e-07,0.0575026944279671,0.53287947177887,476.04242
1376,moist_grid46819_microbe432_all.pickle,1,8,6,1,0.0602069944143295,6.26694309175946e-05,5.90201671002433e-05,9.42737585774012e-07,0.099714994430542,1,1500.258
1377,moist_grid46819_microbe432_all.pickle,2,12,37,1,0.0547754801809788,2.69501524599036e-05,6.65305487927981e-05,3.83077320975644e-07,0.0614492297172546,0.566453993320465,1385.8679
1378,moist_grid46819_microbe432_all.pickle,3,11,10,1,0.0987993478775024,4.61410636489745e-05,8.39942003949545e-05,1.08349631489091e-07,0.0148728238418698,0.0387496165931225,5600.7837
1379,moist_grid46819_microbe432_all.pickle,4,11,5,1,0.084819920361042,1.72094551089685e-05,4.52107451565098e-05,8.55507835240132e-07,0.0562005341053009,0.506986975669861,5612.122
1380,moist_grid46819_microbe432_all.pickle,5,12,30,1,0.0765344724059105,9.91819615592249e-05,5.49687756574713e-05,5.3123574161873e-07,0.024415235966444,0.146863862872124,4196.625
1381,moist_grid46819_microbe432_all.pickle,6,12,29,1,0.0826648250222206,8.43911038828082e-05,7.56997906137258e-05,2.45599238724026e-07,0.0346646457910538,0.262988299131393,5829.6616
1382,moist_grid46819_microbe432_all.pickle,7,10,10,1,0.0592889674007893,1.57127797137946e-05,9.69330358202569e-05,7.37668074179965e-07,0.069858729839325,0.661732494831085,28.480265
1383,moist_grid46819_microbe432_all.pickle,8,12,29,1,0.0637115463614464,5.66436065128073e-05,8.80214502103627e-05,6.17169234828907e-07,0.0671352073550224,0.6308753490448,3385.2705
1384,moist_grid46819_microbe432_all.pickle,9,11,5,1,0.0812911912798882,6.02512845944148e-05,9.35168354772031e-05,1.69258996152166e-07,0.0114526934921741,0,4898.791
1385,moist_grid46819_microbe432_all.pickle,10,11,14,1,0.0788531079888344,1.06623183455667e-05,1.01839386843494e-05,1.91703591667647e-07,0.0308928154408932,0.220253959298134,4474.143
1386,moist_grid46819_microbe432_all.pickle,11,12,32,1,0.0705403834581375,4.14514652220532e-05,3.57230564986821e-05,7.65352979215095e-07,0.0842427760362625,0.824701845645905,6938.384
1387,moist_grid46819_microbe432_all.pickle,12,12,40,1,0.0648552253842354,9.3223738076631e-05,2.72966863121837e-05,8.15392183994845e-07,0.0786485821008682,0.761320412158966,4168.9463
1388,moist_grid46819_microbe432_all.pickle,13,12,27,1,0.067889429628849,3.71701680705883e-05,5.21363836014643e-05,9.8011128102371e-07,0.0948715955018997,0.945124924182892,5489.2437
1389,moist_grid46819_microbe432_all.pickle,14,9,12,1,0.0916814506053925,8.01466885604896e-05,6.86642815708183e-05,3.93207898241599e-07,0.0868277624249458,0.85398930311203,90.98521
1390,moist_grid46819_microbe432_all.pickle,15,12,7,1,0.0514036230742931,7.60495313443244e-05,8.15106759546325e-05,2.91805719143667e-07,0.0503656938672066,0.440879046916962,1226.7601
1391,moist_grid46819_microbe432_all.pickle,16,12,21,1,0.0564238764345646,7.44445351301692e-05,9.14989432203583e-05,4.78529841529962e-07,0.0732262581586838,0.69988614320755,3333.8018
1392,moist_grid46819_microbe432_all.pickle,17,11,12,1,0.0682893246412277,3.10951108986046e-05,7.25509526091628e-05,6.75838748520619e-07,0.0194882024079561,0.0910412296652794,2221.951
1393,moist_grid46819_microbe432_all.pickle,18,12,27,1,0.0868533179163933,6.92089815856889e-05,1.67973357747542e-05,6.94719403782074e-07,0.0357436574995518,0.275213330984116,7374.7173
1394,moist_grid46819_microbe432_all.pickle,19,12,12,1,0.0891770198941231,8.76914637046866e-05,4.16753573517781e-05,3.42075765047412e-07,0.0908839628100395,0.899945497512817,8270.054
1395,moist_grid46819_microbe432_all.pickle,20,10,8,1,0.0957119017839432,4.37742673966568e-05,6.13838419667445e-05,5.6119648661479e-07,0.058591827750206,0.534080028533936,6033.2427
1396,moist_grid46819_microbe432_all.pickle,21,12,18,1,0.0973678752779961,5.05127900396474e-05,2.39823457377497e-05,5.90600279792852e-07,0.0223436411470175,0.123392969369888,7414.4473
1397,moist_grid46819_microbe432_all.pickle,22,12,34,1,0.0532281138002872,6.69920991640538e-05,4.82989089505281e-05,9.00459554031841e-07,0.0459408573806286,0.390746235847473,794.2786
1398,moist_grid46819_microbe432_all.pickle,23,12,40,1,0.0932128727436066,2.1738582290709e-05,3.22679625242017e-05,2.09546115570447e-07,0.0753204450011253,0.72361296415329,8768.343
1399,moist_grid46819_microbe432_all.pickle,24,11,18,1,0.0734095424413681,9.24353662412614e-05,3.08647322526667e-05,8.77925856457296e-07,0.0394947044551373,0.317712187767029,2066.648
1400,moist_grid46819_microbe432_all.pickle,25,12,12,1,0.0755620077252388,3.32774507114664e-05,1.77380679815542e-05,4.4741855731445e-07,0.0460438132286072,0.39191272854805,4827.1553
1401,moist_grid46819_microbe4365_all.pickle,1,8,3,1,0.0919203162193298,9.03870823094621e-05,3.59955956810154e-05,9.86858594842488e-07,0.0351550877094269,0.259530276060104,8.73688
1402,moist_grid46819_microbe4365_all.pickle,2,12,37,1,0.0800276473164558,9.79301403276622e-05,1.2621249879885e-05,5.3703786306869e-07,0.0136134196072817,0.00423337938264012,4945.622
1403,moist_grid46819_microbe4365_all.pickle,3,12,28,1,0.05261355265975,7.63579591875896e-05,3.96701834688429e-05,1.39581516123144e-07,0.040493655949831,0.322799265384674,979.6821
1404,moist_grid46819_microbe4365_all.pickle,4,12,0,1,0.0986809283494949,5.13897866767365e-05,7.65338627388701e-05,7.21097023870243e-07,0.0451020188629627,0.377414405345917,7206.196
1405,moist_grid46819_microbe4365_all.pickle,5,12,39,1,0.083766870200634,2.05689284484833e-05,3.23046624544077e-05,9.43660950269987e-07,0.0762139409780502,0.746131241321564,7540.507
1406,moist_grid46819_microbe4365_all.pickle,6,11,12,1,0.0582993999123573,9.5036237325985e-05,1.44941313919844e-05,4.73623060770478e-07,0.0676202028989792,0.644284248352051,1814.6514
1407,moist_grid46819_microbe4365_all.pickle,7,12,24,1,0.061935793608427,8.29032287583686e-05,9.52972477534786e-05,8.57695511058409e-07,0.0304619036614895,0.203909918665886,2765.8037
1408,moist_grid46819_microbe4365_all.pickle,8,12,16,1,0.064521037042141,6.6423075622879e-05,7.40588729968295e-05,3.77511383931051e-07,0.0816583186388016,0.81065422296524,2414.0212
1409,moist_grid46819_microbe4365_all.pickle,9,12,31,1,0.0701119378209114,1.40054316943861e-05,6.99920783517882e-05,9.06648608633986e-07,0.0132562117651105,0,3304.17
1410,moist_grid46819_microbe4365_all.pickle,10,12,35,1,0.0510194040834904,7.09306841599755e-05,9.88360479823314e-05,6.18606691205059e-07,0.018763480708003,0.0652683228254318,675.4441
1411,moist_grid46819_microbe4365_all.pickle,11,11,9,1,0.0681470260024071,1.031908323057e-05,4.79830705444328e-05,2.5170456297019e-07,0.0746094435453415,0.727115869522095,2724.053
1412,moist_grid46819_microbe4365_all.pickle,12,12,38,1,0.0728618428111076,3.35607728629839e-05,6.54012837912887e-05,5.91766649904457e-07,0.0897000133991241,0.905958831310272,6769.572
1413,moist_grid46819_microbe4365_all.pickle,13,8,2,1,0.0952419862151146,2.18709355976898e-05,1.90641549124848e-05,1.3113022134803e-07,0.0222325846552849,0.106381736695766,27.958414
1414,moist_grid46819_microbe4365_all.pickle,14,12,39,1,0.0770376324653625,4.25674224970862e-05,2.59009284491185e-05,3.99861818323188e-07,0.0962844416499138,0.983992874622345,7081.0117
1415,moist_grid46819_microbe4365_all.pickle,15,12,17,1,0.0746362805366516,8.02192153059877e-05,9.02626416063868e-05,4.26668577802047e-07,0.0636521950364113,0.59725821018219,5127.2656
1416,moist_grid46819_microbe4365_all.pickle,16,12,27,1,0.079460397362709,8.83227621670812e-05,2.37824879150139e-05,2.80740550806513e-07,0.0851462632417679,0.851990938186646,6123.274
1417,moist_grid46819_microbe4365_all.pickle,17,12,24,1,0.0922940298914909,3.02694716083352e-05,6.39268182567321e-05,3.3380473496436e-07,0.0601910762488842,0.556239426136017,7299.917
1418,moist_grid46819_microbe4365_all.pickle,18,12,36,1,0.0567534789443016,5.92672658967786e-05,3.04850418615388e-05,8.48170259359904e-07,0.087816409766674,0.883635640144348,1595.3645
1419,moist_grid46819_microbe4365_all.pickle,19,12,23,1,0.0677469372749329,6.23974337941036e-05,8.86600464582443e-05,5.09027017869812e-07,0.0246371552348137,0.134879037737846,3663.7644
1420,moist_grid46819_microbe4365_all.pickle,20,12,34,1,0.0558907240629196,3.95634306187276e-05,4.42946729890537e-05,8.09785831279441e-07,0.0464307516813278,0.393161624670029,762.8554
1421,moist_grid46819_microbe4365_all.pickle,21,12,27,1,0.0851605236530304,7.37865120754577e-05,5.19776222063228e-05,2.37636356814619e-07,0.0522325783967972,0.461920827627182,5932.3433
1422,moist_grid46819_microbe4365_all.pickle,22,9,9,1,0.0869027078151703,3.62583487003576e-05,8.55378821142949e-05,6.44821739115287e-07,0.0381231941282749,0.294706225395203,7.8520494
1423,moist_grid46819_microbe4365_all.pickle,23,11,4,1,0.0894797816872597,4.88372061226983e-05,5.39280663360842e-05,1.76753346181613e-07,0.0641377493739128,0.60301262140274,7069.123
1424,moist_grid46819_microbe4365_all.pickle,24,12,20,1,0.0634724497795105,5.40181135875173e-05,8.18025437183678e-05,6.99740155596373e-07,0.0549651607871056,0.494305491447449,1981.5933
1425,moist_grid46819_microbe4365_all.pickle,25,12,39,1,0.0966015532612801,2.58199343079468e-05,5.92783180763945e-05,7.76174942984653e-07,0.0976351052522659,1,8044.7075
1426,moist_grid46819_microbe5932_all.pickle,1,12,25,1,0.0953654646873474,1.06503557617543e-05,3.17907542921603e-05,3.18119845132969e-07,0.0866815373301506,0.877079904079437,8159.0596
1427,moist_grid46819_microbe5932_all.pickle,2,12,37,1,0.0616315603256226,5.66769995202776e-05,9.68187014223076e-05,7.94137577031506e-07,0.0728351548314095,0.715410649776459,1993.3092
1428,moist_grid46819_microbe5932_all.pickle,3,12,35,1,0.0873548090457916,7.15273708919995e-05,2.92541008093394e-05,3.75341812741681e-07,0.0371156632900238,0.298352718353271,5386.0845
1429,moist_grid46819_microbe5932_all.pickle,4,12,38,1,0.0819839462637901,3.86656065529678e-05,6.25563116045669e-05,9.79255446509342e-07,0.0220030397176743,0.121898926794529,5074.833
1430,moist_grid46819_microbe5932_all.pickle,5,9,15,1,0.0835017561912537,3.05754292639904e-05,8.78921782714315e-05,7.15900512204826e-07,0.0957905352115631,0.983435869216919,3690.2688
1431,moist_grid46819_microbe5932_all.pickle,6,11,5,1,0.0899019539356232,4.50624029326718e-05,7.19584713806398e-05,8.88735087301029e-07,0.0709614828228951,0.693533837795258,6148.7637
1432,moist_grid46819_microbe5932_all.pickle,7,8,6,1,0.0535252690315247,2.12503036891576e-05,4.03704470954835e-05,1.59869884441832e-07,0.0599942095577717,0.565480768680573,393.92932
1433,moist_grid46819_microbe5932_all.pickle,8,12,33,1,0.0595321841537952,6.06318862992339e-05,1.21437587949913e-05,7.0280503905451e-07,0.0554842427372932,0.512822806835175,1146.3385
1434,moist_grid46819_microbe5932_all.pickle,9,12,35,1,0.0550267659127712,8.82607419043779e-05,4.4393542339094e-05,9.11999734398705e-07,0.0115628410130739,0,829.94495
1435,moist_grid46819_microbe5932_all.pickle,10,12,27,1,0.0919176563620567,7.54790526116267e-05,7.65389122534543e-05,5.04469994666579e-07,0.0644244253635406,0.617207646369934,6211.589
1436,moist_grid46819_microbe5932_all.pickle,11,12,7,1,0.0573900677263737,2.64125756075373e-05,5.71884702367242e-05,4.14832243222918e-07,0.0834872275590897,0.839783430099487,1684.25
1437,moist_grid46819_microbe5932_all.pickle,12,12,38,1,0.0921141728758812,6.99082956998609e-05,4.74218795716297e-05,5.87907038607227e-07,0.0904692187905312,0.9213045835495,6678.046
1438,moist_grid46819_microbe5932_all.pickle,13,12,13,1,0.0858328267931938,3.33704520016909e-05,9.39524252316914e-05,6.53138897632743e-07,0.0286093186587095,0.199033319950104,6375.366
1439,moist_grid46819_microbe5932_all.pickle,14,11,9,1,0.0690686628222466,5.96627542108763e-05,1.9026783775189e-05,1.15458220761866e-07,0.0502509847283363,0.451719701290131,3352.5818
1440,moist_grid46819_microbe5932_all.pickle,15,6,1,1,0.0798808932304382,4.13758716604207e-05,6.86502171447501e-05,9.32971545353212e-07,0.0155308209359646,0.0463298186659813,1.0139744
1441,moist_grid46819_microbe5932_all.pickle,16,12,22,1,0.098529040813446,9.43950726650655e-05,8.00494381110184e-05,4.26553583565692e-07,0.0495432652533054,0.443456381559372,6760.7837
1442,moist_grid46819_microbe5932_all.pickle,17,12,31,1,0.0770418494939804,1.7302429114352e-05,5.09635719936341e-05,1.98316129740306e-07,0.0756793767213821,0.748619556427002,4801.996
1443,moist_grid46819_microbe5932_all.pickle,18,12,40,1,0.074465274810791,8.34713064250536e-05,2.29283923545154e-05,2.95949462270073e-07,0.0318683050572872,0.237084984779358,3514.2458
1444,moist_grid46819_microbe5932_all.pickle,19,12,35,1,0.0664266422390938,5.24605347891338e-05,2.53046728175832e-05,2.37139701653177e-07,0.020224753767252,0.101135805249214,2527.3005
1445,moist_grid46819_microbe5932_all.pickle,20,12,27,1,0.0650356709957123,6.75540941301733e-05,1.43944971568999e-05,6.10338986462011e-07,0.045472227036953,0.395923316478729,1875.1925
1446,moist_grid46819_microbe5932_all.pickle,21,12,18,1,0.0973328053951263,9.82889323495328e-05,9.02513129403815e-05,5.53319125629059e-07,0.0628595575690269,0.598936378955841,7258.9746
1447,moist_grid46819_microbe5932_all.pickle,22,11,30,1,0.0733414962887764,4.67044847027864e-05,3.62354876415338e-05,7.58050020976953e-07,0.0972091928124428,1,3467.9897
1448,moist_grid46819_microbe5932_all.pickle,23,11,1,1,0.0630022510886192,8.18388871266507e-05,6.51266236673109e-05,4.80921983125882e-07,0.0247254204005003,0.153685227036476,1508.3657
1449,moist_grid46819_microbe5932_all.pickle,24,12,33,1,0.0713436752557755,1.60802228492685e-05,8.23952505015768e-05,8.44005796807323e-07,0.0793994292616844,0.79205459356308,5028.828
1450,moist_grid46819_microbe5932_all.pickle,25,12,40,1,0.0501319654285908,9.26684588193893e-05,5.61427150387317e-05,2.59340282582343e-07,0.0421543903648853,0.357184499502182,288.6373
1451,moist_grid46819_microbe5935_all.pickle,1,12,34,1,0.069947324693203,5.66879316465929e-05,9.97432653093711e-05,9.63313368629315e-07,0.0475836284458637,0.413401305675507,3513.2346
1452,moist_grid46819_microbe5935_all.pickle,2,11,16,1,0.0909053310751915,8.5089159256313e-05,9.32776092668064e-05,7.63453385843604e-07,0.0368354804813862,0.290656238794327,6442.4297
1453,moist_grid46819_microbe5935_all.pickle,3,12,27,1,0.0978851169347763,9.82893761829473e-05,1.13947698991979e-05,2.28291540338432e-07,0.0962909683585167,0.969644725322723,7751.073
1454,moist_grid46819_microbe5935_all.pickle,4,4,0,1,0.0652836263179779,6.35995165794156e-05,7.31966574676335e-05,2.86477757072134e-07,0.067529208958149,0.641182124614716,3.1742043
1455,moist_grid46819_microbe5935_all.pickle,5,10,2,1,0.0957752987742424,3.32758500007913e-05,7.58897149353288e-05,3.29799291876043e-07,0.0113842254504561,0,404.67783
1456,moist_grid46819_microbe5935_all.pickle,6,12,31,1,0.0758173316717148,4.32740744145121e-05,2.58854761341354e-05,3.84638184414143e-07,0.0455524958670139,0.390205562114716,6010.842
1457,moist_grid46819_microbe5935_all.pickle,7,11,5,1,0.0980111882090569,5.07402910443489e-05,2.18020377360517e-05,7.3313708526257e-07,0.0315579921007156,0.230386719107628,5616.7983
1458,moist_grid46819_microbe5935_all.pickle,8,7,0,1,0.0828490704298019,6.91170644131489e-05,3.68560358765535e-05,7.89387911481754e-07,0.0726529285311699,0.699695587158203,12.907624
1459,moist_grid46819_microbe5935_all.pickle,9,12,38,1,0.0530349127948284,7.96804888523184e-05,4.99431807838846e-05,6.36924880836887e-07,0.019099609926343,0.0881105735898018,651.8583
1460,moist_grid46819_microbe5935_all.pickle,10,12,34,1,0.0891717746853828,8.6454143456649e-05,6.67898202664219e-05,6.69909525186085e-07,0.0558385774493217,0.507673799991608,6664.088
1461,moist_grid46819_microbe5935_all.pickle,11,12,21,1,0.0556068047881126,4.16274888266344e-05,6.98640287737362e-05,9.80451204668498e-07,0.0518549717962742,0.462180554866791,1370.1053
1462,moist_grid46819_microbe5935_all.pickle,12,12,32,1,0.0599423088133335,2.45688261202304e-05,9.24875057535246e-05,2.66728960696128e-07,0.0142091643065214,0.0322611257433891,1685.6672
1463,moist_grid46819_microbe5935_all.pickle,13,12,26,1,0.0713600516319275,6.60832520225085e-05,4.34157409472391e-05,5.13367922394536e-07,0.0582683868706226,0.535422503948212,5678.137
1464,moist_grid46819_microbe5935_all.pickle,14,12,40,1,0.0608532018959522,3.12789816234726e-05,2.91148589894874e-05,8.884221642802e-07,0.098949022591114,1,4244.5195
1465,moist_grid46819_microbe5935_all.pickle,15,12,24,1,0.084786981344223,1.5210143828881e-05,1.96952405531192e-05,4.21897112801162e-07,0.0892860069870949,0.889647245407104,8255.564
1466,moist_grid46819_microbe5935_all.pickle,16,10,16,1,0.0735287219285965,8.94226104719564e-05,5.78540966671426e-05,1.50241490359804e-07,0.0621913075447083,0.58022266626358,4474.7085
1467,moist_grid46819_microbe5935_all.pickle,17,12,20,1,0.0934971421957016,7.37074369681068e-05,1.62203359650448e-05,8.47242404233839e-07,0.0751758888363838,0.728508114814758,7845.961
1468,moist_grid46819_microbe5935_all.pickle,18,12,39,1,0.0806704610586166,1.02305648397305e-05,4.12359222536907e-05,1.95121941715115e-07,0.083120234310627,0.819233417510986,7144.3516
1469,moist_grid46819_microbe5935_all.pickle,19,12,18,1,0.0569390505552292,9.4032526249066e-05,8.64242028910667e-05,6.81436688410031e-07,0.0812477320432663,0.797849237918854,3369.038
1470,moist_grid46819_microbe5935_all.pickle,20,12,27,1,0.0770347341895103,2.36203959502745e-05,7.91226848377846e-05,4.70679253794515e-07,0.0397705845534801,0.324175447225571,5513.488
1471,moist_grid46819_microbe5935_all.pickle,21,11,6,1,0.0787461847066879,5.80810883548111e-05,8.3163584349677e-05,5.6622320698807e-07,0.0336566865444183,0.254354059696198,5547.084
1472,moist_grid46819_microbe5935_all.pickle,22,12,26,1,0.0515786446630955,1.89418988156831e-05,6.10569913988002e-05,5.80460948640393e-07,0.0251758508384228,0.157501935958862,461.66666
1473,moist_grid46819_microbe5935_all.pickle,23,12,37,1,0.063075490295887,7.52364649088122e-05,3.33136886183638e-05,1.35979647097884e-07,0.0224842075258493,0.126763060688972,2530.6216
1474,moist_grid46819_microbe5935_all.pickle,24,12,25,1,0.0665704011917114,4.94218220410403e-05,4.89177436975297e-05,9.16950568807806e-07,0.0864057093858719,0.856753945350647,3659.2405
1475,moist_grid46819_microbe5935_all.pickle,25,12,9,1,0.0862181410193443,3.63121653208509e-05,5.36232000740711e-05,4.50438022880917e-07,0.0689438506960869,0.657337486743927,7554.2725
1476,moist_grid46819_microbe7740_all.pickle,1,12,27,1,0.0738894864916801,9.16384888114408e-05,3.53980431100354e-05,5.65322466172802e-07,0.0453188419342041,0.383472830057144,6010.9375
1477,moist_grid46819_microbe7740_all.pickle,2,12,29,1,0.0629224926233292,1.67951347975759e-05,9.16880017030053e-05,1.69288227880315e-07,0.0730438828468323,0.708102345466614,1997.9824
1478,moist_grid46819_microbe7740_all.pickle,3,12,9,1,0.0949077755212784,5.4112373618409e-05,9.90637126960792e-05,1.90271890687654e-07,0.0494956076145172,0.432378113269806,6806.191
1479,moist_grid46819_microbe7740_all.pickle,4,12,17,1,0.0527798272669315,5.94156917941291e-05,5.27273441548459e-05,3.01155751003535e-07,0.0611633881926537,0.56899493932724,660.81604
1480,moist_grid46819_microbe7740_all.pickle,5,7,1,1,0.0762202441692352,9.91759225144051e-05,7.8834367741365e-05,7.66277935326798e-07,0.0564717203378677,0.51406067609787,1.4007795
1481,moist_grid46819_microbe7740_all.pickle,6,12,15,1,0.0747650638222694,7.0376685471274e-05,6.15682802163064e-05,6.70828683269065e-07,0.0902487710118294,0.909552574157715,6140.4644
1482,moist_grid46819_microbe7740_all.pickle,7,12,33,1,0.0857118293642998,3.26728186337277e-05,1.91414637811249e-05,4.55837948720728e-07,0.0674606263637543,0.642728626728058,7639.7095
1483,moist_grid46819_microbe7740_all.pickle,8,6,4,1,0.0796502232551575,1.86705692613032e-05,4.74471489724237e-05,8.95001392109407e-07,0.0323271565139294,0.231354564428329,8.961075
1484,moist_grid46819_microbe7740_all.pickle,9,11,16,1,0.0702188089489937,6.32306037005037e-05,5.80170126340818e-05,8.05048387064744e-07,0.0835066810250282,0.830610156059265,5673.2656
1485,moist_grid46819_microbe7740_all.pickle,10,12,31,1,0.0965951457619667,2.34945182455704e-05,1.03733227660996e-05,3.3019063039319e-07,0.0258103180676699,0.155049622058868,7412.322
1486,moist_grid46819_microbe7740_all.pickle,11,11,20,1,0.0870840772986412,2.46865347435232e-05,6.98510557413101e-05,7.33170963940211e-07,0.0399946048855782,0.321131885051727,7138.417
1487,moist_grid46819_microbe7740_all.pickle,12,12,21,1,0.0903527662158012,1.34017664095154e-05,8.73768512974493e-05,4.19801352791183e-07,0.0498455092310905,0.436475098133087,7106.6123
1488,moist_grid46819_microbe7740_all.pickle,13,12,25,1,0.0684922188520432,7.98797482275404e-05,3.20359176839702e-05,8.39950530462374e-07,0.0979734510183334,1,5128.455
1489,moist_grid46819_microbe7740_all.pickle,14,12,22,1,0.0653835833072662,3.9553597162012e-05,7.78603061917238e-05,6.28222949217161e-07,0.0694418922066689,0.665927052497864,2694.4714
1490,moist_grid46819_microbe7740_all.pickle,15,10,1,1,0.0587526522576809,4.29423671448603e-05,9.30973546928726e-05,9.33219723719958e-07,0.0950283780694008,0.965516448020935,336.31976
1491,moist_grid46819_microbe7740_all.pickle,16,12,22,1,0.056685633957386,2.94843794108601e-05,4.04603051720187e-05,3.57347516910522e-07,0.0785217061638832,0.772241592407227,1337.9685
1492,moist_grid46819_microbe7740_all.pickle,17,12,26,1,0.0997351706027985,6.55342810205184e-05,6.5920248744078e-05,9.89271597973129e-07,0.0289149675518274,0.19140163064003,7162.4526
1493,moist_grid46819_microbe7740_all.pickle,18,12,23,1,0.0826830640435219,7.81855997047387e-05,2.60001161223045e-05,1.34737589974065e-07,0.0863727927207947,0.864169120788574,6664.723
1494,moist_grid46819_microbe7740_all.pickle,19,12,33,1,0.0677571967244148,8.50129290483892e-05,5.48857206013054e-05,8.73382646204846e-07,0.0213798657059669,0.103173926472664,2487.0303
1495,moist_grid46819_microbe7740_all.pickle,20,12,33,1,0.0544254295527935,8.78410355653614e-05,7.37276350264437e-05,2.2075030869928e-07,0.0378890298306942,0.296477943658829,1011.8848
1496,moist_grid46819_microbe7740_all.pickle,21,12,37,1,0.0924796015024185,5.15550382260699e-05,2.95468144031474e-05,5.26617498053383e-07,0.0571580938994884,0.52209734916687,7003.4224
1497,moist_grid46819_microbe7740_all.pickle,22,12,31,1,0.0612693391740322,4.67792633571662e-05,1.41117589009809e-05,6.93320771461003e-07,0.0125682791694999,0,1717.4497
1498,moist_grid46819_microbe7740_all.pickle,23,12,19,1,0.0816361531615257,9.3872171419207e-05,4.42089985881466e-05,5.6975301276907e-07,0.0769764930009842,0.754148840904236,7107.635
1499,moist_grid46819_microbe7740_all.pickle,24,9,6,1,0.0895411446690559,3.77320066036191e-05,8.5427935118787e-05,4.93047025429405e-07,0.0142760248854756,0.0199958123266697,3846.6929
1500,moist_grid46819_microbe7740_all.pickle,25,11,4,1,0.050913579761982,7.16120339347981e-05,2.20951333176345e-05,2.67051547098163e-07,0.0189831200987101,0.0751106888055801,379.63086
1501,drought_grid46819_microbe100_all.pickle,1,12,3,1,0.0957247093319893,6.08072332397569e-05,9.40831960178912e-05,6.06601474828494e-07,0.0255980584770441,0.157916486263275,966.0886
1502,drought_grid46819_microbe100_all.pickle,2,12,19,1,0.0530360452830791,5.1179882575525e-05,2.15798427234404e-05,9.19783985864342e-07,0.0118996938690543,0,135.1731
1503,drought_grid46819_microbe100_all.pickle,3,11,10,1,0.076027475297451,3.305505742901e-05,6.73543981974944e-05,4.19612575797146e-07,0.0201448276638985,0.0950509458780289,138.54742
1504,drought_grid46819_microbe100_all.pickle,4,12,21,1,0.0862932354211807,6.57330601825379e-05,4.79263180750422e-05,4.36041204920912e-07,0.0394497066736221,0.317600041627884,3339.8713
1505,drought_grid46819_microbe100_all.pickle,5,9,9,1,0.0658157616853714,3.92673937312793e-05,3.61446291208267e-05,7.92123216797336e-07,0.0226089842617512,0.123458057641983,33.17971
1506,drought_grid46819_microbe100_all.pickle,6,12,15,1,0.0924843475222588,9.20198363019153e-05,5.03953706356697e-05,6.69982512135903e-07,0.0718515813350677,0.691132962703705,6866.1753
1507,drought_grid46819_microbe100_all.pickle,7,12,30,1,0.0557570829987526,1.66870904649841e-05,1.54440076585161e-05,3.36991121230312e-07,0.0857463106513023,0.851313173770905,957.4771
1508,drought_grid46819_microbe100_all.pickle,8,12,28,1,0.0975749120116234,7.6535165135283e-05,3.07973277813289e-05,7.72687542394124e-07,0.0558406263589859,0.506556630134583,5726.795
1509,drought_grid46819_microbe100_all.pickle,9,12,40,1,0.0988424569368362,1.0608707270876e-05,6.38095443719067e-05,1.64677047109762e-07,0.0927412211894989,0.931951403617859,11510.66
1510,drought_grid46819_microbe100_all.pickle,10,12,19,1,0.0907434150576591,3.10886462102644e-05,5.55670812900644e-05,2.87355362615926e-07,0.0849296152591705,0.841898202896118,6408.84
1511,drought_grid46819_microbe100_all.pickle,11,10,11,1,0.0805803164839745,9.95089649222791e-05,3.47506793332286e-05,8.79616436577635e-07,0.0290876422077417,0.198144868016243,103.03099
1512,drought_grid46819_microbe100_all.pickle,12,12,37,1,0.0590456426143646,4.75246306450572e-05,8.75135956448503e-05,3.85529176583077e-07,0.0374001301825047,0.293972253799438,469.7822
1513,drought_grid46819_microbe100_all.pickle,13,9,7,1,0.060179341584444,1.93284067790955e-05,9.03821346582845e-05,5.84692429583811e-07,0.0661579519510269,0.625496089458466,7.5577497
1514,drought_grid46819_microbe100_all.pickle,14,12,3,1,0.0887892320752144,4.30157779192086e-05,7.40033210604452e-05,2.53323577226183e-07,0.0607015378773212,0.562593817710876,2041.9563
1515,drought_grid46819_microbe100_all.pickle,15,12,9,1,0.085213877260685,2.39249038713751e-05,9.99527910607867e-05,5.02268051150168e-07,0.068816103041172,0.656139552593231,2377.8354
1516,drought_grid46819_microbe100_all.pickle,16,9,6,1,0.0636097937822342,7.46246878406964e-05,7.86581222200766e-05,1.2115212655317e-07,0.0778291746973991,0.760043442249298,1034.4398
1517,drought_grid46819_microbe100_all.pickle,17,12,31,1,0.0707908496260643,9.63195852818899e-05,8.46487237140536e-05,8.30452449918084e-07,0.0507704801857471,0.448107361793518,2136.484
1518,drought_grid46819_microbe100_all.pickle,18,12,19,1,0.0508698150515556,5.56156264792662e-05,1.00793740784866e-05,2.37290208815466e-07,0.0986440554261208,1,2340.72
1519,drought_grid46819_microbe100_all.pickle,19,8,8,1,0.0668592751026154,5.68104151170701e-05,5.75593985558953e-05,9.88365741250163e-07,0.0431473925709724,0.360227435827255,11.394944
1520,drought_grid46819_microbe100_all.pickle,20,9,1,1,0.083902046084404,2.74683334282599e-05,4.53545981144998e-05,7.03048158356978e-07,0.0793739855289459,0.777852177619934,1831.981
1521,drought_grid46819_microbe100_all.pickle,21,7,4,1,0.0684470683336258,3.74370320059825e-05,6.91692985128611e-05,9.34780985062389e-07,0.0587419904768467,0.540003955364227,4.569857
1522,drought_grid46819_microbe100_all.pickle,22,12,20,1,0.0730580762028694,8.54865502333269e-05,7.68535828683525e-05,1.9422853370088e-07,0.0928722694516182,0.933462142944336,7610.385
1523,drought_grid46819_microbe100_all.pickle,23,12,9,1,0.0794932991266251,6.91676759743132e-05,3.99971795559395e-05,4.83107783111336e-07,0.0163162294775248,0.0509143844246864,921.69916
1524,drought_grid46819_microbe100_all.pickle,24,12,31,1,0.0741647109389305,8.6546438978985e-05,2.48891665250994e-05,7.20493972039549e-07,0.047796968370676,0.413828313350677,2644.274
1525,drought_grid46819_microbe100_all.pickle,25,12,18,1,0.0568481832742691,7.98763940110803e-05,1.75441800820408e-05,5.33388913481758e-07,0.033577736467123,0.249907210469246,244.70413
1526,drought_grid46819_microbe1089_all.pickle,1,10,10,1,0.0894577726721764,5.25055256730411e-05,1.96043238247512e-05,8.03478258148971e-07,0.095830462872982,0.970211327075958,1896.2075
1527,drought_grid46819_microbe1089_all.pickle,2,8,2,1,0.05068539083004,8.54857717058621e-05,3.01298132399097e-05,5.09746030274982e-07,0.0435574762523174,0.355339735746384,52.097168
1528,drought_grid46819_microbe1089_all.pickle,3,11,7,1,0.0651691034436226,2.0878092982457e-05,2.15656291402411e-05,8.99108727026032e-07,0.0184786673635244,0.0603451654314995,141.42572
1529,drought_grid46819_microbe1089_all.pickle,4,12,24,1,0.08082465082407,7.40399773349054e-05,2.6004387109424e-05,7.01459498486656e-07,0.0874809175729752,0.871998131275177,7330.316
1530,drought_grid46819_microbe1089_all.pickle,5,10,2,1,0.0628209412097931,2.93398916255683e-05,7.61178380344063e-05,8.50582182465587e-07,0.0595530308783054,0.543490648269653,11.828261
1531,drought_grid46819_microbe1089_all.pickle,6,12,12,1,0.0869793742895126,1.19054684546427e-05,6.56510746921413e-05,3.96453771145389e-07,0.0380422696471214,0.290466010570526,1318.8302
1532,drought_grid46819_microbe1089_all.pickle,7,10,16,1,0.0853130295872688,8.89328875928186e-05,4.67927638965193e-05,9.87246380645956e-07,0.0140519766137004,0.00827531982213259,1881.9559
1533,drought_grid46819_microbe1089_all.pickle,8,12,36,1,0.0662829726934433,6.25028478680179e-05,8.57251943671145e-05,1.20660686775409e-07,0.0643684938549995,0.600133538246155,2095.5222
1534,drought_grid46819_microbe1089_all.pickle,9,12,27,1,0.06991046667099,1.5395844457089e-05,8.17501713754609e-05,8.86994200754998e-07,0.0617575384676456,0.569421648979187,866.45245
1535,drought_grid46819_microbe1089_all.pickle,10,12,29,1,0.0572124049067497,4.44548059022054e-05,3.19557657348923e-05,3.39135084459485e-07,0.0313146561384201,0.211331084370613,191.98183
1536,drought_grid46819_microbe1089_all.pickle,11,9,8,1,0.0704658105969429,6.47678098175675e-05,5.49210926692467e-05,9.62364083534339e-07,0.075243666768074,0.728055000305176,373.59927
1537,drought_grid46819_microbe1089_all.pickle,12,12,27,1,0.0735455676913261,5.32390986336395e-05,6.87478313921019e-05,6.48341767828242e-07,0.027734387665987,0.169217452406883,1598.2192
1538,drought_grid46819_microbe1089_all.pickle,13,12,13,1,0.0743017122149467,6.90000233589672e-05,5.19906061526854e-05,1.766267274661e-07,0.0810519829392433,0.796376466751099,4684.566
1539,drought_grid46819_microbe1089_all.pickle,14,11,17,1,0.0970563590526581,1.72039508470334e-05,8.54026002343744e-05,3.77798897943649e-07,0.0409194193780422,0.324309051036835,2713.3535
1540,drought_grid46819_microbe1089_all.pickle,15,7,3,1,0.0798575058579445,3.37791643687524e-05,6.38476412859745e-05,7.48833542729699e-07,0.0916322469711304,0.920828998088837,830.3151
1541,drought_grid46819_microbe1089_all.pickle,16,12,33,1,0.0944391936063766,2.70690197794465e-05,9.41124962992035e-05,1.50498266293653e-07,0.0836769491434097,0.82725316286087,8520.729
1542,drought_grid46819_microbe1089_all.pickle,17,12,2,1,0.0601995326578617,5.72579665458761e-05,1.15113571155234e-05,4.42568079961347e-07,0.0738642364740372,0.71182918548584,556.47406
1543,drought_grid46819_microbe1089_all.pickle,18,12,16,1,0.0535696782171726,8.92437237780541e-05,1.50837076944299e-05,4.85627310808923e-07,0.0331921391189098,0.233415350317955,324.54068
1544,drought_grid46819_microbe1089_all.pickle,19,12,34,1,0.0771297365427017,9.71441841102205e-05,9.15615019039251e-05,2.1788990522964e-07,0.0237129963934422,0.121915020048618,3344.459
1545,drought_grid46819_microbe1089_all.pickle,20,11,10,1,0.0824495404958725,4.72350584459491e-05,7.30644605937414e-05,6.01748183726158e-07,0.0693934857845306,0.659241020679474,4163.093
1546,drought_grid46819_microbe1089_all.pickle,21,10,7,1,0.0557830482721329,3.97261901525781e-05,3.71778332919348e-05,2.67763425654266e-07,0.0983629301190376,1,2778.3914
1547,drought_grid46819_microbe1089_all.pickle,22,12,11,1,0.0991965755820274,9.38924858928658e-05,4.36361515312456e-05,2.83694760128128e-07,0.0133484546095133,0,2614.9927
1548,drought_grid46819_microbe1089_all.pickle,23,12,40,1,0.093082882463932,7.97137035988271e-05,4.06207182095386e-05,6.14867587955814e-07,0.0536240115761757,0.473749399185181,5357.662
1549,drought_grid46819_microbe1089_all.pickle,24,12,13,1,0.090387724339962,7.48779493733309e-05,5.78140970901586e-05,5.5228917972272e-07,0.0463212728500366,0.387849479913712,2975.7048
1550,drought_grid46819_microbe1089_all.pickle,25,12,23,1,0.0594676658511162,3.81853278668132e-05,9.74085778580047e-05,7.41712597118749e-07,0.0509139411151409,0.441871613264084,327.8632
1551,drought_grid46819_microbe13089_all.pickle,1,12,16,1,0.0517958104610443,7.90054109529592e-05,4.62128227809444e-05,2.87468139958946e-07,0.0380596518516541,0.319081515073776,46.637314
1552,drought_grid46819_microbe13089_all.pickle,2,6,3,1,0.0525042340159416,5.62582863494754e-05,7.97679167590104e-05,2.25035066137025e-07,0.06297218054533,0.604975700378418,8.500594
1553,drought_grid46819_microbe13089_all.pickle,3,12,16,1,0.0740296542644501,2.12968170671957e-05,5.17461958224885e-05,6.39512734323944e-07,0.0920200869441032,0.938327193260193,7151.2896
1554,drought_grid46819_microbe13089_all.pickle,4,6,3,1,0.0681481137871742,3.8965492421994e-05,2.0983154172427e-05,6.64395997773681e-07,0.0790789276361465,0.789815425872803,2.9812012
1555,drought_grid46819_microbe13089_all.pickle,5,8,6,1,0.0925840362906456,9.49038658291101e-05,5.56411505385768e-05,1.50736795490047e-07,0.0571343414485455,0.537981152534485,3.545044
1556,drought_grid46819_microbe13089_all.pickle,6,12,24,1,0.0574979782104492,9.00954473763704e-05,6.84774058754556e-05,2.53895876767274e-07,0.0158979203552008,0.0647552534937859,276.01056
1557,drought_grid46819_microbe13089_all.pickle,7,12,27,1,0.0913419052958488,4.79040827485733e-05,6.35411633993499e-05,5.1259434030726e-07,0.0826165825128555,0.830413281917572,7900.4253
1558,drought_grid46819_microbe13089_all.pickle,8,12,17,1,0.0628038793802261,2.74889098363928e-05,4.15740032622125e-05,8.49187699714093e-07,0.0541392117738724,0.503609240055084,371.84418
1559,drought_grid46819_microbe13089_all.pickle,9,12,25,1,0.0585008412599564,7.14484995114617e-05,9.0009685663972e-05,7.52345670207433e-07,0.0276684705168009,0.199833139777184,476.34186
1560,drought_grid46819_microbe13089_all.pickle,10,12,16,1,0.0802837610244751,1.29889085656032e-05,9.69278044067323e-05,4.43007792227945e-07,0.0748130530118942,0.74086058139801,2351.727
1561,drought_grid46819_microbe13089_all.pickle,11,12,18,1,0.0605661682784557,5.15231913595926e-05,5.93747172388248e-05,8.92854018275102e-07,0.0238698925822973,0.156240969896317,83.928696
1562,drought_grid46819_microbe13089_all.pickle,12,12,30,1,0.0861667096614838,4.54434812127147e-05,4.54390828963369e-05,7.47211856833019e-07,0.0865894705057144,0.876005828380585,8075.088
1563,drought_grid46819_microbe13089_all.pickle,13,12,28,1,0.0557042397558689,3.83178521587979e-05,2.55009581451304e-05,9.74598492575751e-07,0.0524852760136127,0.484628826379776,157.40666
1564,drought_grid46819_microbe13089_all.pickle,14,11,12,1,0.0763136297464371,6.64477920508943e-05,8.66714617586695e-05,3.95838043232288e-07,0.0326160602271557,0.256611287593842,102.79544
1565,drought_grid46819_microbe13089_all.pickle,15,12,33,1,0.079319529235363,2.04717525775777e-05,3.00423853332177e-05,8.05555998795171e-07,0.0102552138268948,0,460.32587
1566,drought_grid46819_microbe13089_all.pickle,16,12,34,1,0.0989063382148743,3.10562500089873e-05,3.30337643390521e-05,1.12542181796016e-07,0.0692035704851151,0.676486670970917,6594.293
1567,drought_grid46819_microbe13089_all.pickle,17,12,15,1,0.0892982333898544,8.53187448228709e-05,6.56021147733554e-05,6.84582346366369e-07,0.0973941907286644,1,11374.904
1568,drought_grid46819_microbe13089_all.pickle,18,12,24,1,0.096062034368515,6.90357046551071e-05,7.17934817657806e-05,6.02118518600037e-07,0.0431317575275898,0.377288609743118,3563.5562
1569,drought_grid46819_microbe13089_all.pickle,19,10,7,1,0.083009347319603,3.34337782987859e-05,1.85745229828171e-05,3.76638837451537e-07,0.0193622559309006,0.104511693120003,4.6975207
1570,drought_grid46819_microbe13089_all.pickle,20,11,8,1,0.0940928682684898,8.61390944919549e-05,7.71318300394341e-05,1.95733576902057e-07,0.0665786787867546,0.646363615989685,2256.0308
1571,drought_grid46819_microbe13089_all.pickle,21,10,1,1,0.0711434110999107,6.0630714870058e-05,1.1229953088332e-05,8.72639589033497e-07,0.0735859125852585,0.726778030395508,920.53015
1572,drought_grid46819_microbe13089_all.pickle,22,12,35,1,0.0655462816357613,1.60711097123567e-05,9.60849865805358e-05,5.64126082736038e-07,0.041974775493145,0.364011168479919,253.99661
1573,drought_grid46819_microbe13089_all.pickle,23,12,17,1,0.0736720040440559,7.68481841078028e-05,8.51559525472112e-05,4.78946560633631e-07,0.0939690917730331,0.960693776607513,4215.917
1574,drought_grid46819_microbe13089_all.pickle,24,12,27,1,0.0675325095653534,5.86647001910023e-05,1.55370362335816e-05,3.43674315672615e-07,0.0490136817097664,0.444789081811905,569.9945
1575,drought_grid46819_microbe13089_all.pickle,25,11,3,1,0.085148811340332,9.97045644908212e-05,3.76150310330559e-05,9.60217676038155e-07,0.0287538766860962,0.212289184331894,643.0742
1576,drought_grid46819_microbe5051_all.pickle,1,12,13,1,0.069296233355999,4.81096030853223e-05,4.24984718847554e-05,4.60384455891472e-07,0.0256358366459608,0.170880109071732,424.14243
1577,drought_grid46819_microbe5051_all.pickle,2,12,18,1,0.0755175054073334,7.87185708759353e-05,8.50592041388154e-05,3.30230108147589e-07,0.0488215312361717,0.429444670677185,2482.3723
1578,drought_grid46819_microbe5051_all.pickle,3,12,25,1,0.0564906299114227,1.01376936072484e-05,3.87072577723302e-05,9.54312213252706e-07,0.0999836921691895,1,4013.4985
1579,drought_grid46819_microbe5051_all.pickle,4,12,24,1,0.0661662966012955,5.83104119868949e-05,9.2055277491454e-05,2.26764598210139e-07,0.0823391079902649,0.803229331970215,4201.1196
1580,drought_grid46819_microbe5051_all.pickle,5,12,24,1,0.0705073326826096,8.73066164785996e-05,9.91361375781707e-05,2.85792509657767e-07,0.0640045180916786,0.598763823509216,1560.9966
1581,drought_grid46819_microbe5051_all.pickle,6,12,30,1,0.0776520222425461,5.51969205844216e-05,8.18656553747132e-05,5.95237565903517e-07,0.0706304758787155,0.672655880451202,3962.0903
1582,drought_grid46819_microbe5051_all.pickle,7,12,18,1,0.0877011343836784,9.27112705539912e-05,2.09546942642191e-05,8.43161046759633e-07,0.0321044921875,0.243017911911011,2317.2349
1583,drought_grid46819_microbe5051_all.pickle,8,12,39,1,0.0979861691594124,9.34435011004098e-05,2.63416641246295e-05,4.20429870473527e-07,0.0188341420143843,0.0950282961130142,4204.6265
1584,drought_grid46819_microbe5051_all.pickle,9,5,1,1,0.0787319913506508,2.45686151174596e-05,5.73556317249313e-05,6.25200982540264e-07,0.087459497153759,0.860331416130066,10.891997
1585,drought_grid46819_microbe5051_all.pickle,10,12,24,1,0.0937192291021347,2.19621870201081e-05,1.78556747414405e-05,6.58758381177904e-07,0.0898978188633919,0.887523353099823,9502.613
1586,drought_grid46819_microbe5051_all.pickle,11,11,3,1,0.0845256969332695,6.54965770081617e-05,8.77134443726391e-05,8.96977894626616e-07,0.0301840100437403,0.221600890159607,909.61304
1587,drought_grid46819_microbe5051_all.pickle,12,9,1,1,0.0897206291556358,1.59534520207671e-05,7.23648990970105e-05,8.09153618774872e-07,0.0361540094017982,0.288177728652954,5.222658
1588,drought_grid46819_microbe5051_all.pickle,13,11,14,1,0.055910125374794,6.18457779637538e-05,5.01331596751697e-05,2.62008313711704e-07,0.0429784283041954,0.364282965660095,96.47305
1589,drought_grid46819_microbe5051_all.pickle,14,10,9,1,0.0536431632936001,1.87939040188212e-05,6.5357526182197e-05,3.61930545977884e-07,0.0141596384346485,0.0428986921906471,50.07848
1590,drought_grid46819_microbe5051_all.pickle,15,12,40,1,0.0826525092124939,3.47967543348204e-05,4.67912977910601e-05,5.56306133603357e-07,0.0222004577517509,0.13256910443306,2630.489
1591,drought_grid46819_microbe5051_all.pickle,16,8,4,1,0.0810758695006371,7.18583396519534e-05,6.08791524427943e-05,1.97291953440981e-07,0.0508943721652031,0.452560782432556,342.0377
1592,drought_grid46819_microbe5051_all.pickle,17,10,1,1,0.0914629772305489,3.88198022847064e-05,1.2615888408618e-05,1.54029564214397e-07,0.0932519063353539,0.924927771091461,8704.732
1593,drought_grid46819_microbe5051_all.pickle,18,12,27,1,0.0998526141047478,7.69615362514742e-05,7.02802644809708e-05,4.32878351830368e-07,0.0724543333053589,0.692995309829712,6911.0703
1594,drought_grid46819_microbe5051_all.pickle,19,11,18,1,0.0585299618542194,2.94456622214057e-05,2.92076510959305e-05,6.78915682783554e-07,0.0538070611655712,0.485042810440063,419.23312
1595,drought_grid46819_microbe5051_all.pickle,20,6,3,1,0.095381036400795,3.86946594517212e-05,9.49318200582638e-05,7.19645754543308e-07,0.0802494883537292,0.779926121234894,3643.0825
1596,drought_grid46819_microbe5051_all.pickle,21,12,11,1,0.0504307448863983,8.41096043586731e-05,5.48485659237485e-05,8.88529598341847e-07,0.0751480981707573,0.723035931587219,462.7164
1597,drought_grid46819_microbe5051_all.pickle,22,12,40,1,0.060327559709549,9.87378734862432e-05,3.93753944081254e-05,1.18446990882148e-07,0.0628403574228287,0.585781216621399,1454.8593
1598,drought_grid46819_microbe5051_all.pickle,23,12,18,1,0.0641067698597908,5.30889628862496e-05,3.47941531799734e-05,7.75314219936263e-07,0.0401734784245491,0.33300244808197,804.73175
1599,drought_grid46819_microbe5051_all.pickle,24,12,35,1,0.0726049542427063,6.80474113323726e-05,7.65956792747602e-05,9.84476287158031e-07,0.0103128775954247,0,1466.8337
1600,drought_grid46819_microbe5051_all.pickle,25,12,33,1,0.0622857846319675,4.46102567366324e-05,1.49697661981918e-05,5.17780506470444e-07,0.0573565512895584,0.52462637424469,874.1093
1601,drought_grid46819_microbe5451_all.pickle,1,12,34,1,0.0593806654214859,7.93650033301674e-05,4.71482708235271e-05,9.26021414215938e-07,0.0843964591622353,0.854333400726318,3950.0967
1602,drought_grid46819_microbe5451_all.pickle,2,12,26,1,0.0505899265408516,1.93266678252257e-05,6.14813034189865e-05,3.74789806301123e-07,0.011599550023675,0,88.591995
1603,drought_grid46819_microbe5451_all.pickle,3,12,37,1,0.0968742817640305,9.16266581043601e-05,3.2527263101656e-05,1.55348118369147e-07,0.0601159520447254,0.569381058216095,5745.997
1604,drought_grid46819_microbe5451_all.pickle,4,12,13,1,0.0792969316244125,8.65900947246701e-05,4.14784881286323e-05,9.69930056271551e-07,0.0734350010752678,0.725691378116608,3447.0044
1605,drought_grid46819_microbe5451_all.pickle,5,12,30,1,0.0540184415876865,5.66291273571551e-05,9.29725210880861e-05,3.37895784241482e-07,0.0452941060066223,0.39543417096138,613.7397
1606,drought_grid46819_microbe5451_all.pickle,6,11,10,1,0.0877058580517769,6.79819568176754e-05,7.56450826884247e-05,5.01391582474753e-07,0.0939818471670151,0.966826021671295,11648.993
1607,drought_grid46819_microbe5451_all.pickle,7,6,4,1,0.0909813344478607,3.70100460713729e-05,9.16890130611137e-05,2.45003661802912e-07,0.0553099177777767,0.512978136539459,2.3459923
1608,drought_grid46819_microbe5451_all.pickle,8,10,8,1,0.08974789083004,5.98160841036588e-05,3.57212338712998e-05,8.60889429077361e-07,0.0420862697064877,0.35778746008873,238.44647
1609,drought_grid46819_microbe5451_all.pickle,9,10,15,1,0.0707317814230919,5.17471125931479e-05,5.13733175466768e-05,8.38516825751867e-07,0.0296592582017183,0.211945965886116,371.37253
1610,drought_grid46819_microbe5451_all.pickle,10,12,14,1,0.0632215887308121,7.44491117075086e-05,9.77945746853948e-05,7.1558446279596e-07,0.0184600334614515,0.0805135816335678,547.7009
1611,drought_grid46819_microbe5451_all.pickle,11,12,22,1,0.0689560323953629,3.4528442483861e-05,5.87811373407021e-05,7.84122391905839e-07,0.0797759518027306,0.800107836723328,4491.303
1612,drought_grid46819_microbe5451_all.pickle,12,12,14,1,0.0616883412003517,4.00334065489005e-05,8.66682894411497e-05,6.65425318402413e-07,0.0700173303484917,0.685582160949707,1416.1692
1613,drought_grid46819_microbe5451_all.pickle,13,12,20,1,0.0762896165251732,8.28188640298322e-05,1.60116105689667e-05,6.02736520249891e-07,0.0276895835995674,0.18883016705513,1924.5526
1614,drought_grid46819_microbe5451_all.pickle,14,11,14,1,0.0733983516693115,6.53600145597011e-05,2.05116575671127e-05,6.16249735685415e-07,0.0364502407610416,0.291643887758255,1447.0303
1615,drought_grid46819_microbe5451_all.pickle,15,12,20,1,0.0844437554478645,2.97568531095749e-05,2.77663657470839e-05,6.96613312811678e-07,0.0756296068429947,0.751446962356567,6910.913
1616,drought_grid46819_microbe5451_all.pickle,16,6,2,1,0.0938894972205162,4.37842500105035e-05,1.1228217772441e-05,7.75788464579819e-07,0.0883654877543449,0.900913298130035,7.2330956
1617,drought_grid46819_microbe5451_all.pickle,17,12,11,1,0.0656471401453018,6.1942140746396e-05,6.61657613818534e-05,3.88161765840778e-07,0.0526951625943184,0.482291847467422,672.3586
1618,drought_grid46819_microbe5451_all.pickle,18,5,3,1,0.0749736726284027,1.29518357425695e-05,3.05425746773835e-05,2.171840947085e-07,0.0968085676431656,1,18.32076
1619,drought_grid46819_microbe5451_all.pickle,19,8,8,1,0.0673906579613686,1.53493874677224e-05,7.40268151275814e-05,4.41079237134545e-07,0.0661652758717537,0.640375018119812,368.98755
1620,drought_grid46819_microbe5451_all.pickle,20,12,40,1,0.0956089571118355,7.80675036367029e-05,6.92697576596402e-05,5.59674731448467e-07,0.0894984900951385,0.914210021495819,7544.219
1621,drought_grid46819_microbe5451_all.pickle,21,12,39,1,0.0984386280179024,2.36927880905569e-05,2.19490266317734e-05,2.96225522333771e-07,0.0158578269183636,0.0499744862318039,3672.0977
1622,drought_grid46819_microbe5451_all.pickle,22,12,11,1,0.0573315843939781,2.74506837740773e-05,4.31919361290056e-05,4.62092771158495e-07,0.0629100576043129,0.602172255516052,678.4894
1623,drought_grid46819_microbe5451_all.pickle,23,12,18,1,0.0819333717226982,9.43939303397201e-05,8.08732729637995e-05,9.33930323299137e-07,0.0227784067392349,0.131193354725838,3500.4463
1624,drought_grid46819_microbe5451_all.pickle,24,12,0,1,0.0529868751764297,4.7830049879849e-05,8.53450765134767e-05,1.80687948159175e-07,0.0334443040192127,0.256366699934006,136.58597
1625,drought_grid46819_microbe5451_all.pickle,25,9,5,1,0.0822399109601974,9.79068499873392e-05,5.55156148038805e-05,1.21479899917176e-07,0.049416296184063,0.443811565637589,12.24689
1626,drought_grid46819_microbe572_all.pickle,1,12,29,1,0.0778292715549469,2.55152554018423e-05,5.49081014469266e-05,2.37032637073753e-07,0.0856504812836647,0.848202407360077,4943.065
1627,drought_grid46819_microbe572_all.pickle,2,11,12,1,0.0554758459329605,2.16375738091301e-05,8.63362656673416e-05,4.6147081889103e-07,0.0189126953482628,0.0847975835204124,106.33508
1628,drought_grid46819_microbe572_all.pickle,3,12,24,1,0.0500397868454456,9.73622445599176e-05,4.35040856245905e-05,6.72391934131156e-07,0.0294750668108463,0.205619156360626,216.81602
1629,drought_grid46819_microbe572_all.pickle,4,9,3,1,0.0653113573789597,6.05824643571395e-05,3.47408677043859e-05,7.99501776782563e-07,0.0408939868211746,0.33623868227005,176.3686
1630,drought_grid46819_microbe572_all.pickle,5,12,30,1,0.0607504621148109,6.88013751641847e-05,7.99766348791309e-05,3.81111362912634e-07,0.0689471811056137,0.657135486602783,1480.7708
1631,drought_grid46819_microbe572_all.pickle,6,12,24,1,0.0677608624100685,9.31402973947115e-05,4.6840330469422e-05,9.11514234758215e-07,0.0652729198336601,0.615106105804443,1843.2109
1632,drought_grid46819_microbe572_all.pickle,7,12,14,1,0.053985308855772,1.20195045383298e-05,1.69806971825892e-05,1.18692007333721e-07,0.0356610864400864,0.276380211114883,159.86401
1633,drought_grid46819_microbe572_all.pickle,8,12,38,1,0.0722862035036087,8.83968386915512e-05,9.39224119065329e-05,9.52232483086846e-07,0.0734397172927856,0.708525002002716,4700.697
1634,drought_grid46819_microbe572_all.pickle,9,7,5,1,0.0840972512960434,8.41249857330695e-05,1.93133109860355e-05,7.50813285321783e-07,0.034422505646944,0.262212246656418,1.2791469
1635,drought_grid46819_microbe572_all.pickle,10,8,2,1,0.0702947378158569,5.36950574314687e-05,6.68944849167019e-05,4.0498076714357e-07,0.0897703543305397,0.895329058170319,1662.6058
1636,drought_grid46819_microbe572_all.pickle,11,12,8,1,0.0817161202430725,3.1076717277756e-05,9.1428511950653e-05,5.65928473861277e-07,0.0931898057460785,0.934443712234497,9278.359
1637,drought_grid46819_microbe572_all.pickle,12,10,8,1,0.0965473428368568,1.79432972799987e-05,9.70554974628612e-05,1.80985054498706e-07,0.0266298782080412,0.173073425889015,1904.0986
1638,drought_grid46819_microbe572_all.pickle,13,12,22,1,0.0863205343484879,3.54624389728997e-05,8.35061800898984e-05,1.65716514288761e-07,0.0567352399230003,0.517444670200348,3431.7268
1639,drought_grid46819_microbe572_all.pickle,14,5,1,1,0.0955772176384926,1.68531860254006e-05,5.77619066461921e-05,7.10185872776492e-07,0.0820278599858284,0.806763708591461,2.3614388
1640,drought_grid46819_microbe572_all.pickle,15,12,12,1,0.0788185223937035,3.37213714374229e-05,7.58207534090616e-05,5.93473657772847e-07,0.0989208146929741,1,12462.493
1641,drought_grid46819_microbe572_all.pickle,16,12,25,1,0.0931241288781166,4.63410469819792e-05,3.55862066498958e-05,3.46347889035314e-07,0.0470156669616699,0.406263768672943,3824.8328
1642,drought_grid46819_microbe572_all.pickle,17,11,21,1,0.0591137632727623,7.52816413296387e-05,5.0959708460141e-05,5.11773123434978e-07,0.0630845576524734,0.590073704719543,472.06357
1643,drought_grid46819_microbe572_all.pickle,18,10,8,1,0.0897927954792976,5.90017625654582e-05,2.33334594668122e-05,8.54655354487477e-07,0.0444205217063427,0.376578241586685,235.04826
1644,drought_grid46819_microbe572_all.pickle,19,12,34,1,0.0832727998495102,9.17031138669699e-05,7.47769518056884e-05,6.1711023136013e-07,0.0772692710161209,0.752330839633942,5889.956
1645,drought_grid46819_microbe572_all.pickle,20,12,24,1,0.0749495774507523,4.97333021485247e-05,2.74719186563743e-05,2.50870414220117e-07,0.0791230946779251,0.773536503314972,5304.093
1646,drought_grid46819_microbe572_all.pickle,21,9,1,1,0.0565063171088696,8.09227785794064e-05,6.16437100688927e-05,4.2589053350639e-07,0.0159642957150936,0.051071222871542,113.17076
1647,drought_grid46819_microbe572_all.pickle,22,12,35,1,0.099476583302021,7.35174398869276e-05,6.89672087901272e-05,9.75053353613475e-07,0.052252471446991,0.466166883707047,5468.9893
1648,drought_grid46819_microbe572_all.pickle,23,10,8,1,0.0902184322476387,4.31036314694211e-05,2.81746306427522e-05,3.0695363761879e-07,0.0212740264832973,0.11180853843689,31.488773
1649,drought_grid46819_microbe572_all.pickle,24,10,8,1,0.063584178686142,6.69302899041213e-05,4.04230268031824e-05,7.4361963697811e-07,0.0591811947524548,0.545423626899719,14.018677
1650,drought_grid46819_microbe572_all.pickle,25,12,16,1,0.0698712319135666,4.20396718254779e-05,1.11132430902217e-05,8.57267423270969e-07,0.0114995865151286,0,430.82306
1651,drought_grid46819_microbe410_all.pickle,1,12,21,1,0.0598598122596741,4.47452439402696e-05,7.9186815128196e-05,3.65611271035959e-07,0.0620124414563179,0.574473202228546,529.1596
1652,drought_grid46819_microbe410_all.pickle,2,9,8,1,0.0933289527893066,6.72495807521045e-05,7.70095502957702e-05,5.55987242023548e-07,0.0121461218222976,0,1002.8591
1653,drought_grid46819_microbe410_all.pickle,3,10,10,1,0.0535465776920319,7.73677020333707e-05,3.06361762341112e-05,4.10839874120938e-07,0.0828068554401398,0.814030349254608,29.703207
1654,drought_grid46819_microbe410_all.pickle,4,12,23,1,0.0990713760256767,1.81369305209955e-05,4.76656823593657e-05,6.61576109450834e-07,0.0527694635093212,0.4679916203022,3388.283
1655,drought_grid46819_microbe410_all.pickle,5,12,35,1,0.0742207914590836,8.60659420141019e-05,6.0125945310574e-05,5.93139020566014e-07,0.0590109601616859,0.539895296096802,1732.8771
1656,drought_grid46819_microbe410_all.pickle,6,12,28,1,0.0708776786923409,5.36624538653996e-05,1.33959229060565e-05,7.57222778702271e-07,0.0989496856927872,1,7210.6187
1657,drought_grid46819_microbe410_all.pickle,7,12,23,1,0.0646673291921616,4.84098054585047e-05,9.22383042052388e-05,8.08496338322584e-07,0.0459606572985649,0.389552384614944,668.725
1658,drought_grid46819_microbe410_all.pickle,8,12,35,1,0.0835635289549828,9.32789698708802e-05,6.0530273913173e-05,2.37431621030737e-07,0.0271460004150867,0.172802567481995,2958.0942
1659,drought_grid46819_microbe410_all.pickle,9,12,37,1,0.0972125381231308,9.82254277914762e-05,5.56409031560179e-05,4.75617980555398e-07,0.0387388169765472,0.306354880332947,4531.0376
1660,drought_grid46819_microbe410_all.pickle,10,6,3,1,0.0782622322440147,3.3873238862725e-05,4.48540849902201e-05,2.54208714522974e-07,0.079004243016243,0.770223200321198,1211.1588
1661,drought_grid46819_microbe410_all.pickle,11,12,25,1,0.0858487784862518,1.16444844024954e-05,3.63260005542543e-05,4.46008499466188e-07,0.0931992679834366,0.933753669261932,9374.367
1662,drought_grid46819_microbe410_all.pickle,12,12,16,1,0.0919476374983788,1.50307268995675e-05,1.55112575157546e-05,7.39045219688705e-07,0.0865314528346062,0.856938660144806,6816.6055
1663,drought_grid46819_microbe410_all.pickle,13,7,5,1,0.0693013295531273,2.51266301347641e-05,8.79426370374858e-05,9.57193037720572e-07,0.0339225381612778,0.250870078802109,59.684406
1664,drought_grid46819_microbe410_all.pickle,14,12,40,1,0.0771002396941185,8.17437103250995e-05,5.11940052092541e-05,8.24088260742428e-07,0.0161104537546635,0.0456701517105103,1660.0668
1665,drought_grid46819_microbe410_all.pickle,15,12,22,1,0.0631623417139053,6.39060963294469e-05,8.23390146251768e-05,9.12445784706506e-07,0.0423583574593067,0.34805291891098,616.29004
1666,drought_grid46819_microbe410_all.pickle,16,4,2,1,0.0569140240550041,7.10258827893995e-05,2.53315938607557e-05,3.17757837819954e-07,0.0480986721813679,0.414182871580124,0.5970008
1667,drought_grid46819_microbe410_all.pickle,17,11,13,1,0.0548105910420418,5.79687912249938e-05,6.53299503028393e-05,2.04937606440581e-07,0.0292214453220367,0.196712225675583,90.245155
1668,drought_grid46819_microbe410_all.pickle,18,12,28,1,0.0897316783666611,9.18285950319842e-05,3.36387201969046e-05,1.61008017585118e-07,0.0668590664863586,0.630307555198669,5194.121
1669,drought_grid46819_microbe410_all.pickle,19,12,32,1,0.0817072615027428,8.3761136920657e-05,9.89728068816476e-05,1.22304641081428e-07,0.0767077729105949,0.743767261505127,5126.0166
1670,drought_grid46819_microbe410_all.pickle,20,7,4,1,0.0870871245861053,3.75308009097353e-05,3.96471805288456e-05,6.20278058249824e-07,0.0222028531134129,0.115856200456619,65.09192
1671,drought_grid46819_microbe410_all.pickle,21,12,31,1,0.0501119755208492,3.96986833948176e-05,1.99897713173414e-05,2.86789884285099e-07,0.0711137652397156,0.679322838783264,351.13126
1672,drought_grid46819_microbe410_all.pickle,22,12,2,1,0.0739256888628006,5.08546181663405e-05,9.54031420405954e-05,6.79272545767162e-07,0.0712991505861282,0.681458532810211,1501.1959
1673,drought_grid46819_microbe410_all.pickle,23,12,18,1,0.0957147404551506,2.17338365473552e-05,6.81121528032236e-05,9.96429207589244e-07,0.0913703367114067,0.91268390417099,9140.393
1674,drought_grid46819_microbe410_all.pickle,24,12,27,1,0.0670272558927536,7.14642519596964e-05,2.17085653275717e-05,5.28786642917112e-07,0.0197395496070385,0.087478294968605,255.51588
1675,drought_grid46819_microbe410_all.pickle,25,12,23,1,0.061849657446146,2.84558282146463e-05,7.32285625417717e-05,8.72721898304007e-07,0.0540928430855274,0.48323729634285,535.9441
1676,drought_grid46819_microbe4305_all.pickle,1,12,19,1,0.0980795323848724,9.79164688033052e-05,7.78324756538495e-05,6.19581442151684e-07,0.0960473567247391,0.987514913082123,11561.69
1677,drought_grid46819_microbe4305_all.pickle,2,12,31,1,0.0956192687153816,6.10275601502508e-05,5.72141907468904e-05,6.51773518711707e-07,0.072253942489624,0.704724609851837,7177.0254
1678,drought_grid46819_microbe4305_all.pickle,3,12,33,1,0.0960919409990311,2.25640142161865e-05,8.96053970791399e-05,9.62464469012048e-07,0.0323373153805733,0.23030611872673,2920.9722
1679,drought_grid46819_microbe4305_all.pickle,4,6,2,1,0.0503036342561245,4.66862329631113e-05,8.85973422555253e-05,6.99229417477909e-07,0.0601978115737438,0.561434626579285,3.4179504
1680,drought_grid46819_microbe4305_all.pickle,5,12,8,1,0.0874203518033028,5.75695339648519e-05,2.81799784715986e-05,1.76273928786941e-07,0.015531225129962,0.0305617935955524,547.302
1681,drought_grid46819_microbe4305_all.pickle,6,7,1,1,0.0636848136782646,6.99054944561794e-05,4.63225405837875e-05,8.29431883175857e-07,0.069400317966938,0.670808613300323,58.029762
1682,drought_grid46819_microbe4305_all.pickle,7,10,1,1,0.0839013978838921,7.28995437384583e-05,2.64012596744578e-05,5.97303483118594e-07,0.0619145967066288,0.581839025020599,1746.2363
1683,drought_grid46819_microbe4305_all.pickle,8,12,30,1,0.0906220749020576,2.07862485694932e-05,9.49297027545981e-05,3.69849772141606e-07,0.0766137167811394,0.756541550159454,7239.59
1684,drought_grid46819_microbe4305_all.pickle,9,12,22,1,0.0936724990606308,2.72007127932739e-05,1.36005310196197e-05,7.6841348572998e-07,0.0196000467985868,0.0789206922054291,2048.6787
1685,drought_grid46819_microbe4305_all.pickle,10,12,33,1,0.0582207776606083,8.53459350764751e-05,1.91946692211786e-05,7.28043005437939e-07,0.0796333327889442,0.792430400848389,882.3624
1686,drought_grid46819_microbe4305_all.pickle,11,11,7,1,0.0843060836195946,3.88143162126653e-05,4.54651853942778e-05,2.34207206517567e-07,0.0235213916748762,0.125526800751686,358.55753
1687,drought_grid46819_microbe4305_all.pickle,12,12,29,1,0.0541573688387871,9.16401913855225e-05,9.76506344159134e-05,3.26886123502845e-07,0.0970978289842606,1,2245.826
1688,drought_grid46819_microbe4305_all.pickle,13,12,16,1,0.0619942359626293,6.46285552647896e-05,3.54563926521223e-05,2.94637146680543e-07,0.0463007427752018,0.396264731884003,545.5616
1689,drought_grid46819_microbe4305_all.pickle,14,11,2,1,0.0818869546055794,1.57771282829344e-05,1.20629592856858e-05,5.46360979569727e-07,0.012959816493094,0,324.61786
1690,drought_grid46819_microbe4305_all.pickle,15,11,13,1,0.0896601751446724,8.79501239978708e-05,3.18003185384441e-05,3.91945462752119e-07,0.0354722142219543,0.267565131187439,2218.3892
1691,drought_grid46819_microbe4305_all.pickle,16,12,36,1,0.071571484208107,7.52857595216483e-05,6.25109387328848e-05,1.28817248423729e-07,0.0429907329380512,0.356924474239349,1575.103
1692,drought_grid46819_microbe4305_all.pickle,17,12,0,1,0.0751439854502678,3.34662254317664e-05,6.70685039949603e-05,4.52911365300679e-07,0.0275828056037426,0.173797652125359,317.0832
1693,drought_grid46819_microbe4305_all.pickle,18,11,11,1,0.0577750317752361,8.08730110293254e-05,7.09016021573916e-05,1.50564716250301e-07,0.0927801206707954,0.948683023452759,94.74056
1694,drought_grid46819_microbe4305_all.pickle,19,12,35,1,0.064263254404068,9.55062932916917e-05,5.36083171027713e-05,9.69578877629829e-07,0.0542724430561066,0.491010248661041,938.5513
1695,drought_grid46819_microbe4305_all.pickle,20,12,10,1,0.0776565074920654,5.63881294510793e-05,8.10201454441994e-05,9.01944417819323e-07,0.0407857485115528,0.330717742443085,625.63275
1696,drought_grid46819_microbe4305_all.pickle,21,12,23,1,0.0730829164385796,1.15724242277793e-05,5.14974672114477e-05,8.07359469945368e-07,0.0867951139807701,0.877549827098846,4300.648
1697,drought_grid46819_microbe4305_all.pickle,22,12,12,1,0.0669366717338562,4.24573408963624e-05,3.88067892345134e-05,2.56845424928542e-07,0.0528675392270088,0.474312633275986,398.94046
1698,drought_grid46819_microbe4305_all.pickle,23,12,31,1,0.0793205425143242,3.52065144397784e-05,8.2460988778621e-05,5.25698681030917e-07,0.0836537629365921,0.840214133262634,6979.495
1699,drought_grid46819_microbe4305_all.pickle,24,12,26,1,0.0692533180117607,5.15304018335883e-05,2.28258868446574e-05,4.66674464405514e-07,0.0289367530494928,0.189889624714851,760.0957
1700,drought_grid46819_microbe4305_all.pickle,25,11,12,1,0.0527861416339874,2.80743115581572e-05,7.42972115403973e-05,8.56275335081591e-07,0.0647995099425316,0.616126894950867,268.9444
1701,drought_grid46819_microbe35_all.pickle,1,12,27,1,0.0921960398554802,6.06391949986573e-05,3.62079044862185e-05,7.14191116912843e-07,0.0750367268919945,0.725792825222015,6852.034
1702,drought_grid46819_microbe35_all.pickle,2,12,30,1,0.0516188181936741,3.89918168366421e-05,9.11172828637064e-05,4.97560336043534e-07,0.0484971813857555,0.415300250053406,254.2621
1703,drought_grid46819_microbe35_all.pickle,3,12,39,1,0.0868855640292168,3.30050679622218e-05,5.07125623698812e-05,7.81744688538311e-07,0.0129991453140974,0,2163.8457
1704,drought_grid46819_microbe35_all.pickle,4,12,37,1,0.0720564052462578,5.23775015608408e-05,6.20500286458991e-05,9.98035602606251e-07,0.0707812160253525,0.676006555557251,2284.0945
1705,drought_grid46819_microbe35_all.pickle,5,10,8,1,0.0815516114234924,2.25744697672781e-05,8.29350028652698e-05,3.60523472409113e-07,0.0734530761837959,0.707265317440033,50.2577
1706,drought_grid46819_microbe35_all.pickle,6,12,40,1,0.0838659033179283,2.65892231254838e-05,8.68612405611202e-05,5.34751791292365e-07,0.0147243244573474,0.0201832931488752,1563.3993
1707,drought_grid46819_microbe35_all.pickle,7,12,34,1,0.068801037967205,5.78141189180315e-05,6.80143202771433e-05,1.01912007721694e-07,0.0856396853923798,0.849839448928833,5920.6753
1708,drought_grid46819_microbe35_all.pickle,8,8,0,1,0.0880153551697731,1.33710709633306e-05,9.77024683379568e-05,7.0271721597237e-07,0.0817995965480804,0.804913341999054,4228.059
1709,drought_grid46819_microbe35_all.pickle,9,12,31,1,0.0563874766230583,6.52083326713182e-05,9.38604862312786e-05,8.43988686938246e-07,0.029808796942234,0.196660235524178,275.54755
1710,drought_grid46819_microbe35_all.pickle,10,12,28,1,0.0997292622923851,3.84657651011366e-05,5.32440171809867e-05,6.21096319264325e-07,0.0279474537819624,0.174883916974068,4254.117
1711,drought_grid46819_microbe35_all.pickle,11,12,15,1,0.0618071556091309,6.83243488310836e-05,3.43188039551023e-05,3.24717490229887e-07,0.037903718650341,0.291364699602127,290.02225
1712,drought_grid46819_microbe35_all.pickle,12,11,7,1,0.094102717936039,8.83524553501047e-05,7.18394367140718e-05,4.47500099198805e-07,0.0571544170379639,0.516583323478699,4280.002
1713,drought_grid46819_microbe35_all.pickle,13,12,26,1,0.0969024449586868,4.9291287723463e-05,6.03083099122159e-05,2.00606848466123e-07,0.0175105761736631,0.0527803339064121,3114.1064
1714,drought_grid46819_microbe35_all.pickle,14,7,3,1,0.0841137990355492,2.07872653845698e-05,3.15224860969465e-05,8.11995278127142e-07,0.0403585955500603,0.320084899663925,4.831818
1715,drought_grid46819_microbe35_all.pickle,15,12,24,1,0.0520976223051548,9.97170573100448e-05,2.56803796219174e-05,2.08012707503258e-07,0.0921351909637451,0.925831973552704,1312.4646
1716,drought_grid46819_microbe35_all.pickle,16,10,7,1,0.0914654955267906,5.60772168682888e-05,4.31978623964824e-05,2.92312648753068e-07,0.0556962937116623,0.499524384737015,1748.3746
1717,drought_grid46819_microbe35_all.pickle,17,12,10,1,0.0703638419508934,9.07113062567078e-05,1.16044047899777e-05,5.75471631236724e-07,0.0444770902395248,0.3682681620121,609.99023
1718,drought_grid46819_microbe35_all.pickle,18,12,35,1,0.0652952417731285,9.57264710450545e-05,7.88392790127546e-05,9.25519600514235e-07,0.0947267785668373,0.956151604652405,4514.6094
1719,drought_grid46819_microbe35_all.pickle,19,11,13,1,0.0786207988858223,7.5392599683255e-05,2.1672010916518e-05,4.92190110890078e-07,0.0646931082010269,0.604780316352844,947.3829
1720,drought_grid46819_microbe35_all.pickle,20,11,20,1,0.0591091103851795,8.13549631857313e-05,1.87240966624813e-05,2.74065740768492e-07,0.0232945047318935,0.120447933673859,597.64355
1721,drought_grid46819_microbe35_all.pickle,21,12,17,1,0.0765099376440048,7.28326122043654e-05,1.65210130944615e-05,9.49185846366163e-07,0.0351910069584846,0.259628027677536,1781.3651
1722,drought_grid46819_microbe35_all.pickle,22,12,15,1,0.0670246928930283,8.39693384477869e-05,7.64110445743427e-05,1.63139361575304e-07,0.0835265591740608,0.825117468833923,3458.5237
1723,drought_grid46819_microbe35_all.pickle,23,12,18,1,0.0634054020047188,3.01665550068719e-05,4.79590198665392e-05,6.55252335945988e-07,0.0511975586414337,0.446892559528351,457.39304
1724,drought_grid46819_microbe35_all.pickle,24,12,15,1,0.0740171447396278,1.44788609759416e-05,6.62343227304518e-05,8.76458955190174e-07,0.0984747484326363,1,11919.945
1725,drought_grid46819_microbe35_all.pickle,25,12,37,1,0.0546454899013042,4.51347623311449e-05,4.03892154281493e-05,4.04859065383789e-07,0.060938972979784,0.560859799385071,347.56082
1726,drought_grid46819_microbe4105_all.pickle,1,12,17,1,0.0865611732006073,9.75667062448338e-05,8.42622321215458e-05,8.04448916369438e-07,0.0643358901143074,0.619202554225922,5200.403
1727,drought_grid46819_microbe4105_all.pickle,2,12,33,1,0.0561042539775372,5.25087234564126e-05,1.10972350739758e-05,2.71101015414388e-07,0.0321864858269691,0.244337484240532,318.41702
1728,drought_grid46819_microbe4105_all.pickle,3,12,23,1,0.0883678421378136,7.47334561310709e-05,1.79324142663972e-05,7.12103940259112e-07,0.0198810715228319,0.100855186581612,2067.0078
1729,drought_grid46819_microbe4105_all.pickle,4,12,18,1,0.0540963001549244,6.37082557659596e-05,9.04301850823686e-05,5.13752922870481e-07,0.039550669491291,0.330204546451569,117.61224
1730,drought_grid46819_microbe4105_all.pickle,5,12,32,1,0.0966315940022469,7.0583751949016e-05,4.70959130325355e-05,9.69925963545393e-07,0.0283313822001219,0.199386581778526,4595.664
1731,drought_grid46819_microbe4105_all.pickle,6,11,26,1,0.0992226377129555,6.49370122118853e-05,2.21828377107158e-05,1.81475201088688e-07,0.0925810486078262,0.948543727397919,11026.783
1732,drought_grid46819_microbe4105_all.pickle,7,12,33,1,0.0811445191502571,1.86455763468985e-05,2.97153910651105e-05,1.27876688793549e-07,0.0800700411200523,0.802664220333099,5225.732
1733,drought_grid46819_microbe4105_all.pickle,8,7,0,1,0.0839518383145332,3.09353672491852e-05,7.34868081053719e-05,9.32202794956538e-07,0.0596774853765965,0.564885079860687,389.763
1734,drought_grid46819_microbe4105_all.pickle,9,11,10,1,0.0665793940424919,9.04550470295362e-05,5.50885997654404e-05,6.28916666300938e-07,0.0529165230691433,0.486051648855209,489.17422
1735,drought_grid46819_microbe4105_all.pickle,10,12,30,1,0.0606774352490902,5.32864578417502e-05,4.45776349806692e-05,7.58905116526876e-07,0.027018878608942,0.184082701802254,183.09839
1736,drought_grid46819_microbe4105_all.pickle,11,12,23,1,0.0908420383930206,9.31511603994295e-05,6.72009336994961e-05,4.14776962998076e-07,0.0969940721988678,1,9164.248
1737,drought_grid46819_microbe4105_all.pickle,12,11,8,1,0.0785509124398232,8.22879446786828e-05,5.02692237205338e-05,1.52061687686e-07,0.0354858078062534,0.282807886600494,359.2191
1738,drought_grid46819_microbe4105_all.pickle,13,12,24,1,0.0957734063267708,1.2583824172907e-05,2.71518038061913e-05,2.2995924098268e-07,0.0442242287099361,0.384698688983917,3146.4849
1739,drought_grid46819_microbe4105_all.pickle,14,12,39,1,0.0537090301513672,3.76950010831933e-05,3.81218851543963e-05,3.01271171565531e-07,0.0944583639502525,0.970433413982391,2182.2256
1740,drought_grid46819_microbe4105_all.pickle,15,12,31,1,0.0841956585645676,2.27685231948271e-05,7.6924916356802e-05,5.35750587005168e-07,0.0762723609805107,0.7583829164505,5498.947
1741,drought_grid46819_microbe4105_all.pickle,16,12,38,1,0.0507038235664368,7.79371839598753e-05,5.76504171476699e-05,3.3892479223141e-07,0.0741304233670235,0.733407735824585,568.39636
1742,drought_grid46819_microbe4105_all.pickle,17,11,0,1,0.0746302902698517,1.65799301612424e-05,6.87168576405384e-05,7.01342116826709e-07,0.0676543638110161,0.657896280288696,1436.506
1743,drought_grid46819_microbe4105_all.pickle,18,12,31,1,0.0653149411082268,7.93102299212478e-05,9.71579574979842e-05,6.73949614338198e-07,0.082068532705307,0.825966835021973,2675.8977
1744,drought_grid46819_microbe4105_all.pickle,19,12,23,1,0.0735431164503098,8.91256495378911e-05,1.62089654622832e-05,3.71098991536201e-07,0.0633020773530006,0.607148170471191,2155.6946
1745,drought_grid46819_microbe4105_all.pickle,20,12,18,1,0.0627933293581009,3.33212265104521e-05,6.33142262813635e-05,9.22534184155666e-07,0.0213968809694052,0.118529662489891,210.61252
1746,drought_grid46819_microbe4105_all.pickle,21,12,31,1,0.0580419600009918,6.03890912316274e-05,4.04767415602691e-05,8.48094998673332e-07,0.0151096824556589,0.0452203415334225,340.52002
1747,drought_grid46819_microbe4105_all.pickle,22,11,20,1,0.0767588913440704,3.99039672629442e-05,8.03959046606906e-05,4.53865311556001e-07,0.0868032798171043,0.881174385547638,35.68066
1748,drought_grid46819_microbe4105_all.pickle,23,12,34,1,0.0690683349967003,4.71787170681637e-05,9.34569034143351e-05,4.65116016812317e-07,0.0112314680591226,0,589.1817
1749,drought_grid46819_microbe4105_all.pickle,24,6,0,1,0.070840522646904,2.4638402464916e-05,8.74658362590708e-05,5.84747397169849e-07,0.054886344820261,0.50901997089386,67.763466
1750,drought_grid46819_microbe4105_all.pickle,25,8,5,1,0.0925663560628891,4.54741530120373e-05,3.45567714248318e-05,8.78940170423448e-07,0.0487449429929256,0.437410652637482,332.33813
1751,drought_grid46819_microbe2512_all.pickle,1,12,35,1,0.0804206430912018,1.98438847291982e-05,3.32387862727046e-05,5.63680202958494e-07,0.0208378080278635,0.115747012197971,823.0585
1752,drought_grid46819_microbe2512_all.pickle,2,9,12,1,0.0780978053808212,2.71229346253676e-05,2.44434359046863e-05,2.96039644354096e-07,0.0341826975345612,0.266075551509857,173.07161
1753,drought_grid46819_microbe2512_all.pickle,3,12,24,1,0.0892881155014038,5.22180453117471e-05,5.38068488822319e-05,4.52175981990877e-07,0.0569567158818245,0.522622048854828,3354.6902
1754,drought_grid46819_microbe2512_all.pickle,4,11,2,1,0.0544098727405071,3.42003659170587e-05,5.78592153033242e-05,2.77502437029398e-07,0.0622770600020885,0.582555055618286,125.92605
1755,drought_grid46819_microbe2512_all.pickle,5,12,11,1,0.0677714943885803,8.90641022124328e-05,4.03546146117151e-05,6.05383718266239e-07,0.04426608979702,0.379663705825806,1188.3741
1756,drought_grid46819_microbe2512_all.pickle,6,12,24,1,0.0695842206478119,4.05763239541557e-05,2.00453614525031e-05,1.28973098867391e-07,0.0546388477087021,0.496511548757553,919.487
1757,drought_grid46819_microbe2512_all.pickle,7,12,39,1,0.0835046991705894,7.89726109360345e-05,3.87871077691671e-05,9.37872641770809e-07,0.0858404859900475,0.847994089126587,7129.347
1758,drought_grid46819_microbe2512_all.pickle,8,12,34,1,0.0923162624239922,1.47445316542871e-05,1.46033271448687e-05,8.57664815612225e-07,0.084180973470211,0.829299926757812,9566.851
1759,drought_grid46819_microbe2512_all.pickle,9,10,11,1,0.0977833643555641,4.50258012278937e-05,2.13949715544004e-05,1.53632683463911e-07,0.0925068706274033,0.923090100288391,181.35283
1760,drought_grid46819_microbe2512_all.pickle,10,12,8,1,0.051233172416687,2.13930416066432e-05,7.41753756301478e-05,3.86447965183834e-07,0.0105627709999681,0,70.97296
1761,drought_grid46819_microbe2512_all.pickle,11,12,24,1,0.0639214143157005,5.46637384104542e-05,7.80321352067403e-05,9.68521135291667e-07,0.0270477551966906,0.185701295733452,700.37494
1762,drought_grid46819_microbe2512_all.pickle,12,12,16,1,0.0847112834453583,4.69755068479571e-05,9.68623644439504e-05,4.15495748029571e-07,0.0391797348856926,0.322366565465927,2165.646
1763,drought_grid46819_microbe2512_all.pickle,13,11,13,1,0.0761033967137337,3.64176994480658e-05,5.03844821651001e-05,9.17211480100377e-07,0.0377374514937401,0.306119412183762,1082.1547
1764,drought_grid46819_microbe2512_all.pickle,14,12,30,1,0.0879287645220757,1.10696955744061e-05,6.75245391903445e-05,8.23546542960685e-07,0.080781988799572,0.791010797023773,6678.8994
1765,drought_grid46819_microbe2512_all.pickle,15,12,25,1,0.058083463460207,6.46651606075466e-05,1.13581972982502e-05,4.92584263156459e-07,0.0690150111913681,0.658457219600677,1080.2689
1766,drought_grid46819_microbe2512_all.pickle,16,5,1,1,0.0640870183706284,9.92817222140729e-05,8.99514270713553e-05,7.77447439759271e-07,0.0298250894993544,0.216987609863281,22.646898
1767,drought_grid46819_microbe2512_all.pickle,17,8,8,1,0.0995073914527893,8.96724741323851e-05,7.09823871147819e-05,3.18679894917295e-07,0.0525331012904644,0.472790569067001,3378.3
1768,drought_grid46819_microbe2512_all.pickle,18,12,27,1,0.0751578137278557,7.73995561758056e-05,7.96575404820032e-05,7.9254465390477e-07,0.0144324796274304,0.0435917861759663,1897.7101
1769,drought_grid46819_microbe2512_all.pickle,19,12,21,1,0.0578536689281464,6.05614986852743e-05,6.20299979345873e-05,5.81615381634037e-07,0.0671628564596176,0.637592971324921,428.98334
1770,drought_grid46819_microbe2512_all.pickle,20,12,30,1,0.0725572109222412,5.94894518144429e-05,4.60503943031654e-05,7.26771304471185e-07,0.0205703396350145,0.112734019756317,1235.4233
1771,drought_grid46819_microbe2512_all.pickle,21,12,24,1,0.0904767587780952,7.33452616259456e-05,2.85381120193051e-05,2.19472809703802e-07,0.0773539766669273,0.752394616603851,4697.6973
1772,drought_grid46819_microbe2512_all.pickle,22,10,1,1,0.0950306430459023,3.05136964016128e-05,9.43014238146134e-05,6.40591110823152e-07,0.0731845572590828,0.705426633358002,4455.619
1773,drought_grid46819_microbe2512_all.pickle,23,9,5,1,0.070873536169529,8.48715571919456e-05,8.81390660651959e-05,4.97572102631239e-07,0.0956150442361832,0.95810329914093,59.428516
1774,drought_grid46819_microbe2512_all.pickle,24,12,33,1,0.0531629286706448,9.4386690761894e-05,8.25577590148896e-05,2.03280151822582e-07,0.0472119115293026,0.412848025560379,413.0305
1775,drought_grid46819_microbe2512_all.pickle,25,5,2,1,0.0614737197756767,6.94274058332667e-05,4.48691571364179e-05,6.86557825702039e-07,0.0993342772126198,1,8.906849
1776,drought_grid46819_microbe25152_all.pickle,1,12,7,1,0.0722453743219376,1.00708921308978e-05,1.61499301611912e-05,4.94240225634712e-07,0.0867642015218735,0.879374742507935,3685.5928
1777,drought_grid46819_microbe25152_all.pickle,2,12,19,1,0.0712418630719185,6.64999315631576e-05,6.12430667388253e-05,7.75404885189346e-07,0.0265631433576345,0.175354897975922,683.08234
1778,drought_grid46819_microbe25152_all.pickle,3,12,21,1,0.0521486513316631,3.12062402372248e-05,1.75413188117091e-05,1.58743347355994e-07,0.0459365546703339,0.401916801929474,129.82439
1779,drought_grid46819_microbe25152_all.pickle,4,12,6,1,0.0508005805313587,4.31907938036602e-05,7.84592848503962e-05,9.18565888241574e-07,0.0179475396871567,0.0745999068021774,51.503757
1780,drought_grid46819_microbe25152_all.pickle,5,12,31,1,0.0961087495088577,8.72773889568634e-05,8.7179578258656e-05,8.91331865204847e-07,0.093077227473259,0.953202307224274,7875.8843
1781,drought_grid46819_microbe25152_all.pickle,6,12,22,1,0.0656683593988419,5.52467608940788e-05,6.88951404299587e-05,1.32193605395514e-07,0.0600907504558563,0.567442715167999,679.35474
1782,drought_grid46819_microbe25152_all.pickle,7,10,10,1,0.0838719755411148,9.92595596471801e-05,4.80821981909685e-05,2.72622401098488e-07,0.0762045532464981,0.755885183811188,5210.679
1783,drought_grid46819_microbe25152_all.pickle,8,6,0,1,0.0810528472065926,8.17619438748807e-05,9.00874147191644e-05,3.78884521978762e-07,0.0343317575752735,0.26620477437973,6.2378063
1784,drought_grid46819_microbe25152_all.pickle,9,12,11,1,0.0953162983059883,2.1267966076266e-05,4.57180540252011e-05,2.92256260081558e-07,0.0542060807347298,0.498624593019485,2599.8965
1785,drought_grid46819_microbe25152_all.pickle,10,12,0,1,0.0899923741817474,1.81272662302945e-05,5.50432450836524e-05,4.29159030090887e-07,0.0526768900454044,0.480741500854492,1378.6323
1786,drought_grid46819_microbe25152_all.pickle,11,12,37,1,0.0904821082949638,7.42976844776422e-05,2.21222308027791e-05,5.6489193411835e-07,0.0115684680640697,0,2837.6445
1787,drought_grid46819_microbe25152_all.pickle,12,12,21,1,0.0789913237094879,4.07792322221212e-05,3.87342515750788e-05,5.16192301347473e-07,0.0365892462432384,0.292604923248291,1230.4226
1788,drought_grid46819_microbe25152_all.pickle,13,12,35,1,0.0924691259860992,3.87917898478918e-05,5.03493720316328e-05,4.11695793900435e-07,0.0284106973558664,0.19696107506752,2203.683
1789,drought_grid46819_microbe25152_all.pickle,14,10,4,1,0.0686882436275482,6.390501948772e-05,1.33980747705209e-05,9.41261475873034e-07,0.065219335258007,0.627418875694275,4.4461966
1790,drought_grid46819_microbe25152_all.pickle,15,12,30,1,0.054427046328783,9.48836968746036e-05,6.65673578623682e-05,8.06509888207074e-07,0.0730616599321365,0.719130754470825,873.95154
1791,drought_grid46819_microbe25152_all.pickle,16,12,29,1,0.0572599358856678,9.18487421586178e-05,7.35560824978165e-05,9.84674784376693e-07,0.0208937674760818,0.109054505825043,163.43079
1792,drought_grid46819_microbe25152_all.pickle,17,12,26,1,0.0862569138407707,2.48599772021407e-05,8.49044299684465e-05,5.81195081394981e-07,0.0480427108705044,0.426547199487686,1812.4856
1793,drought_grid46819_microbe25152_all.pickle,18,11,17,1,0.0981347635388374,6.93879046593793e-05,3.38492718583439e-05,8.29927103040973e-07,0.0795406997203827,0.794899702072144,7969.9136
1794,drought_grid46819_microbe25152_all.pickle,19,12,3,1,0.0677721127867699,5.73551587876864e-05,9.70932815107517e-05,2.14100523976413e-07,0.070368804037571,0.687639176845551,778.2322
1795,drought_grid46819_microbe25152_all.pickle,20,12,22,1,0.0595136359333992,5.02629845868796e-05,3.02044954878511e-05,7.11589336788165e-07,0.0824114978313446,0.828472197055817,1689.4397
1796,drought_grid46819_microbe25152_all.pickle,21,12,31,1,0.0621617175638676,8.54296376928687e-05,6.01412903051823e-05,7.36331855932804e-07,0.0142833553254604,0.0317491888999939,515.3669
1797,drought_grid46819_microbe25152_all.pickle,22,12,35,1,0.0846509262919426,1.60137697093887e-05,7.74236832512543e-05,3.17702927077335e-07,0.0908992439508438,0.927731931209564,9670.087
1798,drought_grid46819_microbe25152_all.pickle,23,12,3,1,0.0745300427079201,4.68244979856536e-05,4.1689974750625e-05,6.33423496765317e-07,0.097078911960125,1,10015.892
1799,drought_grid46819_microbe25152_all.pickle,24,12,39,1,0.076448492705822,3.4648986911634e-05,9.29292946239002e-05,6.40248458694259e-07,0.0624512992799282,0.595048129558563,1647.9153
1800,drought_grid46819_microbe25152_all.pickle,25,12,34,1,0.0605454072356224,7.83023424446583e-05,2.75858528766548e-05,1.80638423330493e-07,0.041059572249651,0.344883054494858,895.616
1801,drought_grid46819_microbe335_all.pickle,1,8,4,1,0.0748540908098221,4.55599438282661e-05,5.99178347329143e-05,1.89279091955541e-07,0.0131898513063788,0,42.61223
1802,drought_grid46819_microbe335_all.pickle,2,12,25,1,0.0553992725908756,9.94113652268425e-05,9.97216120595112e-05,1.42067165143089e-07,0.0818630680441856,0.796745836734772,615.1411
1803,drought_grid46819_microbe335_all.pickle,3,12,37,1,0.0648293048143387,5.8440269640414e-05,3.0306013286463e-05,5.26827307112399e-07,0.0629905536770821,0.577787160873413,2130.3655
1804,drought_grid46819_microbe335_all.pickle,4,12,13,1,0.0954238623380661,8.94285039976239e-05,2.09343725146027e-05,2.44036840513218e-07,0.0304075963795185,0.199760064482689,4367.427
1805,drought_grid46819_microbe335_all.pickle,5,12,28,1,0.0584081299602985,5.10724239575211e-05,9.16689241421409e-05,9.64516971180274e-07,0.0425414405763149,0.340536773204803,699.2892
1806,drought_grid46819_microbe335_all.pickle,6,11,13,1,0.0775226280093193,3.60934282070957e-05,4.73059772048146e-05,9.04344915397814e-07,0.0592331774532795,0.534194111824036,2021.4604
1807,drought_grid46819_microbe335_all.pickle,7,10,1,1,0.0822549536824226,5.4000618547434e-05,4.46488702436909e-05,7.26349639990076e-07,0.0477296821773052,0.400730699300766,7.8830514
1808,drought_grid46819_microbe335_all.pickle,8,12,17,1,0.0660319477319717,1.49359593706322e-05,1.70343300851528e-05,5.85152292842395e-07,0.0354133136570454,0.25783634185791,413.81577
1809,drought_grid46819_microbe335_all.pickle,9,12,11,1,0.0796626359224319,8.30537755973637e-05,8.14732557046227e-05,4.7977840722524e-07,0.0143266944214702,0.013189640827477,1430.0105
1810,drought_grid46819_microbe335_all.pickle,10,9,1,1,0.0733741149306297,6.98664152878337e-05,4.15404538216535e-05,8.20607965579256e-07,0.0944635793566704,0.942936837673187,12.213863
1811,drought_grid46819_microbe335_all.pickle,11,12,36,1,0.051686305552721,6.75428163958713e-05,6.66103078401648e-05,3.75662125406961e-07,0.0257297065109015,0.145487248897552,106.00033
1812,drought_grid46819_microbe335_all.pickle,12,12,26,1,0.0695402249693871,2.04043335543247e-05,2.0023318938911e-05,2.13343881227956e-07,0.0661847367882729,0.614846050739288,1593.2347
1813,drought_grid46819_microbe335_all.pickle,13,12,40,1,0.0890012010931969,7.99306799308397e-05,2.46721447183518e-05,8.07553931281291e-07,0.0876565724611282,0.86396199464798,7207.6934
1814,drought_grid46819_microbe335_all.pickle,14,7,5,1,0.0961932614445686,3.2811254641274e-05,7.01824756106362e-05,3.4684708793975e-07,0.0535901300609112,0.46872353553772,2.7420135
1815,drought_grid46819_microbe335_all.pickle,15,12,35,1,0.0925872176885605,4.80998678540345e-05,1.15986986202188e-05,8.71003123847913e-07,0.0993819758296013,1,11310.261
1816,drought_grid46819_microbe335_all.pickle,16,9,0,1,0.0997273102402687,4.15242393501103e-05,3.73958064301405e-05,1.27061667853923e-07,0.0393434911966324,0.30343422293663,1162.32
1817,drought_grid46819_microbe335_all.pickle,17,12,17,1,0.0633593276143074,8.77400379977189e-05,7.2388575063087e-05,6.5257523829132e-07,0.0329866632819176,0.229682371020317,843.43945
1818,drought_grid46819_microbe335_all.pickle,18,11,16,1,0.0700454264879227,1.22300689326948e-05,6.11023715464398e-05,7.06097694092023e-07,0.0700085312128067,0.659209668636322,1677.2375
1819,drought_grid46819_microbe335_all.pickle,19,12,27,1,0.0570938512682915,2.74691410595551e-05,5.12293518113438e-05,5.6424823924317e-07,0.0717670768499374,0.679612278938293,798.389
1820,drought_grid46819_microbe335_all.pickle,20,12,32,1,0.0906176790595055,7.33908091206104e-05,9.3449380074162e-05,7.59006127282191e-07,0.0508347749710083,0.436755955219269,5451.9155
1821,drought_grid46819_microbe335_all.pickle,21,11,9,1,0.0521623380482197,6.33266390650533e-05,8.4790684923064e-05,6.35708943264035e-07,0.0778640657663345,0.750349462032318,234.49371
1822,drought_grid46819_microbe335_all.pickle,22,11,17,1,0.087754063308239,9.28027366171591e-05,7.7807555499021e-05,3.98105640897484e-07,0.0906345993280411,0.89851301908493,5537.5703
1823,drought_grid46819_microbe335_all.pickle,23,12,29,1,0.0804217457771301,3.10416362481192e-05,5.59842701477464e-05,4.49882548991809e-07,0.0852212831377983,0.835707783699036,7786.6177
1824,drought_grid46819_microbe335_all.pickle,24,12,24,1,0.0848903805017471,2.08065084734699e-05,8.59539213706739e-05,9.58827740760171e-07,0.0242223311215639,0.127998694777489,1675.8445
1825,drought_grid46819_microbe335_all.pickle,25,12,20,1,0.0601724945008755,7.54592183511704e-05,3.40900842275005e-05,2.97272066518417e-07,0.017845144495368,0.0540106557309628,259.25067
1826,drought_grid46819_microbe2275_all.pickle,1,12,33,1,0.0721680074930191,9.49762761592865e-05,5.39175307494588e-05,2.7094421284346e-07,0.078209787607193,0.763165175914764,4136.464
1827,drought_grid46819_microbe2275_all.pickle,2,11,14,1,0.0833296701312065,4.56905727332924e-05,1.80113656824687e-05,2.10855148452538e-07,0.0938846990466118,0.942337393760681,4063.239
1828,drought_grid46819_microbe2275_all.pickle,3,12,31,1,0.0966520830988884,3.6656521842815e-05,3.34352553181816e-05,8.94461436473648e-07,0.0482405498623848,0.420601606369019,4042.795
1829,drought_grid46819_microbe2275_all.pickle,4,12,28,1,0.0524701923131943,2.56602015724638e-05,6.65482730255462e-05,4.75003730571188e-07,0.0275278780609369,0.183845221996307,87.750595
1830,drought_grid46819_microbe2275_all.pickle,5,12,21,1,0.0511158332228661,7.00659220456146e-05,8.69150753715076e-05,8.27869996555819e-07,0.0606565028429031,0.562522232532501,115.52067
1831,drought_grid46819_microbe2275_all.pickle,6,9,10,1,0.0794737040996552,5.60277258045971e-05,9.88737156149e-05,2.02610067390196e-07,0.0449223145842552,0.382672488689423,244.14125
1832,drought_grid46819_microbe2275_all.pickle,7,12,12,1,0.0565362349152565,5.72549251955934e-05,9.18321893550456e-05,6.09905328019522e-07,0.059109304100275,0.544836938381195,321.495
1833,drought_grid46819_microbe2275_all.pickle,8,10,3,1,0.0684064999222755,6.46363987470977e-05,2.57624014921021e-05,5.58134843231528e-07,0.03109360486269,0.224603295326233,10.833713
1834,drought_grid46819_microbe2275_all.pickle,9,12,9,1,0.0583225227892399,9.74465219769627e-05,4.33840286859777e-05,8.72824614361889e-07,0.0743166953325272,0.718665182590485,1268.8644
1835,drought_grid46819_microbe2275_all.pickle,10,9,2,1,0.0815002769231796,1.35282762130373e-05,1.186778263218e-05,3.75343063296896e-07,0.0662489980459213,0.626447319984436,506.98947
1836,drought_grid46819_microbe2275_all.pickle,11,12,21,1,0.0862929597496986,8.81688320077956e-05,5.86637033848092e-05,7.06322452970198e-07,0.0869421139359474,0.862980127334595,7999.588
1837,drought_grid46819_microbe2275_all.pickle,12,12,9,1,0.0777286887168884,8.42063600430265e-05,8.43866291688755e-05,7.43544433134957e-07,0.0710572004318237,0.681407511234283,2670.4197
1838,drought_grid46819_microbe2275_all.pickle,13,12,16,1,0.0882664173841476,2.24047744268319e-05,3.00137944577727e-05,1.48457814930225e-07,0.0368099808692932,0.289944380521774,1252.8165
1839,drought_grid46819_microbe2275_all.pickle,14,12,37,1,0.0956819131970406,4.06142316933256e-05,4.98017288919073e-05,9.32689772525919e-07,0.0892406553030014,0.889253616333008,9486.589
1840,drought_grid46819_microbe2275_all.pickle,15,12,39,1,0.0640835911035538,6.22687293798663e-05,9.38452431000769e-05,2.96315079140186e-07,0.0212881844490767,0.112522356212139,602.89844
1841,drought_grid46819_microbe2275_all.pickle,16,12,40,1,0.0637720450758934,3.50651098415256e-05,7.62115159886889e-05,6.6983346869165e-07,0.0802318304777145,0.786278188228607,1905.5353
1842,drought_grid46819_microbe2275_all.pickle,17,9,8,1,0.0747123807668686,2.8384643883328e-05,6.82332029100507e-05,3.92887528732899e-07,0.0173102226108313,0.0670522376894951,96.36451
1843,drought_grid46819_microbe2275_all.pickle,18,9,1,1,0.0549884140491486,7.48522288631648e-05,7.87664539529942e-05,7.62735510306811e-07,0.0508810393512249,0.4507836997509,103.82897
1844,drought_grid46819_microbe2275_all.pickle,19,12,17,1,0.0989867299795151,7.95346131781116e-05,1.462139243813e-05,9.97376901068492e-07,0.0156859364360571,0.0484858192503452,3874.9082
1845,drought_grid46819_microbe2275_all.pickle,20,12,16,1,0.0939293503761292,1.77667043317342e-05,3.84117993235122e-05,1.12854479539237e-07,0.0989293232560158,1,13688.061
1846,drought_grid46819_microbe2275_all.pickle,21,12,20,1,0.0600974634289742,1.45900148709188e-05,7.26419020793401e-05,5.06302626490651e-07,0.0552989542484283,0.501282751560211,235.07796
1847,drought_grid46819_microbe2275_all.pickle,22,12,37,1,0.0665882900357246,7.25148274796084e-05,3.95719289372209e-05,7.85106692546833e-07,0.0848036482930183,0.838536381721497,3824.1975
1848,drought_grid46819_microbe2275_all.pickle,23,9,2,1,0.085798941552639,4.70236627734266e-05,4.91157006763387e-05,3.20319969659977e-07,0.0409684590995312,0.337477892637253,53.788673
1849,drought_grid46819_microbe2275_all.pickle,24,12,24,1,0.0906885638833046,9.06722852960229e-05,6.3861305534374e-05,4.52984806997847e-07,0.0336875021457672,0.254252851009369,1165.6328
1850,drought_grid46819_microbe2275_all.pickle,25,10,12,1,0.0717133209109306,5.02287693961989e-05,2.28696662816219e-05,5.98047051880712e-07,0.0114441458135843,0,10.546996
1851,drought_grid46819_microbe22775_all.pickle,1,11,11,1,0.0995581224560738,6.01742722210474e-05,9.2833855887875e-05,2.33341893363104e-07,0.039797555655241,0.316829055547714,2893.9092
1852,drought_grid46819_microbe22775_all.pickle,2,12,37,1,0.0791633203625679,7.42045813240111e-05,2.70535001618555e-05,7.94529853465065e-07,0.0359019115567207,0.26984167098999,2208.5908
1853,drought_grid46819_microbe22775_all.pickle,3,12,15,1,0.0579060912132263,1.19616988740745e-05,1.00845390988979e-05,8.42671056489053e-07,0.0450039654970169,0.379626244306564,153.88176
1854,drought_grid46819_microbe22775_all.pickle,4,10,13,1,0.0520176701247692,8.34543752716854e-05,5.59197906113695e-05,1.5359530891601e-07,0.0142417587339878,0.00858729425817728,76.34754
1855,drought_grid46819_microbe22775_all.pickle,5,12,25,1,0.0942021682858467,1.64120301633375e-05,1.57556023623329e-05,7.76065519403346e-07,0.0249052010476589,0.137204602360725,1497.6735
1856,drought_grid46819_microbe22775_all.pickle,6,12,16,1,0.0846851244568825,6.74207476549782e-05,3.07262198475655e-05,5.42390296232043e-07,0.0841911062598228,0.852282702922821,8226.204
1857,drought_grid46819_microbe22775_all.pickle,7,12,31,1,0.0924646481871605,3.24829306919128e-05,8.93971664481796e-05,7.0513181071874e-07,0.0688343346118927,0.667056739330292,6313.711
1858,drought_grid46819_microbe22775_all.pickle,8,12,20,1,0.0972454845905304,5.067441452411e-05,4.69999758934136e-05,8.90684361820604e-07,0.07990912348032,0.800635516643524,8072.4644
1859,drought_grid46819_microbe22775_all.pickle,9,12,3,1,0.0884146764874458,4.59997972939163e-05,4.11222681577783e-05,7.25235395293566e-07,0.0293051321059465,0.190274447202682,823.99896
1860,drought_grid46819_microbe22775_all.pickle,10,12,39,1,0.0824385434389114,7.8828634286765e-05,3.74687115254346e-05,6.50333049634355e-07,0.0135298008099198,0,2064.7588
1861,drought_grid46819_microbe22775_all.pickle,11,12,4,1,0.0675397664308548,5.55030419491231e-05,6.03318330831826e-05,4.62732998585125e-07,0.0510170422494411,0.452153086662292,449.64438
1862,drought_grid46819_microbe22775_all.pickle,12,12,11,1,0.0806156620383263,8.65755646373145e-05,8.28852353151888e-05,2.52389924071394e-07,0.0587864108383656,0.545863509178162,978.73804
1863,drought_grid46819_microbe22775_all.pickle,13,12,34,1,0.0514342114329338,2.32384300034028e-05,1.79995022335788e-05,9.67746586866269e-07,0.0964380949735641,1,1879.2598
1864,drought_grid46819_microbe22775_all.pickle,14,12,16,1,0.0903453826904297,9.41919788601808e-05,6.7077882704325e-05,4.40370882870411e-07,0.0235523097217083,0.12088668346405,2992.8352
1865,drought_grid46819_microbe22775_all.pickle,15,12,34,1,0.0600312538444996,3.00910214718897e-05,6.13675001659431e-05,3.77845424281986e-07,0.0549594722688198,0.499704778194427,377.24927
1866,drought_grid46819_microbe22775_all.pickle,16,12,33,1,0.0717980936169624,3.92808979086112e-05,8.61605294630863e-05,9.20335992304899e-07,0.0719849765300751,0.705058217048645,2344.2568
1867,drought_grid46819_microbe22775_all.pickle,17,12,25,1,0.0584303736686707,6.94657137501054e-05,7.48633246985264e-05,5.74449984469538e-07,0.0880381613969803,0.898684024810791,1509.3431
1868,drought_grid46819_microbe22775_all.pickle,18,12,23,1,0.0645952224731445,9.75980656221509e-05,3.4442880860297e-05,1.34657838657404e-07,0.074975848197937,0.74113267660141,1351.9515
1869,drought_grid46819_microbe22775_all.pickle,19,12,35,1,0.0739812850952148,7.54614229663275e-05,4.49564577138517e-05,6.29222256520734e-07,0.0949001535773277,0.981450080871582,7583.3555
1870,drought_grid46819_microbe22775_all.pickle,20,12,22,1,0.0697362273931503,1.94510830624495e-05,5.00938695040531e-05,1.92668338172552e-07,0.0917151942849159,0.943034648895264,5757.2656
1871,drought_grid46819_microbe22775_all.pickle,21,11,9,1,0.0754339173436165,6.13673983025365e-05,9.94256333797239e-05,2.91465369173238e-07,0.0193590242415667,0.0703092887997627,763.05316
1872,drought_grid46819_microbe22775_all.pickle,22,12,21,1,0.0542632862925529,2.79684918496059e-05,2.36562773352489e-05,4.17147617781666e-07,0.0494076013565063,0.432740807533264,142.0417
1873,drought_grid46819_microbe22775_all.pickle,23,11,5,1,0.0623414739966393,3.79985831386875e-05,7.44746357668191e-05,5.30990462266345e-07,0.0632924735546112,0.600213468074799,192.35315
1874,drought_grid46819_microbe22775_all.pickle,24,12,32,1,0.0761555135250092,9.09658119780943e-05,7.9252764408011e-05,3.17862742349462e-07,0.0657101273536682,0.629374027252197,3820.5244
1875,drought_grid46819_microbe22775_all.pickle,25,12,15,1,0.0875392705202103,4.90041784360074e-05,7.08914885763079e-05,9.6297731033701e-07,0.0326050408184528,0.230076387524605,1515.2894
1876,drought_grid46819_microbe5792_all.pickle,1,12,21,1,0.0559102110564709,9.02184401638806e-05,8.40068096294999e-05,7.68945312756841e-07,0.0168537274003029,0.0571404546499252,107.31787
1877,drought_grid46819_microbe5792_all.pickle,2,9,3,1,0.0838478803634644,6.68713109917007e-05,3.24877655657474e-05,4.89228966671362e-07,0.0670068189501762,0.649886071681976,1598.3197
1878,drought_grid46819_microbe5792_all.pickle,3,12,21,1,0.0644053369760513,5.35550097993109e-05,1.89280162885552e-05,8.16483066046203e-07,0.0719436481595039,0.708233058452606,2539.0144
1879,drought_grid46819_microbe5792_all.pickle,4,11,5,1,0.0746757462620735,4.37468515883666e-05,1.1018604709534e-05,8.20489560737769e-07,0.0433254912495613,0.370002955198288,326.5313
1880,drought_grid46819_microbe5792_all.pickle,5,12,25,1,0.0840496122837067,2.55212908086833e-05,5.52832352695987e-05,7.32474177311815e-07,0.075380265712738,0.748849511146545,4492.7695
1881,drought_grid46819_microbe5792_all.pickle,6,12,31,1,0.0621788091957569,8.74180623213761e-05,9.37389195314609e-05,9.20103275348083e-07,0.0603429488837719,0.571127593517303,1065.0642
1882,drought_grid46819_microbe5792_all.pickle,7,12,35,1,0.0806875601410866,2.2639891540166e-05,3.88227053917944e-05,5.01430463373254e-07,0.0197854358702898,0.0917895138263702,443.20587
1883,drought_grid46819_microbe5792_all.pickle,8,12,26,1,0.0597406439483166,8.49911739351228e-05,9.70865512499586e-05,8.84083931396162e-07,0.0498193427920341,0.44675201177597,682.1891
1884,drought_grid46819_microbe5792_all.pickle,9,12,28,1,0.0609503909945488,7.67599631217308e-05,7.13364279363304e-05,4.35902506978891e-07,0.0407159179449081,0.33916112780571,776.22784
1885,drought_grid46819_microbe5792_all.pickle,10,12,32,1,0.0880807414650917,4.96294305776246e-05,6.92104003974237e-05,1.82462116526949e-07,0.0854939445853233,0.868380308151245,8759.265
1886,drought_grid46819_microbe5792_all.pickle,11,11,2,1,0.0771041810512543,4.03990634367801e-05,1.6227846572292e-05,5.53103348011064e-07,0.0929554179310799,0.956565380096436,8886.805
1887,drought_grid46819_microbe5792_all.pickle,12,12,22,1,0.0687120333313942,7.87795215728693e-05,3.87092695746105e-05,1.05833876773431e-07,0.028384443372488,0.193418815732002,1785.8037
1888,drought_grid46819_microbe5792_all.pickle,13,12,37,1,0.0728585794568062,6.06499015702866e-05,6.57121709082276e-05,3.74114051737706e-07,0.0120189879089594,0,1167.1593
1889,drought_grid46819_microbe5792_all.pickle,14,12,31,1,0.0986755862832069,1.82604562724009e-05,2.46919880737551e-05,1.57126152089404e-07,0.021455280482769,0.111524946987629,1846.6731
1890,drought_grid46819_microbe5792_all.pickle,15,12,17,1,0.0563431158661842,5.87424074183218e-05,5.16176041855942e-05,9.85751398729917e-07,0.0914224237203598,0.93844735622406,1592.3903
1891,drought_grid46819_microbe5792_all.pickle,16,12,29,1,0.0794710069894791,3.01532381854486e-05,2.41904090216849e-05,9.541618055664e-07,0.027952428907156,0.188312947750092,709.7578
1892,drought_grid46819_microbe5792_all.pickle,17,12,34,1,0.0663125067949295,4.62721072835848e-05,9.24882479012012e-05,7.07350352513458e-07,0.0860172361135483,0.874564945697784,3230.5159
1893,drought_grid46819_microbe5792_all.pickle,18,12,29,1,0.0521214678883553,6.981982733123e-05,6.28090856480412e-05,5.72326996461925e-07,0.037357721477747,0.299471527338028,227.39459
1894,drought_grid46819_microbe5792_all.pickle,19,12,31,1,0.0963133275508881,3.41766826750245e-05,4.63459764432628e-05,3.04381558180467e-07,0.0966304838657379,1,12941.848
1895,drought_grid46819_microbe5792_all.pickle,20,10,3,1,0.0719796642661095,1.63449658430181e-05,4.48596001660917e-05,3.99551794316721e-07,0.0694262981414795,0.678481221199036,422.6306
1896,drought_grid46819_microbe5792_all.pickle,21,12,22,1,0.095293365418911,3.8498346839333e-05,7.97075408627279e-05,6.0950674196647e-07,0.0609783008694649,0.578636646270752,4086.5137
1897,drought_grid46819_microbe5792_all.pickle,22,11,10,1,0.0515653267502785,7.45776196708903e-05,7.53704953240231e-05,2.66686186023435e-07,0.046844195574522,0.411589533090591,113.58634
1898,drought_grid46819_microbe5792_all.pickle,23,12,23,1,0.0927984416484833,1.0797619324876e-05,8.89934672159143e-05,2.09841758191942e-07,0.055625531822443,0.515373706817627,3193.159
1899,drought_grid46819_microbe5792_all.pickle,24,9,10,1,0.0876034200191498,9.58585806074552e-05,3.02644602925284e-05,3.50840167584465e-07,0.0815988853573799,0.822345674037933,937.2041
1900,drought_grid46819_microbe5792_all.pickle,25,11,7,1,0.0909712538123131,9.77852905634791e-05,5.83082837692928e-05,6.50094193588302e-07,0.0317896902561188,0.233664482831955,431.13226
1901,drought_grid46819_microbe5882_all.pickle,1,12,9,1,0.0752215161919594,6.07777510595042e-05,6.63714381516911e-05,5.24890538144973e-07,0.0745477303862572,0.737594723701477,2351.9075
1902,drought_grid46819_microbe5882_all.pickle,2,12,20,1,0.0964640453457832,9.58545642788522e-05,9.78038442553952e-05,3.88930942563093e-07,0.0883079022169113,0.895186901092529,7853.1655
1903,drought_grid46819_microbe5882_all.pickle,3,12,18,1,0.0766096115112305,3.46255619660951e-05,5.59261898160912e-05,6.42850807253126e-07,0.068876251578331,0.672640562057495,1382.2316
1904,drought_grid46819_microbe5882_all.pickle,4,12,27,1,0.0957887098193169,2.92347613140009e-05,4.29742831329349e-05,4.6089800775917e-07,0.0834948047995567,0.840063571929932,7746.032
1905,drought_grid46819_microbe5882_all.pickle,5,12,27,1,0.0854947343468666,7.02488396200351e-05,2.5200521122315e-05,1.0819899642911e-07,0.0591178126633167,0.560879290103912,4776.3413
1906,drought_grid46819_microbe5882_all.pickle,6,12,21,1,0.0577697567641735,2.42842615989503e-05,9.12240720936097e-05,8.31665261102899e-07,0.0799061879515648,0.798963963985443,543.3367
1907,drought_grid46819_microbe5882_all.pickle,7,12,13,1,0.0668714344501495,2.5980483769672e-05,1.10004302769084e-05,5.59849695491721e-07,0.0660445764660835,0.640210032463074,556.57764
1908,drought_grid46819_microbe5882_all.pickle,8,12,32,1,0.0836445391178131,4.34219691669568e-05,6.87886204104871e-05,1.96205235170055e-07,0.0256866160780191,0.177999302744865,2023.0231
1909,drought_grid46819_microbe5882_all.pickle,9,12,37,1,0.0811516493558884,7.89528639870696e-05,7.84153526183218e-05,7.83745178978279e-07,0.0639680400490761,0.616427898406982,3211.5352
1910,drought_grid46819_microbe5882_all.pickle,10,10,5,1,0.0643810853362083,7.48425954952836e-05,8.54600293678232e-05,6.02093962243089e-07,0.037251953035593,0.310454517602921,59.02098
1911,drought_grid46819_microbe5882_all.pickle,11,12,32,1,0.087517686188221,4.22793673351407e-05,7.30929386918433e-05,7.38076323614223e-07,0.0185034181922674,0.0957317501306534,2349.0176
1912,drought_grid46819_microbe5882_all.pickle,12,11,16,1,0.0981725379824638,9.25038621062413e-05,2.18624682020163e-05,9.05361901004653e-07,0.0322602316737175,0.253285467624664,685.36066
1913,drought_grid46819_microbe5882_all.pickle,13,12,9,1,0.0639039278030396,8.24748931336217e-05,6.39469144516625e-05,3.43768022048607e-07,0.0558063201606274,0.522953510284424,210.31058
1914,drought_grid46819_microbe5882_all.pickle,14,11,12,1,0.0536225661635399,3.59088517143391e-05,3.73021939594764e-05,2.47591913193901e-07,0.0101445931941271,0,47.01548
1915,drought_grid46819_microbe5882_all.pickle,15,11,8,1,0.0936116799712181,1.90094633580884e-05,2.84514480881626e-05,2.85629965901535e-07,0.0974596664309502,1,13453.874
1916,drought_grid46819_microbe5882_all.pickle,16,12,40,1,0.0600799545645714,5.98822989559267e-05,5.86189780733548e-05,9.33374110445584e-07,0.022409176453948,0.140463531017303,352.78165
1917,drought_grid46819_microbe5882_all.pickle,17,12,35,1,0.0582259967923164,6.62712045595981e-05,7.57467569201253e-05,2.29213341640389e-07,0.0442384779453278,0.390469640493393,390.51657
1918,drought_grid46819_microbe5882_all.pickle,18,12,17,1,0.0724387243390083,1.22055944302701e-05,8.72571981744841e-05,1.69405922179067e-07,0.0777913480997086,0.774743139743805,1171.5372
1919,drought_grid46819_microbe5882_all.pickle,19,11,10,1,0.0909585654735565,5.21501897310372e-05,1.73016396729508e-05,7.09542177901312e-07,0.0525398664176464,0.485543549060822,1828.9629
1920,drought_grid46819_microbe5882_all.pickle,20,11,2,1,0.0895554050803185,8.65333568071947e-05,9.41079997573979e-05,3.60359308615443e-07,0.040179081261158,0.343978255987167,733.8469
1921,drought_grid46819_microbe5882_all.pickle,21,11,12,1,0.0541681423783302,1.65732599270996e-05,3.26735462294891e-05,7.87577448591037e-07,0.0160758644342422,0.0679295212030411,69.59651
1922,drought_grid46819_microbe5882_all.pickle,22,12,32,1,0.0682586804032326,9.97191891656257e-05,5.12656079081353e-05,9.91705292108236e-07,0.0473675616085529,0.426306307315826,1961.142
1923,drought_grid46819_microbe5882_all.pickle,23,12,8,1,0.0700661614537239,7.28370214346796e-05,4.10193533753045e-05,4.35593932479605e-07,0.0311175584793091,0.24019867181778,224.58997
1924,drought_grid46819_microbe5882_all.pickle,24,12,35,1,0.0508184805512428,5.37007072125562e-05,1.52206685015699e-05,6.38113135664753e-07,0.0931445434689522,0.950579881668091,935.2346
1925,drought_grid46819_microbe5882_all.pickle,25,12,38,1,0.078815832734108,4.89221747557167e-05,4.60113114968408e-05,8.81711855527101e-07,0.0920743718743324,0.938323438167572,7709.8916
1926,drought_grid46819_microbe8141_all.pickle,1,12,38,1,0.0838221237063408,7.08766965544783e-05,3.1059007596923e-05,8.86631426055828e-07,0.0607364773750305,0.564866900444031,4933.079
1927,drought_grid46819_microbe8141_all.pickle,2,9,0,1,0.0624021142721176,7.53376370994374e-05,1.07811401903746e-05,4.8723217105362e-07,0.0821070298552513,0.806238114833832,615.154
1928,drought_grid46819_microbe8141_all.pickle,3,10,8,1,0.0807001739740372,8.27048934297636e-05,6.67108688503504e-05,1.66674212209728e-07,0.0992623418569565,1,252.11847
1929,drought_grid46819_microbe8141_all.pickle,4,12,12,1,0.090537391602993,8.70247313287109e-05,3.97684380004648e-05,9.05592969502322e-07,0.0398782677948475,0.329282402992249,3775.905
1930,drought_grid46819_microbe8141_all.pickle,5,10,13,1,0.0524818450212479,2.89828021777794e-05,7.82864372013137e-05,6.01421163537452e-07,0.0263483598828316,0.176467910408974,6.2432017
1931,drought_grid46819_microbe8141_all.pickle,6,12,39,1,0.0887427106499672,1.59572264237795e-05,9.56591247813776e-05,3.53375185113691e-07,0.0372875221073627,0.300021052360535,2767.013
1932,drought_grid46819_microbe8141_all.pickle,7,12,4,1,0.0724505111575127,9.86615050351247e-05,4.57081150671002e-05,9.42865597153286e-07,0.0526977404952049,0.474072843790054,541.45715
1933,drought_grid46819_microbe8141_all.pickle,8,11,10,1,0.0598007291555405,2.64908048848156e-05,7.96793101471849e-05,5.4480000244439e-07,0.0947503075003624,0.949038505554199,57.480717
1934,drought_grid46819_microbe8141_all.pickle,9,12,37,1,0.0547772459685802,9.33091650949791e-05,2.34284107136773e-05,4.03965941586648e-07,0.0703577026724815,0.673534512519836,1556.3301
1935,drought_grid46819_microbe8141_all.pickle,10,12,29,1,0.0871231555938721,4.25453399657272e-05,5.54573816771153e-05,6.97138773375627e-07,0.0303380861878395,0.221530139446259,1632.9468
1936,drought_grid46819_microbe8141_all.pickle,11,9,8,1,0.0845654159784317,4.79231384815648e-05,8.91699673957191e-05,4.36588550201122e-07,0.0493386089801788,0.436132878065109,2.806885
1937,drought_grid46819_microbe8141_all.pickle,12,12,35,1,0.0976967364549637,1.3249683433969e-05,6.95203998475336e-05,9.92943000710511e-07,0.0151415374130011,0.0498916655778885,1697.2126
1938,drought_grid46819_microbe8141_all.pickle,13,11,13,1,0.0656082257628441,5.8089350204682e-05,2.5940596970031e-05,1.07130524895638e-07,0.0178261287510395,0.0802129730582237,279.0408
1939,drought_grid46819_microbe8141_all.pickle,14,12,29,1,0.0515681728720665,8.01605565357022e-05,9.91886336123571e-05,1.75845613625825e-07,0.0536928027868271,0.485311627388,206.93985
1940,drought_grid46819_microbe8141_all.pickle,15,12,34,1,0.0694436505436897,8.95902485353872e-05,6.02548279857729e-05,8.21783828541811e-07,0.0107242232188582,0,2513.6206
1941,drought_grid46819_microbe8141_all.pickle,16,12,15,1,0.0947386547923088,2.0205634427839e-05,7.23394332453609e-05,7.18431806490116e-07,0.0752740800380707,0.729062914848328,6649.152
1942,drought_grid46819_microbe8141_all.pickle,17,12,21,1,0.0616493299603462,5.54534817638341e-05,4.65840312244836e-05,3.439629949753e-07,0.0445338860154152,0.381865590810776,769.9777
1943,drought_grid46819_microbe8141_all.pickle,18,10,8,1,0.0780352130532265,6.35292453807779e-05,9.07736539375037e-05,5.14641271820437e-07,0.0321581326425076,0.242086783051491,490.52576
1944,drought_grid46819_microbe8141_all.pickle,19,11,3,1,0.0701538026332855,6.40356374788098e-05,1.88464910024777e-05,6.08417735747935e-07,0.0569792166352272,0.522430241107941,259.63483
1945,drought_grid46819_microbe8141_all.pickle,20,12,23,1,0.056197140365839,3.44660948030651e-05,8.28124539111741e-05,2.11173315278756e-07,0.0239206068217754,0.14904747903347,185.40073
1946,drought_grid46819_microbe8141_all.pickle,21,10,10,1,0.0998895540833473,4.1105999116553e-05,5.15992687724065e-05,7.60735758831288e-07,0.0877351760864258,0.869805634021759,8893.304
1947,drought_grid46819_microbe8141_all.pickle,22,12,36,1,0.0924084335565567,2.25072471948806e-05,3.25027867802419e-05,6.65385016418441e-07,0.0663669183850288,0.628460347652435,5363.195
1948,drought_grid46819_microbe8141_all.pickle,23,11,6,1,0.07551209628582,7.43784985388629e-05,3.80132987629622e-05,2.66549136540561e-07,0.0728578865528107,0.701773047447205,1766.0884
1949,drought_grid46819_microbe8141_all.pickle,24,12,24,1,0.0767880156636238,3.82428006560076e-05,1.69167778949486e-05,2.92967257564669e-07,0.0801296234130859,0.783904194831848,5411.521
1950,drought_grid46819_microbe8141_all.pickle,25,12,33,1,0.0679823309183121,5.12254555360414e-05,6.0786958783865e-05,7.87344731634221e-07,0.0899398699402809,0.894706666469574,4944.912
1951,drought_grid46819_microbe8417_all.pickle,1,12,38,1,0.0516633652150631,4.42259915871546e-05,7.26988728274591e-05,4.58417247273246e-07,0.0416900180280209,0.339343845844269,202.16103
1952,drought_grid46819_microbe8417_all.pickle,2,12,30,1,0.0612809993326664,9.52859045355581e-05,3.63784056389704e-05,6.82587710798543e-07,0.0954776853322983,0.95316219329834,3678.2273
1953,drought_grid46819_microbe8417_all.pickle,3,12,31,1,0.0533488318324089,1.85254230018472e-05,9.8693577456288e-05,1.8419305547468e-07,0.0574911870062351,0.519664883613586,118.271866
1954,drought_grid46819_microbe8417_all.pickle,4,12,11,1,0.0834377482533455,8.94084223546088e-05,9.35272837523371e-05,5.22557229487575e-07,0.0536638088524342,0.47598734498024,2411.6848
1955,drought_grid46819_microbe8417_all.pickle,5,12,33,1,0.0748557075858116,5.29930257471278e-05,6.35622709523886e-05,2.08092501452484e-07,0.0217466317117214,0.111752331256866,447.9039
1956,drought_grid46819_microbe8417_all.pickle,6,12,8,1,0.0720934346318245,5.5244341638172e-05,1.13868736661971e-05,3.24196832934831e-07,0.0362342298030853,0.277083039283752,335.97137
1957,drought_grid46819_microbe8417_all.pickle,7,10,1,1,0.0798772573471069,3.81483951059636e-05,3.36701086780522e-05,7.47700653391803e-07,0.0119540002197027,0,252.803
1958,drought_grid46819_microbe8417_all.pickle,8,12,18,1,0.0981117859482765,6.92865578457713e-05,4.41481970483437e-05,8.23207017219829e-07,0.0995819866657257,1,11644.176
1959,drought_grid46819_microbe8417_all.pickle,9,12,27,1,0.0977190136909485,4.79342415928841e-05,8.17768668639474e-05,8.82333495155763e-07,0.0635472387075424,0.588775813579559,4911.744
1960,drought_grid46819_microbe8417_all.pickle,10,12,13,1,0.0693924650549889,4.08021805924363e-05,4.07600418839138e-05,8.14128782167245e-07,0.031284648925066,0.220599040389061,263.9197
1961,drought_grid46819_microbe8417_all.pickle,11,12,20,1,0.0847705528140068,6.03943335590884e-05,2.94436722469982e-05,3.63501328592974e-07,0.0436208136379719,0.361377865076065,2495.6648
1962,drought_grid46819_microbe8417_all.pickle,12,12,16,1,0.088910847902298,2.88344872387825e-05,4.63429096271284e-05,2.94666619993222e-07,0.0851992443203926,0.83586585521698,6474.7563
1963,drought_grid46819_microbe8417_all.pickle,13,11,10,1,0.0567390881478786,9.78569660219364e-05,6.57196360407397e-05,9.59638214226288e-07,0.0526810325682163,0.464772015810013,271.45346
1964,drought_grid46819_microbe8417_all.pickle,14,12,24,1,0.092289999127388,3.33891366608441e-05,5.26463918504305e-05,7.72989778852207e-07,0.0686559826135635,0.647076189517975,3597.9321
1965,drought_grid46819_microbe8417_all.pickle,15,12,27,1,0.0949711054563522,7.43922864785418e-05,8.88338763616048e-05,1.15306939107995e-07,0.0857007130980492,0.84158855676651,7659.1294
1966,drought_grid46819_microbe8417_all.pickle,16,12,10,1,0.0706396326422691,1.34929878186085e-05,2.08912642847281e-05,5.6292793715329e-07,0.0464165769517422,0.393282800912857,361.84332
1967,drought_grid46819_microbe8417_all.pickle,17,10,4,1,0.0587018504738808,8.45920585561544e-05,1.95106331375428e-05,5.68366260722541e-07,0.0251397304236889,0.150473967194557,8.202955
1968,drought_grid46819_microbe8417_all.pickle,18,12,19,1,0.0648316293954849,6.27300323685631e-05,8.29396303743124e-05,1.67263664252459e-07,0.0157216414809227,0.0429958663880825,156.82515
1969,drought_grid46819_microbe8417_all.pickle,19,12,27,1,0.0769039243459702,8.69302821229212e-05,2.56671155511867e-05,9.04766977782856e-07,0.0915286093950272,0.908095836639404,6353.015
1970,drought_grid46819_microbe8417_all.pickle,20,7,4,1,0.0669275224208832,7.73980500525795e-05,1.50932073665899e-05,2.72144717428091e-07,0.064598560333252,0.600773334503174,70.59123
1971,drought_grid46819_microbe8417_all.pickle,21,12,26,1,0.0806803703308105,7.98681285232306e-05,7.65002914704382e-05,4.13667578413879e-07,0.0324007123708725,0.233335420489311,914.5917
1972,drought_grid46819_microbe8417_all.pickle,22,10,2,1,0.0635663717985153,2.10411762964213e-05,6.91764580551535e-05,4.86838416691171e-07,0.020021939650178,0.0920703560113907,32.072475
1973,drought_grid46819_microbe8417_all.pickle,23,12,11,1,0.0863974913954735,1.61669941007858e-05,5.95101046201307e-05,6.59260251723026e-07,0.0763057842850685,0.734374761581421,3663.4343
1974,drought_grid46819_microbe8417_all.pickle,24,12,40,1,0.0559057258069515,2.65990856860299e-05,9.07177236513235e-05,6.39751078779227e-07,0.0814312249422073,0.792865693569183,507.44836
1975,drought_grid46819_microbe8417_all.pickle,25,12,21,1,0.0919073447585106,6.59428260405548e-05,5.48590251128189e-05,9.95568257167179e-07,0.0728489905595779,0.694926261901855,5132.271
1976,drought_grid46819_microbe9200_all.pickle,1,12,29,1,0.0761917382478714,2.64800182776526e-05,6.92491521476768e-05,9.19802857879404e-07,0.0789879411458969,0.783292353153229,4341.4316
1977,drought_grid46819_microbe9200_all.pickle,2,12,25,1,0.0998472794890404,1.1589853784244e-05,1.26511067719548e-05,4.00746387185791e-07,0.0611371621489525,0.571572542190552,4572.6733
1978,drought_grid46819_microbe9200_all.pickle,3,12,38,1,0.0833020955324173,9.70289620454423e-05,1.88160065590637e-05,5.1814799917338e-07,0.0963202267885208,0.988862574100494,6841.419
1979,drought_grid46819_microbe9200_all.pickle,4,12,32,1,0.0603264272212982,1.89734982996015e-05,8.50095239002258e-05,3.25357717656516e-07,0.0129460403695703,0,231.4372
1980,drought_grid46819_microbe9200_all.pickle,5,9,8,1,0.0518251582980156,1.42698463605484e-05,5.39871944056358e-05,4.74331443456322e-07,0.0972592607140541,1,1011.7948
1981,drought_grid46819_microbe9200_all.pickle,6,12,16,1,0.0733184218406677,2.4086637495202e-05,2.43610229517799e-05,8.65079016421078e-07,0.0887412205338478,0.898971498012543,7160.842
1982,drought_grid46819_microbe9200_all.pickle,7,12,30,1,0.0931576564908028,5.58171232114546e-05,6.55809999443591e-05,1.31399573888302e-07,0.0541387535631657,0.488567680120468,4489.3477
1983,drought_grid46819_microbe9200_all.pickle,8,12,16,1,0.0553998090326786,5.19502682436723e-05,3.57378667104058e-05,2.243297529958e-07,0.026977751404047,0.166423618793488,205.09839
1984,drought_grid46819_microbe9200_all.pickle,9,12,19,1,0.0913945734500885,4.48997052444611e-05,8.74753241077997e-05,9.48906460962462e-07,0.0839757472276688,0.842450380325317,8092.3794
1985,drought_grid46819_microbe9200_all.pickle,10,12,36,1,0.069240391254425,4.80208364024293e-05,9.32317998376675e-05,6.26919415935845e-07,0.0198217127472162,0.081549160182476,969.52
1986,drought_grid46819_microbe9200_all.pickle,11,12,24,1,0.0705257952213287,3.71923015336506e-05,3.91271169064566e-05,6.91417938014638e-07,0.0356621704995632,0.269425481557846,607.0252
1987,drought_grid46819_microbe9200_all.pickle,12,11,0,1,0.0657556653022766,5.80421583435964e-05,2.88008013740182e-05,4.54780547443079e-07,0.0490139164030552,0.427784353494644,406.44577
1988,drought_grid46819_microbe9200_all.pickle,13,12,35,1,0.079492375254631,7.55755754653364e-05,4.74183871119749e-05,1.70741429883492e-07,0.0455190502107143,0.386333376169205,3646.9114
1989,drought_grid46819_microbe9200_all.pickle,14,12,28,1,0.059554897248745,3.48926078004297e-05,9.93329740595073e-05,5.51102573354001e-07,0.0137779358774424,0.00986672658473253,300.3693
1990,drought_grid46819_microbe9200_all.pickle,15,12,20,1,0.0560047179460526,6.64996841805987e-05,4.52351196145173e-05,7.55329779167369e-07,0.0397913940250874,0.318400293588638,314.1976
1991,drought_grid46819_microbe9200_all.pickle,16,12,23,1,0.0534239783883095,2.92932654701872e-05,1.51796621139511e-05,1.91534510918245e-07,0.0736422762274742,0.719889879226685,686.08026
1992,drought_grid46819_microbe9200_all.pickle,17,7,2,1,0.0979914218187332,6.32645969744772e-05,7.38164744689129e-05,6.53674135264737e-07,0.058907188475132,0.545123875141144,4.823632
1993,drought_grid46819_microbe9200_all.pickle,18,7,2,1,0.0663361996412277,8.79904473549686e-05,7.5572490459308e-05,7.44913791095314e-07,0.0904413238167763,0.919135630130768,40.56649
1994,drought_grid46819_microbe9200_all.pickle,19,10,1,1,0.0620992705225945,4.07451334467623e-05,5.73791876377072e-05,8.01116584625561e-07,0.0650896802544594,0.618451535701752,248.12093
1995,drought_grid46819_microbe9200_all.pickle,20,12,32,1,0.0859812051057816,7.44814678910188e-05,6.29005953669548e-05,9.72555881162407e-07,0.0240822676569223,0.132081627845764,3216.5332
1996,drought_grid46819_microbe9200_all.pickle,21,12,10,1,0.0742342621088028,8.41280416352674e-05,5.2657320338767e-05,2.78442456647099e-07,0.0783730670809746,0.77599960565567,3490.8103
1997,drought_grid46819_microbe9200_all.pickle,22,12,26,1,0.0887624025344849,8.16352621768601e-05,3.47769746440463e-05,8.49378352540953e-07,0.050738587975502,0.448239892721176,4290.674
1998,drought_grid46819_microbe9200_all.pickle,23,12,27,1,0.0874026417732239,9.51243491726927e-05,9.25753265619278e-05,5.74241710182832e-07,0.0711013600230217,0.689753293991089,5295.8735
1999,drought_grid46819_microbe9200_all.pickle,24,10,13,1,0.0943076908588409,7.00451637385413e-05,7.84887888585217e-05,3.69922787513133e-07,0.0308340210467577,0.212161034345627,117.91103
2000,drought_grid46819_microbe9200_all.pickle,25,11,13,1,0.081481359899044,9.10836097318679e-05,2.74629164778162e-05,2.87362126982771e-07,0.0334109999239445,0.242725402116776,2134.6216
2001,grass_grid46819_microbe100_all.pickle,1,12,3,1,0.0957247093319893,6.08072332397569e-05,9.40831960178912e-05,6.06601474828494e-07,0.0255980584770441,0.157916486263275,4099.5723
2002,grass_grid46819_microbe100_all.pickle,2,12,19,1,0.0530360452830791,5.1179882575525e-05,2.15798427234404e-05,9.19783985864342e-07,0.0118996938690543,0,433.07166
2003,grass_grid46819_microbe100_all.pickle,3,11,10,1,0.076027475297451,3.305505742901e-05,6.73543981974944e-05,4.19612575797146e-07,0.0201448276638985,0.0950509458780289,693.1945
2004,grass_grid46819_microbe100_all.pickle,4,12,21,1,0.0862932354211807,6.57330601825379e-05,4.79263180750422e-05,4.36041204920912e-07,0.0394497066736221,0.317600041627884,5696.8066
2005,grass_grid46819_microbe100_all.pickle,5,9,9,1,0.0658157616853714,3.92673937312793e-05,3.61446291208267e-05,7.92123216797336e-07,0.0226089842617512,0.123458057641983,121.05287
2006,grass_grid46819_microbe100_all.pickle,6,12,15,1,0.0924843475222588,9.20198363019153e-05,5.03953706356697e-05,6.69982512135903e-07,0.0718515813350677,0.691132962703705,8479.563
2007,grass_grid46819_microbe100_all.pickle,7,12,30,1,0.0557570829987526,1.66870904649841e-05,1.54440076585161e-05,3.36991121230312e-07,0.0857463106513023,0.851313173770905,1423.5891
2008,grass_grid46819_microbe100_all.pickle,8,12,28,1,0.0975749120116234,7.6535165135283e-05,3.07973277813289e-05,7.72687542394124e-07,0.0558406263589859,0.506556630134583,7576.372
2009,grass_grid46819_microbe100_all.pickle,9,12,40,1,0.0988424569368362,1.0608707270876e-05,6.38095443719067e-05,1.64677047109762e-07,0.0927412211894989,0.931951403617859,11148.984
2010,grass_grid46819_microbe100_all.pickle,10,12,19,1,0.0907434150576591,3.10886462102644e-05,5.55670812900644e-05,2.87355362615926e-07,0.0849296152591705,0.841898202896118,8441.744
2011,grass_grid46819_microbe100_all.pickle,11,10,11,1,0.0805803164839745,9.95089649222791e-05,3.47506793332286e-05,8.79616436577635e-07,0.0290876422077417,0.198144868016243,366.2509
2012,grass_grid46819_microbe100_all.pickle,12,12,37,1,0.0590456426143646,4.75246306450572e-05,8.75135956448503e-05,3.85529176583077e-07,0.0374001301825047,0.293972253799438,1113.9907
2013,grass_grid46819_microbe100_all.pickle,13,9,7,1,0.060179341584444,1.93284067790955e-05,9.03821346582845e-05,5.84692429583811e-07,0.0661579519510269,0.625496089458466,14.081075
2014,grass_grid46819_microbe100_all.pickle,14,12,3,1,0.0887892320752144,4.30157779192086e-05,7.40033210604452e-05,2.53323577226183e-07,0.0607015378773212,0.562593817710876,5252.93
2015,grass_grid46819_microbe100_all.pickle,15,12,9,1,0.085213877260685,2.39249038713751e-05,9.99527910607867e-05,5.02268051150168e-07,0.068816103041172,0.656139552593231,5929.614
2016,grass_grid46819_microbe100_all.pickle,16,9,6,1,0.0636097937822342,7.46246878406964e-05,7.86581222200766e-05,1.2115212655317e-07,0.0778291746973991,0.760043442249298,1732.7755
2017,grass_grid46819_microbe100_all.pickle,17,12,31,1,0.0707908496260643,9.63195852818899e-05,8.46487237140536e-05,8.30452449918084e-07,0.0507704801857471,0.448107361793518,3832.6514
2018,grass_grid46819_microbe100_all.pickle,18,12,19,1,0.0508698150515556,5.56156264792662e-05,1.00793740784866e-05,2.37290208815466e-07,0.0986440554261208,1,2239.9102
2019,grass_grid46819_microbe100_all.pickle,19,8,8,1,0.0668592751026154,5.68104151170701e-05,5.75593985558953e-05,9.88365741250163e-07,0.0431473925709724,0.360227435827255,30.039263
2020,grass_grid46819_microbe100_all.pickle,20,9,1,1,0.083902046084404,2.74683334282599e-05,4.53545981144998e-05,7.03048158356978e-07,0.0793739855289459,0.777852177619934,3752.6072
2021,grass_grid46819_microbe100_all.pickle,21,7,4,1,0.0684470683336258,3.74370320059825e-05,6.91692985128611e-05,9.34780985062389e-07,0.0587419904768467,0.540003955364227,10.951527
2022,grass_grid46819_microbe100_all.pickle,22,12,20,1,0.0730580762028694,8.54865502333269e-05,7.68535828683525e-05,1.9422853370088e-07,0.0928722694516182,0.933462142944336,7943.792
2023,grass_grid46819_microbe100_all.pickle,23,12,9,1,0.0794932991266251,6.91676759743132e-05,3.99971795559395e-05,4.83107783111336e-07,0.0163162294775248,0.0509143844246864,2778.1445
2024,grass_grid46819_microbe100_all.pickle,24,12,31,1,0.0741647109389305,8.6546438978985e-05,2.48891665250994e-05,7.20493972039549e-07,0.047796968370676,0.413828313350677,4850.269
2025,grass_grid46819_microbe100_all.pickle,25,12,18,1,0.0568481832742691,7.98763940110803e-05,1.75441800820408e-05,5.33388913481758e-07,0.033577736467123,0.249907210469246,603.4411
2026,grass_grid46819_microbe1089_all.pickle,1,10,10,1,0.0894577726721764,5.25055256730411e-05,1.96043238247512e-05,8.03478258148971e-07,0.095830462872982,0.970211327075958,2560.2268
2027,grass_grid46819_microbe1089_all.pickle,2,8,2,1,0.05068539083004,8.54857717058621e-05,3.01298132399097e-05,5.09746030274982e-07,0.0435574762523174,0.355339735746384,226.75781
2028,grass_grid46819_microbe1089_all.pickle,3,11,7,1,0.0651691034436226,2.0878092982457e-05,2.15656291402411e-05,8.99108727026032e-07,0.0184786673635244,0.0603451654314995,709.6101
2029,grass_grid46819_microbe1089_all.pickle,4,12,24,1,0.08082465082407,7.40399773349054e-05,2.6004387109424e-05,7.01459498486656e-07,0.0874809175729752,0.871998131275177,8038.974
2030,grass_grid46819_microbe1089_all.pickle,5,10,2,1,0.0628209412097931,2.93398916255683e-05,7.61178380344063e-05,8.50582182465587e-07,0.0595530308783054,0.543490648269653,16.856174
2031,grass_grid46819_microbe1089_all.pickle,6,12,12,1,0.0869793742895126,1.19054684546427e-05,6.56510746921413e-05,3.96453771145389e-07,0.0380422696471214,0.290466010570526,4280.6255
2032,grass_grid46819_microbe1089_all.pickle,7,10,16,1,0.0853130295872688,8.89328875928186e-05,4.67927638965193e-05,9.87246380645956e-07,0.0140519766137004,0.00827531982213259,4514.1094
2033,grass_grid46819_microbe1089_all.pickle,8,12,36,1,0.0662829726934433,6.25028478680179e-05,8.57251943671145e-05,1.20660686775409e-07,0.0643684938549995,0.600133538246155,3356.2693
2034,grass_grid46819_microbe1089_all.pickle,9,12,27,1,0.06991046667099,1.5395844457089e-05,8.17501713754609e-05,8.86994200754998e-07,0.0617575384676456,0.569421648979187,3113.2927
2035,grass_grid46819_microbe1089_all.pickle,10,12,29,1,0.0572124049067497,4.44548059022054e-05,3.19557657348923e-05,3.39135084459485e-07,0.0313146561384201,0.211331084370613,488.75757
2036,grass_grid46819_microbe1089_all.pickle,11,9,8,1,0.0704658105969429,6.47678098175675e-05,5.49210926692467e-05,9.62364083534339e-07,0.075243666768074,0.728055000305176,537.9124
2037,grass_grid46819_microbe1089_all.pickle,12,12,27,1,0.0735455676913261,5.32390986336395e-05,6.87478313921019e-05,6.48341767828242e-07,0.027734387665987,0.169217452406883,4009.483
2038,grass_grid46819_microbe1089_all.pickle,13,12,13,1,0.0743017122149467,6.90000233589672e-05,5.19906061526854e-05,1.766267274661e-07,0.0810519829392433,0.796376466751099,6558.4946
2039,grass_grid46819_microbe1089_all.pickle,14,11,17,1,0.0970563590526581,1.72039508470334e-05,8.54026002343744e-05,3.77798897943649e-07,0.0409194193780422,0.324309051036835,4248.3286
2040,grass_grid46819_microbe1089_all.pickle,15,7,3,1,0.0798575058579445,3.37791643687524e-05,6.38476412859745e-05,7.48833542729699e-07,0.0916322469711304,0.920828998088837,855.54297
2041,grass_grid46819_microbe1089_all.pickle,16,12,33,1,0.0944391936063766,2.70690197794465e-05,9.41124962992035e-05,1.50498266293653e-07,0.0836769491434097,0.82725316286087,9327.427
2042,grass_grid46819_microbe1089_all.pickle,17,12,2,1,0.0601995326578617,5.72579665458761e-05,1.15113571155234e-05,4.42568079961347e-07,0.0738642364740372,0.71182918548584,997.3263
2043,grass_grid46819_microbe1089_all.pickle,18,12,16,1,0.0535696782171726,8.92437237780541e-05,1.50837076944299e-05,4.85627310808923e-07,0.0331921391189098,0.233415350317955,933.43256
2044,grass_grid46819_microbe1089_all.pickle,19,12,34,1,0.0771297365427017,9.71441841102205e-05,9.15615019039251e-05,2.1788990522964e-07,0.0237129963934422,0.121915020048618,5318.861
2045,grass_grid46819_microbe1089_all.pickle,20,11,10,1,0.0824495404958725,4.72350584459491e-05,7.30644605937414e-05,6.01748183726158e-07,0.0693934857845306,0.659241020679474,6519.8896
2046,grass_grid46819_microbe1089_all.pickle,21,10,7,1,0.0557830482721329,3.97261901525781e-05,3.71778332919348e-05,2.67763425654266e-07,0.0983629301190376,1,1761.2104
2047,grass_grid46819_microbe1089_all.pickle,22,12,11,1,0.0991965755820274,9.38924858928658e-05,4.36361515312456e-05,2.83694760128128e-07,0.0133484546095133,0,5370.2573
2048,grass_grid46819_microbe1089_all.pickle,23,12,40,1,0.093082882463932,7.97137035988271e-05,4.06207182095386e-05,6.14867587955814e-07,0.0536240115761757,0.473749399185181,7006.315
2049,grass_grid46819_microbe1089_all.pickle,24,12,13,1,0.090387724339962,7.48779493733309e-05,5.78140970901586e-05,5.5228917972272e-07,0.0463212728500366,0.387849479913712,5801.6187
2050,grass_grid46819_microbe1089_all.pickle,25,12,23,1,0.0594676658511162,3.81853278668132e-05,9.74085778580047e-05,7.41712597118749e-07,0.0509139411151409,0.441871613264084,925.9651
2051,grass_grid46819_microbe13089_all.pickle,1,12,16,1,0.0517958104610443,7.90054109529592e-05,4.62128227809444e-05,2.87468139958946e-07,0.0380596518516541,0.319081515073776,161.21767
2052,grass_grid46819_microbe13089_all.pickle,2,6,3,1,0.0525042340159416,5.62582863494754e-05,7.97679167590104e-05,2.25035066137025e-07,0.06297218054533,0.604975700378418,14.46961
2053,grass_grid46819_microbe13089_all.pickle,3,12,16,1,0.0740296542644501,2.12968170671957e-05,5.17461958224885e-05,6.39512734323944e-07,0.0920200869441032,0.938327193260193,7485.0405
2054,grass_grid46819_microbe13089_all.pickle,4,6,3,1,0.0681481137871742,3.8965492421994e-05,2.0983154172427e-05,6.64395997773681e-07,0.0790789276361465,0.789815425872803,2.7470398
2055,grass_grid46819_microbe13089_all.pickle,5,8,6,1,0.0925840362906456,9.49038658291101e-05,5.56411505385768e-05,1.50736795490047e-07,0.0571343414485455,0.537981152534485,16.734438
2056,grass_grid46819_microbe13089_all.pickle,6,12,24,1,0.0574979782104492,9.00954473763704e-05,6.84774058754556e-05,2.53895876767274e-07,0.0158979203552008,0.0647552534937859,905.3931
2057,grass_grid46819_microbe13089_all.pickle,7,12,27,1,0.0913419052958488,4.79040827485733e-05,6.35411633993499e-05,5.1259434030726e-07,0.0826165825128555,0.830413281917572,9295.694
2058,grass_grid46819_microbe13089_all.pickle,8,12,17,1,0.0628038793802261,2.74889098363928e-05,4.15740032622125e-05,8.49187699714093e-07,0.0541392117738724,0.503609240055084,1151.1744
2059,grass_grid46819_microbe13089_all.pickle,9,12,25,1,0.0585008412599564,7.14484995114617e-05,9.0009685663972e-05,7.52345670207433e-07,0.0276684705168009,0.199833139777184,1510.5552
2060,grass_grid46819_microbe13089_all.pickle,10,12,16,1,0.0802837610244751,1.29889085656032e-05,9.69278044067323e-05,4.43007792227945e-07,0.0748130530118942,0.74086058139801,4879.1807
2061,grass_grid46819_microbe13089_all.pickle,11,12,18,1,0.0605661682784557,5.15231913595926e-05,5.93747172388248e-05,8.92854018275102e-07,0.0238698925822973,0.156240969896317,319.67386
2062,grass_grid46819_microbe13089_all.pickle,12,12,30,1,0.0861667096614838,4.54434812127147e-05,4.54390828963369e-05,7.47211856833019e-07,0.0865894705057144,0.876005828380585,9512.345
2063,grass_grid46819_microbe13089_all.pickle,13,12,28,1,0.0557042397558689,3.83178521587979e-05,2.55009581451304e-05,9.74598492575751e-07,0.0524852760136127,0.484628826379776,405.19217
2064,grass_grid46819_microbe13089_all.pickle,14,11,12,1,0.0763136297464371,6.64477920508943e-05,8.66714617586695e-05,3.95838043232288e-07,0.0326160602271557,0.256611287593842,434.03043
2065,grass_grid46819_microbe13089_all.pickle,15,12,33,1,0.079319529235363,2.04717525775777e-05,3.00423853332177e-05,8.05555998795171e-07,0.0102552138268948,0,2254.9788
2066,grass_grid46819_microbe13089_all.pickle,16,12,34,1,0.0989063382148743,3.10562500089873e-05,3.30337643390521e-05,1.12542181796016e-07,0.0692035704851151,0.676486670970917,8475.286
2067,grass_grid46819_microbe13089_all.pickle,17,12,15,1,0.0892982333898544,8.53187448228709e-05,6.56021147733554e-05,6.84582346366369e-07,0.0973941907286644,1,11527.013
2068,grass_grid46819_microbe13089_all.pickle,18,12,24,1,0.096062034368515,6.90357046551071e-05,7.17934817657806e-05,6.02118518600037e-07,0.0431317575275898,0.377288609743118,6538.376
2069,grass_grid46819_microbe13089_all.pickle,19,10,7,1,0.083009347319603,3.34337782987859e-05,1.85745229828171e-05,3.76638837451537e-07,0.0193622559309006,0.104511693120003,17.980387
2070,grass_grid46819_microbe13089_all.pickle,20,11,8,1,0.0940928682684898,8.61390944919549e-05,7.71318300394341e-05,1.95733576902057e-07,0.0665786787867546,0.646363615989685,6215.1597
2071,grass_grid46819_microbe13089_all.pickle,21,10,1,1,0.0711434110999107,6.0630714870058e-05,1.1229953088332e-05,8.72639589033497e-07,0.0735859125852585,0.726778030395508,2031.245
2072,grass_grid46819_microbe13089_all.pickle,22,12,35,1,0.0655462816357613,1.60711097123567e-05,9.60849865805358e-05,5.64126082736038e-07,0.041974775493145,0.364011168479919,848.9221
2073,grass_grid46819_microbe13089_all.pickle,23,12,17,1,0.0736720040440559,7.68481841078028e-05,8.51559525472112e-05,4.78946560633631e-07,0.0939690917730331,0.960693776607513,6155.355
2074,grass_grid46819_microbe13089_all.pickle,24,12,27,1,0.0675325095653534,5.86647001910023e-05,1.55370362335816e-05,3.43674315672615e-07,0.0490136817097664,0.444789081811905,2029.2263
2075,grass_grid46819_microbe13089_all.pickle,25,11,3,1,0.085148811340332,9.97045644908212e-05,3.76150310330559e-05,9.60217676038155e-07,0.0287538766860962,0.212289184331894,3395.3726
2076,grass_grid46819_microbe5451_all.pickle,1,12,34,1,0.0593806654214859,7.93650033301674e-05,4.71482708235271e-05,9.26021414215938e-07,0.0843964591622353,0.854333400726318,5182.03
2077,grass_grid46819_microbe5451_all.pickle,2,12,26,1,0.0505899265408516,1.93266678252257e-05,6.14813034189865e-05,3.74789806301123e-07,0.011599550023675,0,241.7728
2078,grass_grid46819_microbe5451_all.pickle,3,12,37,1,0.0968742817640305,9.16266581043601e-05,3.2527263101656e-05,1.55348118369147e-07,0.0601159520447254,0.569381058216095,7296.4165
2079,grass_grid46819_microbe5451_all.pickle,4,12,13,1,0.0792969316244125,8.65900947246701e-05,4.14784881286323e-05,9.69930056271551e-07,0.0734350010752678,0.725691378116608,6270.388
2080,grass_grid46819_microbe5451_all.pickle,5,12,30,1,0.0540184415876865,5.66291273571551e-05,9.29725210880861e-05,3.37895784241482e-07,0.0452941060066223,0.39543417096138,1543.7333
2081,grass_grid46819_microbe5451_all.pickle,6,11,10,1,0.0877058580517769,6.79819568176754e-05,7.56450826884247e-05,5.01391582474753e-07,0.0939818471670151,0.966826021671295,11814.183
2082,grass_grid46819_microbe5451_all.pickle,7,6,4,1,0.0909813344478607,3.70100460713729e-05,9.16890130611137e-05,2.45003661802912e-07,0.0553099177777767,0.512978136539459,1.6517583
2083,grass_grid46819_microbe5451_all.pickle,8,10,8,1,0.08974789083004,5.98160841036588e-05,3.57212338712998e-05,8.60889429077361e-07,0.0420862697064877,0.35778746008873,716.5147
2084,grass_grid46819_microbe5451_all.pickle,9,10,15,1,0.0707317814230919,5.17471125931479e-05,5.13733175466768e-05,8.38516825751867e-07,0.0296592582017183,0.211945965886116,1555.0498
2085,grass_grid46819_microbe5451_all.pickle,10,12,14,1,0.0632215887308121,7.44491117075086e-05,9.77945746853948e-05,7.1558446279596e-07,0.0184600334614515,0.0805135816335678,1639.1589
2086,grass_grid46819_microbe5451_all.pickle,11,12,22,1,0.0689560323953629,3.4528442483861e-05,5.87811373407021e-05,7.84122391905839e-07,0.0797759518027306,0.800107836723328,6940.1187
2087,grass_grid46819_microbe5451_all.pickle,12,12,14,1,0.0616883412003517,4.00334065489005e-05,8.66682894411497e-05,6.65425318402413e-07,0.0700173303484917,0.685582160949707,4158.9077
2088,grass_grid46819_microbe5451_all.pickle,13,12,20,1,0.0762896165251732,8.28188640298322e-05,1.60116105689667e-05,6.02736520249891e-07,0.0276895835995674,0.18883016705513,4276.0186
2089,grass_grid46819_microbe5451_all.pickle,14,11,14,1,0.0733983516693115,6.53600145597011e-05,2.05116575671127e-05,6.16249735685415e-07,0.0364502407610416,0.291643887758255,3868.5254
2090,grass_grid46819_microbe5451_all.pickle,15,12,20,1,0.0844437554478645,2.97568531095749e-05,2.77663657470839e-05,6.96613312811678e-07,0.0756296068429947,0.751446962356567,8877.59
2091,grass_grid46819_microbe5451_all.pickle,16,6,2,1,0.0938894972205162,4.37842500105035e-05,1.1228217772441e-05,7.75788464579819e-07,0.0883654877543449,0.900913298130035,2.7163436
2092,grass_grid46819_microbe5451_all.pickle,17,12,11,1,0.0656471401453018,6.1942140746396e-05,6.61657613818534e-05,3.88161765840778e-07,0.0526951625943184,0.482291847467422,2042.8534
2093,grass_grid46819_microbe5451_all.pickle,18,5,3,1,0.0749736726284027,1.29518357425695e-05,3.05425746773835e-05,2.171840947085e-07,0.0968085676431656,1,5.7379684
2094,grass_grid46819_microbe5451_all.pickle,19,8,8,1,0.0673906579613686,1.53493874677224e-05,7.40268151275814e-05,4.41079237134545e-07,0.0661652758717537,0.640375018119812,928.4112
2095,grass_grid46819_microbe5451_all.pickle,20,12,40,1,0.0956089571118355,7.80675036367029e-05,6.92697576596402e-05,5.59674731448467e-07,0.0894984900951385,0.914210021495819,8645.943
2096,grass_grid46819_microbe5451_all.pickle,21,12,39,1,0.0984386280179024,2.36927880905569e-05,2.19490266317734e-05,2.96225522333771e-07,0.0158578269183636,0.0499744862318039,6087.5737
2097,grass_grid46819_microbe5451_all.pickle,22,12,11,1,0.0573315843939781,2.74506837740773e-05,4.31919361290056e-05,4.62092771158495e-07,0.0629100576043129,0.602172255516052,1626.269
2098,grass_grid46819_microbe5451_all.pickle,23,12,18,1,0.0819333717226982,9.43939303397201e-05,8.08732729637995e-05,9.33930323299137e-07,0.0227784067392349,0.131193354725838,6006.7617
2099,grass_grid46819_microbe5451_all.pickle,24,12,0,1,0.0529868751764297,4.7830049879849e-05,8.53450765134767e-05,1.80687948159175e-07,0.0334443040192127,0.256366699934006,442.76913
2100,grass_grid46819_microbe5451_all.pickle,25,9,5,1,0.0822399109601974,9.79068499873392e-05,5.55156148038805e-05,1.21479899917176e-07,0.049416296184063,0.443811565637589,29.421356
2101,grass_grid46819_microbe572_all.pickle,1,12,29,1,0.0778292715549469,2.55152554018423e-05,5.49081014469266e-05,2.37032637073753e-07,0.0856504812836647,0.848202407360077,7448.9927
2102,grass_grid46819_microbe572_all.pickle,2,11,12,1,0.0554758459329605,2.16375738091301e-05,8.63362656673416e-05,4.6147081889103e-07,0.0189126953482628,0.0847975835204124,363.43506
2103,grass_grid46819_microbe572_all.pickle,3,12,24,1,0.0500397868454456,9.73622445599176e-05,4.35040856245905e-05,6.72391934131156e-07,0.0294750668108463,0.205619156360626,444.90436
2104,grass_grid46819_microbe572_all.pickle,4,9,3,1,0.0653113573789597,6.05824643571395e-05,3.47408677043859e-05,7.99501776782563e-07,0.0408939868211746,0.33623868227005,365.38715
2105,grass_grid46819_microbe572_all.pickle,5,12,30,1,0.0607504621148109,6.88013751641847e-05,7.99766348791309e-05,3.81111362912634e-07,0.0689471811056137,0.657135486602783,2709.326
2106,grass_grid46819_microbe572_all.pickle,6,12,24,1,0.0677608624100685,9.31402973947115e-05,4.6840330469422e-05,9.11514234758215e-07,0.0652729198336601,0.615106105804443,3771.881
2107,grass_grid46819_microbe572_all.pickle,7,12,14,1,0.053985308855772,1.20195045383298e-05,1.69806971825892e-05,1.18692007333721e-07,0.0356610864400864,0.276380211114883,431.64697
2108,grass_grid46819_microbe572_all.pickle,8,12,38,1,0.0722862035036087,8.83968386915512e-05,9.39224119065329e-05,9.52232483086846e-07,0.0734397172927856,0.708525002002716,6241.223
2109,grass_grid46819_microbe572_all.pickle,9,7,5,1,0.0840972512960434,8.41249857330695e-05,1.93133109860355e-05,7.50813285321783e-07,0.034422505646944,0.262212246656418,0.49548617
2110,grass_grid46819_microbe572_all.pickle,10,8,2,1,0.0702947378158569,5.36950574314687e-05,6.68944849167019e-05,4.0498076714357e-07,0.0897703543305397,0.895329058170319,2316.7617
2111,grass_grid46819_microbe572_all.pickle,11,12,8,1,0.0817161202430725,3.1076717277756e-05,9.1428511950653e-05,5.65928473861277e-07,0.0931898057460785,0.934443712234497,9875.142
2112,grass_grid46819_microbe572_all.pickle,12,10,8,1,0.0965473428368568,1.79432972799987e-05,9.70554974628612e-05,1.80985054498706e-07,0.0266298782080412,0.173073425889015,4726.899
2113,grass_grid46819_microbe572_all.pickle,13,12,22,1,0.0863205343484879,3.54624389728997e-05,8.35061800898984e-05,1.65716514288761e-07,0.0567352399230003,0.517444670200348,6533.029
2114,grass_grid46819_microbe572_all.pickle,14,5,1,1,0.0955772176384926,1.68531860254006e-05,5.77619066461921e-05,7.10185872776492e-07,0.0820278599858284,0.806763708591461,1.1606967
2115,grass_grid46819_microbe572_all.pickle,15,12,12,1,0.0788185223937035,3.37213714374229e-05,7.58207534090616e-05,5.93473657772847e-07,0.0989208146929741,1,11308.788
2116,grass_grid46819_microbe572_all.pickle,16,12,25,1,0.0931241288781166,4.63410469819792e-05,3.55862066498958e-05,3.46347889035314e-07,0.0470156669616699,0.406263768672943,6334.1724
2117,grass_grid46819_microbe572_all.pickle,17,11,21,1,0.0591137632727623,7.52816413296387e-05,5.0959708460141e-05,5.11773123434978e-07,0.0630845576524734,0.590073704719543,1089.7614
2118,grass_grid46819_microbe572_all.pickle,18,10,8,1,0.0897927954792976,5.90017625654582e-05,2.33334594668122e-05,8.54655354487477e-07,0.0444205217063427,0.376578241586685,687.94574
2119,grass_grid46819_microbe572_all.pickle,19,12,34,1,0.0832727998495102,9.17031138669699e-05,7.47769518056884e-05,6.1711023136013e-07,0.0772692710161209,0.752330839633942,7177.4224
2120,grass_grid46819_microbe572_all.pickle,20,12,24,1,0.0749495774507523,4.97333021485247e-05,2.74719186563743e-05,2.50870414220117e-07,0.0791230946779251,0.773536503314972,7495.417
2121,grass_grid46819_microbe572_all.pickle,21,9,1,1,0.0565063171088696,8.09227785794064e-05,6.16437100688927e-05,4.2589053350639e-07,0.0159642957150936,0.051071222871542,387.48404
2122,grass_grid46819_microbe572_all.pickle,22,12,35,1,0.099476583302021,7.35174398869276e-05,6.89672087901272e-05,9.75053353613475e-07,0.052252471446991,0.466166883707047,7268.2817
2123,grass_grid46819_microbe572_all.pickle,23,10,8,1,0.0902184322476387,4.31036314694211e-05,2.81746306427522e-05,3.0695363761879e-07,0.0212740264832973,0.11180853843689,52.07116
2124,grass_grid46819_microbe572_all.pickle,24,10,8,1,0.063584178686142,6.69302899041213e-05,4.04230268031824e-05,7.4361963697811e-07,0.0591811947524548,0.545423626899719,104.946434
2125,grass_grid46819_microbe572_all.pickle,25,12,16,1,0.0698712319135666,4.20396718254779e-05,1.11132430902217e-05,8.57267423270969e-07,0.0114995865151286,0,1712.6504
2126,grass_grid46819_microbe410_all.pickle,1,12,21,1,0.0598598122596741,4.47452439402696e-05,7.9186815128196e-05,3.65611271035959e-07,0.0620124414563179,0.574473202228546,1303.501
2127,grass_grid46819_microbe410_all.pickle,2,9,8,1,0.0933289527893066,6.72495807521045e-05,7.70095502957702e-05,5.55987242023548e-07,0.0121461218222976,0,3083.405
2128,grass_grid46819_microbe410_all.pickle,3,10,10,1,0.0535465776920319,7.73677020333707e-05,3.06361762341112e-05,4.10839874120938e-07,0.0828068554401398,0.814030349254608,37.60972
2129,grass_grid46819_microbe410_all.pickle,4,12,23,1,0.0990713760256767,1.81369305209955e-05,4.76656823593657e-05,6.61576109450834e-07,0.0527694635093212,0.4679916203022,5972.1323
2130,grass_grid46819_microbe410_all.pickle,5,12,35,1,0.0742207914590836,8.60659420141019e-05,6.0125945310574e-05,5.93139020566014e-07,0.0590109601616859,0.539895296096802,3452.7515
2131,grass_grid46819_microbe410_all.pickle,6,12,28,1,0.0708776786923409,5.36624538653996e-05,1.33959229060565e-05,7.57222778702271e-07,0.0989496856927872,1,6352.7227
2132,grass_grid46819_microbe410_all.pickle,7,12,23,1,0.0646673291921616,4.84098054585047e-05,9.22383042052388e-05,8.08496338322584e-07,0.0459606572985649,0.389552384614944,1738.3167
2133,grass_grid46819_microbe410_all.pickle,8,12,35,1,0.0835635289549828,9.32789698708802e-05,6.0530273913173e-05,2.37431621030737e-07,0.0271460004150867,0.172802567481995,5075.4995
2134,grass_grid46819_microbe410_all.pickle,9,12,37,1,0.0972125381231308,9.82254277914762e-05,5.56409031560179e-05,4.75617980555398e-07,0.0387388169765472,0.306354880332947,5983.575
2135,grass_grid46819_microbe410_all.pickle,10,6,3,1,0.0782622322440147,3.3873238862725e-05,4.48540849902201e-05,2.54208714522974e-07,0.079004243016243,0.770223200321198,2369.3445
2136,grass_grid46819_microbe410_all.pickle,11,12,25,1,0.0858487784862518,1.16444844024954e-05,3.63260005542543e-05,4.46008499466188e-07,0.0931992679834366,0.933753669261932,8575.882
2137,grass_grid46819_microbe410_all.pickle,12,12,16,1,0.0919476374983788,1.50307268995675e-05,1.55112575157546e-05,7.39045219688705e-07,0.0865314528346062,0.856938660144806,8000.849
2138,grass_grid46819_microbe410_all.pickle,13,7,5,1,0.0693013295531273,2.51266301347641e-05,8.79426370374858e-05,9.57193037720572e-07,0.0339225381612778,0.250870078802109,236.56223
2139,grass_grid46819_microbe410_all.pickle,14,12,40,1,0.0771002396941185,8.17437103250995e-05,5.11940052092541e-05,8.24088260742428e-07,0.0161104537546635,0.0456701517105103,3523.648
2140,grass_grid46819_microbe410_all.pickle,15,12,22,1,0.0631623417139053,6.39060963294469e-05,8.23390146251768e-05,9.12445784706506e-07,0.0423583574593067,0.34805291891098,1483.8774
2141,grass_grid46819_microbe410_all.pickle,16,4,2,1,0.0569140240550041,7.10258827893995e-05,2.53315938607557e-05,3.17757837819954e-07,0.0480986721813679,0.414182871580124,1.4220307
2142,grass_grid46819_microbe410_all.pickle,17,11,13,1,0.0548105910420418,5.79687912249938e-05,6.53299503028393e-05,2.04937606440581e-07,0.0292214453220367,0.196712225675583,166.74117
2143,grass_grid46819_microbe410_all.pickle,18,12,28,1,0.0897316783666611,9.18285950319842e-05,3.36387201969046e-05,1.61008017585118e-07,0.0668590664863586,0.630307555198669,6370.546
2144,grass_grid46819_microbe410_all.pickle,19,12,32,1,0.0817072615027428,8.3761136920657e-05,9.89728068816476e-05,1.22304641081428e-07,0.0767077729105949,0.743767261505127,6152.546
2145,grass_grid46819_microbe410_all.pickle,20,7,4,1,0.0870871245861053,3.75308009097353e-05,3.96471805288456e-05,6.20278058249824e-07,0.0222028531134129,0.115856200456619,176.12456
2146,grass_grid46819_microbe410_all.pickle,21,12,31,1,0.0501119755208492,3.96986833948176e-05,1.99897713173414e-05,2.86789884285099e-07,0.0711137652397156,0.679322838783264,558.7577
2147,grass_grid46819_microbe410_all.pickle,22,12,2,1,0.0739256888628006,5.08546181663405e-05,9.54031420405954e-05,6.79272545767162e-07,0.0712991505861282,0.681458532810211,4173.986
2148,grass_grid46819_microbe410_all.pickle,23,12,18,1,0.0957147404551506,2.17338365473552e-05,6.81121528032236e-05,9.96429207589244e-07,0.0913703367114067,0.91268390417099,8565.841
2149,grass_grid46819_microbe410_all.pickle,24,12,27,1,0.0670272558927536,7.14642519596964e-05,2.17085653275717e-05,5.28786642917112e-07,0.0197395496070385,0.087478294968605,810.8143
2150,grass_grid46819_microbe410_all.pickle,25,12,23,1,0.061849657446146,2.84558282146463e-05,7.32285625417717e-05,8.72721898304007e-07,0.0540928430855274,0.48323729634285,1531.0524
2151,grass_grid46819_microbe4305_all.pickle,1,12,19,1,0.0980795323848724,9.79164688033052e-05,7.78324756538495e-05,6.19581442151684e-07,0.0960473567247391,0.987514913082123,10904.673
2152,grass_grid46819_microbe4305_all.pickle,2,12,31,1,0.0956192687153816,6.10275601502508e-05,5.72141907468904e-05,6.51773518711707e-07,0.072253942489624,0.704724609851837,8432.519
2153,grass_grid46819_microbe4305_all.pickle,3,12,33,1,0.0960919409990311,2.25640142161865e-05,8.96053970791399e-05,9.62464469012048e-07,0.0323373153805733,0.23030611872673,5829.1123
2154,grass_grid46819_microbe4305_all.pickle,4,6,2,1,0.0503036342561245,4.66862329631113e-05,8.85973422555253e-05,6.99229417477909e-07,0.0601978115737438,0.561434626579285,1.9249955
2155,grass_grid46819_microbe4305_all.pickle,5,12,8,1,0.0874203518033028,5.75695339648519e-05,2.81799784715986e-05,1.76273928786941e-07,0.015531225129962,0.0305617935955524,2270.0066
2156,grass_grid46819_microbe4305_all.pickle,6,7,1,1,0.0636848136782646,6.99054944561794e-05,4.63225405837875e-05,8.29431883175857e-07,0.069400317966938,0.670808613300323,82.37168
2157,grass_grid46819_microbe4305_all.pickle,7,10,1,1,0.0839013978838921,7.28995437384583e-05,2.64012596744578e-05,5.97303483118594e-07,0.0619145967066288,0.581839025020599,4286.2744
2158,grass_grid46819_microbe4305_all.pickle,8,12,30,1,0.0906220749020576,2.07862485694932e-05,9.49297027545981e-05,3.69849772141606e-07,0.0766137167811394,0.756541550159454,8851.982
2159,grass_grid46819_microbe4305_all.pickle,9,12,22,1,0.0936724990606308,2.72007127932739e-05,1.36005310196197e-05,7.6841348572998e-07,0.0196000467985868,0.0789206922054291,5243.768
2160,grass_grid46819_microbe4305_all.pickle,10,12,33,1,0.0582207776606083,8.53459350764751e-05,1.91946692211786e-05,7.28043005437939e-07,0.0796333327889442,0.792430400848389,1421.4122
2161,grass_grid46819_microbe4305_all.pickle,11,11,7,1,0.0843060836195946,3.88143162126653e-05,4.54651853942778e-05,2.34207206517567e-07,0.0235213916748762,0.125526800751686,1432.1321
2162,grass_grid46819_microbe4305_all.pickle,12,12,29,1,0.0541573688387871,9.16401913855225e-05,9.76506344159134e-05,3.26886123502845e-07,0.0970978289842606,1,2142.0076
2163,grass_grid46819_microbe4305_all.pickle,13,12,16,1,0.0619942359626293,6.46285552647896e-05,3.54563926521223e-05,2.94637146680543e-07,0.0463007427752018,0.396264731884003,1679.2738
2164,grass_grid46819_microbe4305_all.pickle,14,11,2,1,0.0818869546055794,1.57771282829344e-05,1.20629592856858e-05,5.46360979569727e-07,0.012959816493094,0,1652.5125
2165,grass_grid46819_microbe4305_all.pickle,15,11,13,1,0.0896601751446724,8.79501239978708e-05,3.18003185384441e-05,3.91945462752119e-07,0.0354722142219543,0.267565131187439,5254.4736
2166,grass_grid46819_microbe4305_all.pickle,16,12,36,1,0.071571484208107,7.52857595216483e-05,6.25109387328848e-05,1.28817248423729e-07,0.0429907329380512,0.356924474239349,3397.881
2167,grass_grid46819_microbe4305_all.pickle,17,12,0,1,0.0751439854502678,3.34662254317664e-05,6.70685039949603e-05,4.52911365300679e-07,0.0275828056037426,0.173797652125359,1000.09076
2168,grass_grid46819_microbe4305_all.pickle,18,11,11,1,0.0577750317752361,8.08730110293254e-05,7.09016021573916e-05,1.50564716250301e-07,0.0927801206707954,0.948683023452759,66.8358
2169,grass_grid46819_microbe4305_all.pickle,19,12,35,1,0.064263254404068,9.55062932916917e-05,5.36083171027713e-05,9.69578877629829e-07,0.0542724430561066,0.491010248661041,1761.9749
2170,grass_grid46819_microbe4305_all.pickle,20,12,10,1,0.0776565074920654,5.63881294510793e-05,8.10201454441994e-05,9.01944417819323e-07,0.0407857485115528,0.330717742443085,1836.6951
2171,grass_grid46819_microbe4305_all.pickle,21,12,23,1,0.0730829164385796,1.15724242277793e-05,5.14974672114477e-05,8.07359469945368e-07,0.0867951139807701,0.877549827098846,6011.8857
2172,grass_grid46819_microbe4305_all.pickle,22,12,12,1,0.0669366717338562,4.24573408963624e-05,3.88067892345134e-05,2.56845424928542e-07,0.0528675392270088,0.474312633275986,1183.5612
2173,grass_grid46819_microbe4305_all.pickle,23,12,31,1,0.0793205425143242,3.52065144397784e-05,8.2460988778621e-05,5.25698681030917e-07,0.0836537629365921,0.840214133262634,8205.242
2174,grass_grid46819_microbe4305_all.pickle,24,12,26,1,0.0692533180117607,5.15304018335883e-05,2.28258868446574e-05,4.66674464405514e-07,0.0289367530494928,0.189889624714851,2320.2192
2175,grass_grid46819_microbe4305_all.pickle,25,11,12,1,0.0527861416339874,2.80743115581572e-05,7.42972115403973e-05,8.56275335081591e-07,0.0647995099425316,0.616126894950867,660.8151
2176,grass_grid46819_microbe5051_all.pickle,1,12,13,1,0.069296233355999,4.81096030853223e-05,4.24984718847554e-05,4.60384455891472e-07,0.0256358366459608,0.170880109071732,1717.0127
2177,grass_grid46819_microbe5051_all.pickle,2,12,18,1,0.0755175054073334,7.87185708759353e-05,8.50592041388154e-05,3.30230108147589e-07,0.0488215312361717,0.429444670677185,4870.1187
2178,grass_grid46819_microbe5051_all.pickle,3,12,25,1,0.0564906299114227,1.01376936072484e-05,3.87072577723302e-05,9.54312213252706e-07,0.0999836921691895,1,3290.6113
2179,grass_grid46819_microbe5051_all.pickle,4,12,24,1,0.0661662966012955,5.83104119868949e-05,9.2055277491454e-05,2.26764598210139e-07,0.0823391079902649,0.803229331970215,6026.473
2180,grass_grid46819_microbe5051_all.pickle,5,12,24,1,0.0705073326826096,8.73066164785996e-05,9.91361375781707e-05,2.85792509657767e-07,0.0640045180916786,0.598763823509216,3064.3506
2181,grass_grid46819_microbe5051_all.pickle,6,12,30,1,0.0776520222425461,5.51969205844216e-05,8.18656553747132e-05,5.95237565903517e-07,0.0706304758787155,0.672655880451202,6178.177
2182,grass_grid46819_microbe5051_all.pickle,7,12,18,1,0.0877011343836784,9.27112705539912e-05,2.09546942642191e-05,8.43161046759633e-07,0.0321044921875,0.243017911911011,4597.2056
2183,grass_grid46819_microbe5051_all.pickle,8,12,39,1,0.0979861691594124,9.34435011004098e-05,2.63416641246295e-05,4.20429870473527e-07,0.0188341420143843,0.0950282961130142,6130.4204
2184,grass_grid46819_microbe5051_all.pickle,9,5,1,1,0.0787319913506508,2.45686151174596e-05,5.73556317249313e-05,6.25200982540264e-07,0.087459497153759,0.860331416130066,8.299312
2185,grass_grid46819_microbe5051_all.pickle,10,12,24,1,0.0937192291021347,2.19621870201081e-05,1.78556747414405e-05,6.58758381177904e-07,0.0898978188633919,0.887523353099823,9331.035
2186,grass_grid46819_microbe5051_all.pickle,11,11,3,1,0.0845256969332695,6.54965770081617e-05,8.77134443726391e-05,8.96977894626616e-07,0.0301840100437403,0.221600890159607,3450.6223
2187,grass_grid46819_microbe5051_all.pickle,12,9,1,1,0.0897206291556358,1.59534520207671e-05,7.23648990970105e-05,8.09153618774872e-07,0.0361540094017982,0.288177728652954,10.42414
2188,grass_grid46819_microbe5051_all.pickle,13,11,14,1,0.055910125374794,6.18457779637538e-05,5.01331596751697e-05,2.62008313711704e-07,0.0429784283041954,0.364282965660095,274.78006
2189,grass_grid46819_microbe5051_all.pickle,14,10,9,1,0.0536431632936001,1.87939040188212e-05,6.5357526182197e-05,3.61930545977884e-07,0.0141596384346485,0.0428986921906471,112.79448
2190,grass_grid46819_microbe5051_all.pickle,15,12,40,1,0.0826525092124939,3.47967543348204e-05,4.67912977910601e-05,5.56306133603357e-07,0.0222004577517509,0.13256910443306,5010.065
2191,grass_grid46819_microbe5051_all.pickle,16,8,4,1,0.0810758695006371,7.18583396519534e-05,6.08791524427943e-05,1.97291953440981e-07,0.0508943721652031,0.452560782432556,1094.7249
2192,grass_grid46819_microbe5051_all.pickle,17,10,1,1,0.0914629772305489,3.88198022847064e-05,1.2615888408618e-05,1.54029564214397e-07,0.0932519063353539,0.924927771091461,8616.8955
2193,grass_grid46819_microbe5051_all.pickle,18,12,27,1,0.0998526141047478,7.69615362514742e-05,7.02802644809708e-05,4.32878351830368e-07,0.0724543333053589,0.692995309829712,7970.728
2194,grass_grid46819_microbe5051_all.pickle,19,11,18,1,0.0585299618542194,2.94456622214057e-05,2.92076510959305e-05,6.78915682783554e-07,0.0538070611655712,0.485042810440063,1395.7452
2195,grass_grid46819_microbe5051_all.pickle,20,6,3,1,0.095381036400795,3.86946594517212e-05,9.49318200582638e-05,7.19645754543308e-07,0.0802494883537292,0.779926121234894,5735.328
2196,grass_grid46819_microbe5051_all.pickle,21,12,11,1,0.0504307448863983,8.41096043586731e-05,5.48485659237485e-05,8.88529598341847e-07,0.0751480981707573,0.723035931587219,906.0946
2197,grass_grid46819_microbe5051_all.pickle,22,12,40,1,0.060327559709549,9.87378734862432e-05,3.93753944081254e-05,1.18446990882148e-07,0.0628403574228287,0.585781216621399,1742.9812
2198,grass_grid46819_microbe5051_all.pickle,23,12,18,1,0.0641067698597908,5.30889628862496e-05,3.47941531799734e-05,7.75314219936263e-07,0.0401734784245491,0.33300244808197,2184.7104
2199,grass_grid46819_microbe5051_all.pickle,24,12,35,1,0.0726049542427063,6.80474113323726e-05,7.65956792747602e-05,9.84476287158031e-07,0.0103128775954247,0,3414.0486
2200,grass_grid46819_microbe5051_all.pickle,25,12,33,1,0.0622857846319675,4.46102567366324e-05,1.49697661981918e-05,5.17780506470444e-07,0.0573565512895584,0.52462637424469,2053.5269
2201,grass_grid46819_microbe35_all.pickle,1,12,27,1,0.0921960398554802,6.06391949986573e-05,3.62079044862185e-05,7.14191116912843e-07,0.0750367268919945,0.725792825222015,8328.358
2202,grass_grid46819_microbe35_all.pickle,2,12,30,1,0.0516188181936741,3.89918168366421e-05,9.11172828637064e-05,4.97560336043534e-07,0.0484971813857555,0.415300250053406,564.68286
2203,grass_grid46819_microbe35_all.pickle,3,12,39,1,0.0868855640292168,3.30050679622218e-05,5.07125623698812e-05,7.81744688538311e-07,0.0129991453140974,0,4682.0957
2204,grass_grid46819_microbe35_all.pickle,4,12,37,1,0.0720564052462578,5.23775015608408e-05,6.20500286458991e-05,9.98035602606251e-07,0.0707812160253525,0.676006555557251,3959.0996
2205,grass_grid46819_microbe35_all.pickle,5,10,8,1,0.0815516114234924,2.25744697672781e-05,8.29350028652698e-05,3.60523472409113e-07,0.0734530761837959,0.707265317440033,68.22908
2206,grass_grid46819_microbe35_all.pickle,6,12,40,1,0.0838659033179283,2.65892231254838e-05,8.68612405611202e-05,5.34751791292365e-07,0.0147243244573474,0.0201832931488752,4271.924
2207,grass_grid46819_microbe35_all.pickle,7,12,34,1,0.068801037967205,5.78141189180315e-05,6.80143202771433e-05,1.01912007721694e-07,0.0856396853923798,0.849839448928833,7379.684
2208,grass_grid46819_microbe35_all.pickle,8,8,0,1,0.0880153551697731,1.33710709633306e-05,9.77024683379568e-05,7.0271721597237e-07,0.0817995965480804,0.804913341999054,5874.0293
2209,grass_grid46819_microbe35_all.pickle,9,12,31,1,0.0563874766230583,6.52083326713182e-05,9.38604862312786e-05,8.43988686938246e-07,0.029808796942234,0.196660235524178,719.638
2210,grass_grid46819_microbe35_all.pickle,10,12,28,1,0.0997292622923851,3.84657651011366e-05,5.32440171809867e-05,6.21096319264325e-07,0.0279474537819624,0.174883916974068,6854.196
2211,grass_grid46819_microbe35_all.pickle,11,12,15,1,0.0618071556091309,6.83243488310836e-05,3.43188039551023e-05,3.24717490229887e-07,0.037903718650341,0.291364699602127,823.04034
2212,grass_grid46819_microbe35_all.pickle,12,11,7,1,0.094102717936039,8.83524553501047e-05,7.18394367140718e-05,4.47500099198805e-07,0.0571544170379639,0.516583323478699,6953.7026
2213,grass_grid46819_microbe35_all.pickle,13,12,26,1,0.0969024449586868,4.9291287723463e-05,6.03083099122159e-05,2.00606848466123e-07,0.0175105761736631,0.0527803339064121,5970.991
2214,grass_grid46819_microbe35_all.pickle,14,7,3,1,0.0841137990355492,2.07872653845698e-05,3.15224860969465e-05,8.11995278127142e-07,0.0403585955500603,0.320084899663925,2.0739121
2215,grass_grid46819_microbe35_all.pickle,15,12,24,1,0.0520976223051548,9.97170573100448e-05,2.56803796219174e-05,2.08012707503258e-07,0.0921351909637451,0.925831973552704,1360.9288
2216,grass_grid46819_microbe35_all.pickle,16,10,7,1,0.0914654955267906,5.60772168682888e-05,4.31978623964824e-05,2.92312648753068e-07,0.0556962937116623,0.499524384737015,3912.5686
2217,grass_grid46819_microbe35_all.pickle,17,12,10,1,0.0703638419508934,9.07113062567078e-05,1.16044047899777e-05,5.75471631236724e-07,0.0444770902395248,0.3682681620121,1777.7358
2218,grass_grid46819_microbe35_all.pickle,18,12,35,1,0.0652952417731285,9.57264710450545e-05,7.88392790127546e-05,9.25519600514235e-07,0.0947267785668373,0.956151604652405,4858.9805
2219,grass_grid46819_microbe35_all.pickle,19,11,13,1,0.0786207988858223,7.5392599683255e-05,2.1672010916518e-05,4.92190110890078e-07,0.0646931082010269,0.604780316352844,2077.4038
2220,grass_grid46819_microbe35_all.pickle,20,11,20,1,0.0591091103851795,8.13549631857313e-05,1.87240966624813e-05,2.74065740768492e-07,0.0232945047318935,0.120447933673859,1535.3567
2221,grass_grid46819_microbe35_all.pickle,21,12,17,1,0.0765099376440048,7.28326122043654e-05,1.65210130944615e-05,9.49185846366163e-07,0.0351910069584846,0.259628027677536,4402.836
2222,grass_grid46819_microbe35_all.pickle,22,12,15,1,0.0670246928930283,8.39693384477869e-05,7.64110445743427e-05,1.63139361575304e-07,0.0835265591740608,0.825117468833923,4774.906
2223,grass_grid46819_microbe35_all.pickle,23,12,18,1,0.0634054020047188,3.01665550068719e-05,4.79590198665392e-05,6.55252335945988e-07,0.0511975586414337,0.446892559528351,1371.5753
2224,grass_grid46819_microbe35_all.pickle,24,12,15,1,0.0740171447396278,1.44788609759416e-05,6.62343227304518e-05,8.76458955190174e-07,0.0984747484326363,1,10642.641
2225,grass_grid46819_microbe35_all.pickle,25,12,37,1,0.0546454899013042,4.51347623311449e-05,4.03892154281493e-05,4.04859065383789e-07,0.060938972979784,0.560859799385071,837.7026
2226,grass_grid46819_microbe4105_all.pickle,1,12,17,1,0.0865611732006073,9.75667062448338e-05,8.42622321215458e-05,8.04448916369438e-07,0.0643358901143074,0.619202554225922,7190.8076
2227,grass_grid46819_microbe4105_all.pickle,2,12,33,1,0.0561042539775372,5.25087234564126e-05,1.10972350739758e-05,2.71101015414388e-07,0.0321864858269691,0.244337484240532,1043.1942
2228,grass_grid46819_microbe4105_all.pickle,3,12,23,1,0.0883678421378136,7.47334561310709e-05,1.79324142663972e-05,7.12103940259112e-07,0.0198810715228319,0.100855186581612,4652.596
2229,grass_grid46819_microbe4105_all.pickle,4,12,18,1,0.0540963001549244,6.37082557659596e-05,9.04301850823686e-05,5.13752922870481e-07,0.039550669491291,0.330204546451569,333.28848
2230,grass_grid46819_microbe4105_all.pickle,5,12,32,1,0.0966315940022469,7.0583751949016e-05,4.70959130325355e-05,9.69925963545393e-07,0.0283313822001219,0.199386581778526,6759.3115
2231,grass_grid46819_microbe4105_all.pickle,6,11,26,1,0.0992226377129555,6.49370122118853e-05,2.21828377107158e-05,1.81475201088688e-07,0.0925810486078262,0.948543727397919,9899.709
2232,grass_grid46819_microbe4105_all.pickle,7,12,33,1,0.0811445191502571,1.86455763468985e-05,2.97153910651105e-05,1.27876688793549e-07,0.0800700411200523,0.802664220333099,7769.769
2233,grass_grid46819_microbe4105_all.pickle,8,7,0,1,0.0839518383145332,3.09353672491852e-05,7.34868081053719e-05,9.32202794956538e-07,0.0596774853765965,0.564885079860687,1237.449
2234,grass_grid46819_microbe4105_all.pickle,9,11,10,1,0.0665793940424919,9.04550470295362e-05,5.50885997654404e-05,6.28916666300938e-07,0.0529165230691433,0.486051648855209,1176.6843
2235,grass_grid46819_microbe4105_all.pickle,10,12,30,1,0.0606774352490902,5.32864578417502e-05,4.45776349806692e-05,7.58905116526876e-07,0.027018878608942,0.184082701802254,559.2096
2236,grass_grid46819_microbe4105_all.pickle,11,12,23,1,0.0908420383930206,9.31511603994295e-05,6.72009336994961e-05,4.14776962998076e-07,0.0969940721988678,1,8328.77
2237,grass_grid46819_microbe4105_all.pickle,12,11,8,1,0.0785509124398232,8.22879446786828e-05,5.02692237205338e-05,1.52061687686e-07,0.0354858078062534,0.282807886600494,1688.8932
2238,grass_grid46819_microbe4105_all.pickle,13,12,24,1,0.0957734063267708,1.2583824172907e-05,2.71518038061913e-05,2.2995924098268e-07,0.0442242287099361,0.384698688983917,6480.269
2239,grass_grid46819_microbe4105_all.pickle,14,12,39,1,0.0537090301513672,3.76950010831933e-05,3.81218851543963e-05,3.01271171565531e-07,0.0944583639502525,0.970433413982391,2136.1267
2240,grass_grid46819_microbe4105_all.pickle,15,12,31,1,0.0841956585645676,2.27685231948271e-05,7.6924916356802e-05,5.35750587005168e-07,0.0762723609805107,0.7583829164505,7582.4453
2241,grass_grid46819_microbe4105_all.pickle,16,12,38,1,0.0507038235664368,7.79371839598753e-05,5.76504171476699e-05,3.3892479223141e-07,0.0741304233670235,0.733407735824585,835.4482
2242,grass_grid46819_microbe4105_all.pickle,17,11,0,1,0.0746302902698517,1.65799301612424e-05,6.87168576405384e-05,7.01342116826709e-07,0.0676543638110161,0.657896280288696,4067.034
2243,grass_grid46819_microbe4105_all.pickle,18,12,31,1,0.0653149411082268,7.93102299212478e-05,9.71579574979842e-05,6.73949614338198e-07,0.082068532705307,0.825966835021973,3929.4734
2244,grass_grid46819_microbe4105_all.pickle,19,12,23,1,0.0735431164503098,8.91256495378911e-05,1.62089654622832e-05,3.71098991536201e-07,0.0633020773530006,0.607148170471191,4324.316
2245,grass_grid46819_microbe4105_all.pickle,20,12,18,1,0.0627933293581009,3.33212265104521e-05,6.33142262813635e-05,9.22534184155666e-07,0.0213968809694052,0.118529662489891,1014.0179
2246,grass_grid46819_microbe4105_all.pickle,21,12,31,1,0.0580419600009918,6.03890912316274e-05,4.04767415602691e-05,8.48094998673332e-07,0.0151096824556589,0.0452203415334225,815.6456
2247,grass_grid46819_microbe4105_all.pickle,22,11,20,1,0.0767588913440704,3.99039672629442e-05,8.03959046606906e-05,4.53865311556001e-07,0.0868032798171043,0.881174385547638,17.01109
2248,grass_grid46819_microbe4105_all.pickle,23,12,34,1,0.0690683349967003,4.71787170681637e-05,9.34569034143351e-05,4.65116016812317e-07,0.0112314680591226,0,1748.1373
2249,grass_grid46819_microbe4105_all.pickle,24,6,0,1,0.070840522646904,2.4638402464916e-05,8.74658362590708e-05,5.84747397169849e-07,0.054886344820261,0.50901997089386,241.9034
2250,grass_grid46819_microbe4105_all.pickle,25,8,5,1,0.0925663560628891,4.54741530120373e-05,3.45567714248318e-05,8.78940170423448e-07,0.0487449429929256,0.437410652637482,1107.6707
2251,grass_grid46819_microbe2512_all.pickle,1,12,35,1,0.0804206430912018,1.98438847291982e-05,3.32387862727046e-05,5.63680202958494e-07,0.0208378080278635,0.115747012197971,2484.905
2252,grass_grid46819_microbe2512_all.pickle,2,9,12,1,0.0780978053808212,2.71229346253676e-05,2.44434359046863e-05,2.96039644354096e-07,0.0341826975345612,0.266075551509857,616.4209
2253,grass_grid46819_microbe2512_all.pickle,3,12,24,1,0.0892881155014038,5.22180453117471e-05,5.38068488822319e-05,4.52175981990877e-07,0.0569567158818245,0.522622048854828,5971.151
2254,grass_grid46819_microbe2512_all.pickle,4,11,2,1,0.0544098727405071,3.42003659170587e-05,5.78592153033242e-05,2.77502437029398e-07,0.0622770600020885,0.582555055618286,373.11926
2255,grass_grid46819_microbe2512_all.pickle,5,12,11,1,0.0677714943885803,8.90641022124328e-05,4.03546146117151e-05,6.05383718266239e-07,0.04426608979702,0.379663705825806,3202.0771
2256,grass_grid46819_microbe2512_all.pickle,6,12,24,1,0.0695842206478119,4.05763239541557e-05,2.00453614525031e-05,1.28973098867391e-07,0.0546388477087021,0.496511548757553,2471.1267
2257,grass_grid46819_microbe2512_all.pickle,7,12,39,1,0.0835046991705894,7.89726109360345e-05,3.87871077691671e-05,9.37872641770809e-07,0.0858404859900475,0.847994089126587,7777.2817
2258,grass_grid46819_microbe2512_all.pickle,8,12,34,1,0.0923162624239922,1.47445316542871e-05,1.46033271448687e-05,8.57664815612225e-07,0.084180973470211,0.829299926757812,9767.512
2259,grass_grid46819_microbe2512_all.pickle,9,10,11,1,0.0977833643555641,4.50258012278937e-05,2.13949715544004e-05,1.53632683463911e-07,0.0925068706274033,0.923090100288391,164.27377
2260,grass_grid46819_microbe2512_all.pickle,10,12,8,1,0.051233172416687,2.13930416066432e-05,7.41753756301478e-05,3.86447965183834e-07,0.0105627709999681,0,267.83447
2261,grass_grid46819_microbe2512_all.pickle,11,12,24,1,0.0639214143157005,5.46637384104542e-05,7.80321352067403e-05,9.68521135291667e-07,0.0270477551966906,0.185701295733452,2487.6028
2262,grass_grid46819_microbe2512_all.pickle,12,12,16,1,0.0847112834453583,4.69755068479571e-05,9.68623644439504e-05,4.15495748029571e-07,0.0391797348856926,0.322366565465927,5291.2954
2263,grass_grid46819_microbe2512_all.pickle,13,11,13,1,0.0761033967137337,3.64176994480658e-05,5.03844821651001e-05,9.17211480100377e-07,0.0377374514937401,0.306119412183762,3917.5083
2264,grass_grid46819_microbe2512_all.pickle,14,12,30,1,0.0879287645220757,1.10696955744061e-05,6.75245391903445e-05,8.23546542960685e-07,0.080781988799572,0.791010797023773,8641.447
2265,grass_grid46819_microbe2512_all.pickle,15,12,25,1,0.058083463460207,6.46651606075466e-05,1.13581972982502e-05,4.92584263156459e-07,0.0690150111913681,0.658457219600677,1893.8235
2266,grass_grid46819_microbe2512_all.pickle,16,5,1,1,0.0640870183706284,9.92817222140729e-05,8.99514270713553e-05,7.77447439759271e-07,0.0298250894993544,0.216987609863281,68.02985
2267,grass_grid46819_microbe2512_all.pickle,17,8,8,1,0.0995073914527893,8.96724741323851e-05,7.09823871147819e-05,3.18679894917295e-07,0.0525331012904644,0.472790569067001,6227.8755
2268,grass_grid46819_microbe2512_all.pickle,18,12,27,1,0.0751578137278557,7.73995561758056e-05,7.96575404820032e-05,7.9254465390477e-07,0.0144324796274304,0.0435917861759663,4474.872
2269,grass_grid46819_microbe2512_all.pickle,19,12,21,1,0.0578536689281464,6.05614986852743e-05,6.20299979345873e-05,5.81615381634037e-07,0.0671628564596176,0.637592971324921,959.62354
2270,grass_grid46819_microbe2512_all.pickle,20,12,30,1,0.0725572109222412,5.94894518144429e-05,4.60503943031654e-05,7.26771304471185e-07,0.0205703396350145,0.112734019756317,3708.0146
2271,grass_grid46819_microbe2512_all.pickle,21,12,24,1,0.0904767587780952,7.33452616259456e-05,2.85381120193051e-05,2.19472809703802e-07,0.0773539766669273,0.752394616603851,6831.1567
2272,grass_grid46819_microbe2512_all.pickle,22,10,1,1,0.0950306430459023,3.05136964016128e-05,9.43014238146134e-05,6.40591110823152e-07,0.0731845572590828,0.705426633358002,6618.6084
2273,grass_grid46819_microbe2512_all.pickle,23,9,5,1,0.070873536169529,8.48715571919456e-05,8.81390660651959e-05,4.97572102631239e-07,0.0956150442361832,0.95810329914093,52.921597
2274,grass_grid46819_microbe2512_all.pickle,24,12,33,1,0.0531629286706448,9.4386690761894e-05,8.25577590148896e-05,2.03280151822582e-07,0.0472119115293026,0.412848025560379,696.9755
2275,grass_grid46819_microbe2512_all.pickle,25,5,2,1,0.0614737197756767,6.94274058332667e-05,4.48691571364179e-05,6.86557825702039e-07,0.0993342772126198,1,3.6349483
2276,grass_grid46819_microbe25152_all.pickle,1,12,7,1,0.0722453743219376,1.00708921308978e-05,1.61499301611912e-05,4.94240225634712e-07,0.0867642015218735,0.879374742507935,5379.7974
2277,grass_grid46819_microbe25152_all.pickle,2,12,19,1,0.0712418630719185,6.64999315631576e-05,6.12430667388253e-05,7.75404885189346e-07,0.0265631433576345,0.175354897975922,1947.3601
2278,grass_grid46819_microbe25152_all.pickle,3,12,21,1,0.0521486513316631,3.12062402372248e-05,1.75413188117091e-05,1.58743347355994e-07,0.0459365546703339,0.401916801929474,325.8079
2279,grass_grid46819_microbe25152_all.pickle,4,12,6,1,0.0508005805313587,4.31907938036602e-05,7.84592848503962e-05,9.18565888241574e-07,0.0179475396871567,0.0745999068021774,187.98203
2280,grass_grid46819_microbe25152_all.pickle,5,12,31,1,0.0961087495088577,8.72773889568634e-05,8.7179578258656e-05,8.91331865204847e-07,0.093077227473259,0.953202307224274,8629.089
2281,grass_grid46819_microbe25152_all.pickle,6,12,22,1,0.0656683593988419,5.52467608940788e-05,6.88951404299587e-05,1.32193605395514e-07,0.0600907504558563,0.567442715167999,1973.8406
2282,grass_grid46819_microbe25152_all.pickle,7,10,10,1,0.0838719755411148,9.92595596471801e-05,4.80821981909685e-05,2.72622401098488e-07,0.0762045532464981,0.755885183811188,7473.3213
2283,grass_grid46819_microbe25152_all.pickle,8,6,0,1,0.0810528472065926,8.17619438748807e-05,9.00874147191644e-05,3.78884521978762e-07,0.0343317575752735,0.26620477437973,8.768207
2284,grass_grid46819_microbe25152_all.pickle,9,12,11,1,0.0953162983059883,2.1267966076266e-05,4.57180540252011e-05,2.92256260081558e-07,0.0542060807347298,0.498624593019485,5471.5396
2285,grass_grid46819_microbe25152_all.pickle,10,12,0,1,0.0899923741817474,1.81272662302945e-05,5.50432450836524e-05,4.29159030090887e-07,0.0526768900454044,0.480741500854492,4436.1255
2286,grass_grid46819_microbe25152_all.pickle,11,12,37,1,0.0904821082949638,7.42976844776422e-05,2.21222308027791e-05,5.6489193411835e-07,0.0115684680640697,0,5273.6646
2287,grass_grid46819_microbe25152_all.pickle,12,12,21,1,0.0789913237094879,4.07792322221212e-05,3.87342515750788e-05,5.16192301347473e-07,0.0365892462432384,0.292604923248291,3942.6218
2288,grass_grid46819_microbe25152_all.pickle,13,12,35,1,0.0924691259860992,3.87917898478918e-05,5.03493720316328e-05,4.11695793900435e-07,0.0284106973558664,0.19696107506752,5372.113
2289,grass_grid46819_microbe25152_all.pickle,14,10,4,1,0.0686882436275482,6.390501948772e-05,1.33980747705209e-05,9.41261475873034e-07,0.065219335258007,0.627418875694275,7.4969873
2290,grass_grid46819_microbe25152_all.pickle,15,12,30,1,0.054427046328783,9.48836968746036e-05,6.65673578623682e-05,8.06509888207074e-07,0.0730616599321365,0.719130754470825,1233.9384
2291,grass_grid46819_microbe25152_all.pickle,16,12,29,1,0.0572599358856678,9.18487421586178e-05,7.35560824978165e-05,9.84674784376693e-07,0.0208937674760818,0.109054505825043,393.71725
2292,grass_grid46819_microbe25152_all.pickle,17,12,26,1,0.0862569138407707,2.48599772021407e-05,8.49044299684465e-05,5.81195081394981e-07,0.0480427108705044,0.426547199487686,4505.257
2293,grass_grid46819_microbe25152_all.pickle,18,11,17,1,0.0981347635388374,6.93879046593793e-05,3.38492718583439e-05,8.29927103040973e-07,0.0795406997203827,0.794899702072144,8902.277
2294,grass_grid46819_microbe25152_all.pickle,19,12,3,1,0.0677721127867699,5.73551587876864e-05,9.70932815107517e-05,2.14100523976413e-07,0.070368804037571,0.687639176845551,1819.9508
2295,grass_grid46819_microbe25152_all.pickle,20,12,22,1,0.0595136359333992,5.02629845868796e-05,3.02044954878511e-05,7.11589336788165e-07,0.0824114978313446,0.828472197055817,2276.2898
2296,grass_grid46819_microbe25152_all.pickle,21,12,31,1,0.0621617175638676,8.54296376928687e-05,6.01412903051823e-05,7.36331855932804e-07,0.0142833553254604,0.0317491888999939,1341.8804
2297,grass_grid46819_microbe25152_all.pickle,22,12,35,1,0.0846509262919426,1.60137697093887e-05,7.74236832512543e-05,3.17702927077335e-07,0.0908992439508438,0.927731931209564,9720.776
2298,grass_grid46819_microbe25152_all.pickle,23,12,3,1,0.0745300427079201,4.68244979856536e-05,4.1689974750625e-05,6.33423496765317e-07,0.097078911960125,1,8199.519
2299,grass_grid46819_microbe25152_all.pickle,24,12,39,1,0.076448492705822,3.4648986911634e-05,9.29292946239002e-05,6.40248458694259e-07,0.0624512992799282,0.595048129558563,4051.097
2300,grass_grid46819_microbe25152_all.pickle,25,12,34,1,0.0605454072356224,7.83023424446583e-05,2.75858528766548e-05,1.80638423330493e-07,0.041059572249651,0.344883054494858,1772.69
2301,grass_grid46819_microbe335_all.pickle,1,8,4,1,0.0748540908098221,4.55599438282661e-05,5.99178347329143e-05,1.89279091955541e-07,0.0131898513063788,0,161.24911
2302,grass_grid46819_microbe335_all.pickle,2,12,25,1,0.0553992725908756,9.94113652268425e-05,9.97216120595112e-05,1.42067165143089e-07,0.0818630680441856,0.796745836734772,800.5295
2303,grass_grid46819_microbe335_all.pickle,3,12,37,1,0.0648293048143387,5.8440269640414e-05,3.0306013286463e-05,5.26827307112399e-07,0.0629905536770821,0.577787160873413,3604.0037
2304,grass_grid46819_microbe335_all.pickle,4,12,13,1,0.0954238623380661,8.94285039976239e-05,2.09343725146027e-05,2.44036840513218e-07,0.0304075963795185,0.199760064482689,6845.26
2305,grass_grid46819_microbe335_all.pickle,5,12,28,1,0.0584081299602985,5.10724239575211e-05,9.16689241421409e-05,9.64516971180274e-07,0.0425414405763149,0.340536773204803,1979.1271
2306,grass_grid46819_microbe335_all.pickle,6,11,13,1,0.0775226280093193,3.60934282070957e-05,4.73059772048146e-05,9.04344915397814e-07,0.0592331774532795,0.534194111824036,4796.044
2307,grass_grid46819_microbe335_all.pickle,7,10,1,1,0.0822549536824226,5.4000618547434e-05,4.46488702436909e-05,7.26349639990076e-07,0.0477296821773052,0.400730699300766,23.484009
2308,grass_grid46819_microbe335_all.pickle,8,12,17,1,0.0660319477319717,1.49359593706322e-05,1.70343300851528e-05,5.85152292842395e-07,0.0354133136570454,0.25783634185791,1056.9941
2309,grass_grid46819_microbe335_all.pickle,9,12,11,1,0.0796626359224319,8.30537755973637e-05,8.14732557046227e-05,4.7977840722524e-07,0.0143266944214702,0.013189640827477,4318.496
2310,grass_grid46819_microbe335_all.pickle,10,9,1,1,0.0733741149306297,6.98664152878337e-05,4.15404538216535e-05,8.20607965579256e-07,0.0944635793566704,0.942936837673187,9.055099
2311,grass_grid46819_microbe335_all.pickle,11,12,36,1,0.051686305552721,6.75428163958713e-05,6.66103078401648e-05,3.75662125406961e-07,0.0257297065109015,0.145487248897552,309.00598
2312,grass_grid46819_microbe335_all.pickle,12,12,26,1,0.0695402249693871,2.04043335543247e-05,2.0023318938911e-05,2.13343881227956e-07,0.0661847367882729,0.614846050739288,4084.6707
2313,grass_grid46819_microbe335_all.pickle,13,12,40,1,0.0890012010931969,7.99306799308397e-05,2.46721447183518e-05,8.07553931281291e-07,0.0876565724611282,0.86396199464798,7797.184
2314,grass_grid46819_microbe335_all.pickle,14,7,5,1,0.0961932614445686,3.2811254641274e-05,7.01824756106362e-05,3.4684708793975e-07,0.0535901300609112,0.46872353553772,5.4463973
2315,grass_grid46819_microbe335_all.pickle,15,12,35,1,0.0925872176885605,4.80998678540345e-05,1.15986986202188e-05,8.71003123847913e-07,0.0993819758296013,1,10371.918
2316,grass_grid46819_microbe335_all.pickle,16,9,0,1,0.0997273102402687,4.15242393501103e-05,3.73958064301405e-05,1.27061667853923e-07,0.0393434911966324,0.30343422293663,3427.16
2317,grass_grid46819_microbe335_all.pickle,17,12,17,1,0.0633593276143074,8.77400379977189e-05,7.2388575063087e-05,6.5257523829132e-07,0.0329866632819176,0.229682371020317,2026.6223
2318,grass_grid46819_microbe335_all.pickle,18,11,16,1,0.0700454264879227,1.22300689326948e-05,6.11023715464398e-05,7.06097694092023e-07,0.0700085312128067,0.659209668636322,3969.45
2319,grass_grid46819_microbe335_all.pickle,19,12,27,1,0.0570938512682915,2.74691410595551e-05,5.12293518113438e-05,5.6424823924317e-07,0.0717670768499374,0.679612278938293,1635.9438
2320,grass_grid46819_microbe335_all.pickle,20,12,32,1,0.0906176790595055,7.33908091206104e-05,9.3449380074162e-05,7.59006127282191e-07,0.0508347749710083,0.436755955219269,7151.3296
2321,grass_grid46819_microbe335_all.pickle,21,11,9,1,0.0521623380482197,6.33266390650533e-05,8.4790684923064e-05,6.35708943264035e-07,0.0778640657663345,0.750349462032318,492.76083
2322,grass_grid46819_microbe335_all.pickle,22,11,17,1,0.087754063308239,9.28027366171591e-05,7.7807555499021e-05,3.98105640897484e-07,0.0906345993280411,0.89851301908493,6339.8267
2323,grass_grid46819_microbe335_all.pickle,23,12,29,1,0.0804217457771301,3.10416362481192e-05,5.59842701477464e-05,4.49882548991809e-07,0.0852212831377983,0.835707783699036,9095.088
2324,grass_grid46819_microbe335_all.pickle,24,12,24,1,0.0848903805017471,2.08065084734699e-05,8.59539213706739e-05,9.58827740760171e-07,0.0242223311215639,0.127998694777489,4494.8247
2325,grass_grid46819_microbe335_all.pickle,25,12,20,1,0.0601724945008755,7.54592183511704e-05,3.40900842275005e-05,2.97272066518417e-07,0.017845144495368,0.0540106557309628,815.80804
2326,grass_grid46819_microbe2275_all.pickle,1,12,33,1,0.0721680074930191,9.49762761592865e-05,5.39175307494588e-05,2.7094421284346e-07,0.078209787607193,0.763165175914764,5728.6484
2327,grass_grid46819_microbe2275_all.pickle,2,11,14,1,0.0833296701312065,4.56905727332924e-05,1.80113656824687e-05,2.10855148452538e-07,0.0938846990466118,0.942337393760681,6437.752
2328,grass_grid46819_microbe2275_all.pickle,3,12,31,1,0.0966520830988884,3.6656521842815e-05,3.34352553181816e-05,8.94461436473648e-07,0.0482405498623848,0.420601606369019,6466.8604
2329,grass_grid46819_microbe2275_all.pickle,4,12,28,1,0.0524701923131943,2.56602015724638e-05,6.65482730255462e-05,4.75003730571188e-07,0.0275278780609369,0.183845221996307,280.64005
2330,grass_grid46819_microbe2275_all.pickle,5,12,21,1,0.0511158332228661,7.00659220456146e-05,8.69150753715076e-05,8.27869996555819e-07,0.0606565028429031,0.562522232532501,244.9846
2331,grass_grid46819_microbe2275_all.pickle,6,9,10,1,0.0794737040996552,5.60277258045971e-05,9.88737156149e-05,2.02610067390196e-07,0.0449223145842552,0.382672488689423,712.606
2332,grass_grid46819_microbe2275_all.pickle,7,12,12,1,0.0565362349152565,5.72549251955934e-05,9.18321893550456e-05,6.09905328019522e-07,0.059109304100275,0.544836938381195,976.9526
2333,grass_grid46819_microbe2275_all.pickle,8,10,3,1,0.0684064999222755,6.46363987470977e-05,2.57624014921021e-05,5.58134843231528e-07,0.03109360486269,0.224603295326233,12.766011
2334,grass_grid46819_microbe2275_all.pickle,9,12,9,1,0.0583225227892399,9.74465219769627e-05,4.33840286859777e-05,8.72824614361889e-07,0.0743166953325272,0.718665182590485,2429.2664
2335,grass_grid46819_microbe2275_all.pickle,10,9,2,1,0.0815002769231796,1.35282762130373e-05,1.186778263218e-05,3.75343063296896e-07,0.0662489980459213,0.626447319984436,1395.0745
2336,grass_grid46819_microbe2275_all.pickle,11,12,21,1,0.0862929597496986,8.81688320077956e-05,5.86637033848092e-05,7.06322452970198e-07,0.0869421139359474,0.862980127334595,8290.052
2337,grass_grid46819_microbe2275_all.pickle,12,12,9,1,0.0777286887168884,8.42063600430265e-05,8.43866291688755e-05,7.43544433134957e-07,0.0710572004318237,0.681407511234283,6037.8413
2338,grass_grid46819_microbe2275_all.pickle,13,12,16,1,0.0882664173841476,2.24047744268319e-05,3.00137944577727e-05,1.48457814930225e-07,0.0368099808692932,0.289944380521774,4037.1672
2339,grass_grid46819_microbe2275_all.pickle,14,12,37,1,0.0956819131970406,4.06142316933256e-05,4.98017288919073e-05,9.32689772525919e-07,0.0892406553030014,0.889253616333008,9217.732
2340,grass_grid46819_microbe2275_all.pickle,15,12,39,1,0.0640835911035538,6.22687293798663e-05,9.38452431000769e-05,2.96315079140186e-07,0.0212881844490767,0.112522356212139,1581.0543
2341,grass_grid46819_microbe2275_all.pickle,16,12,40,1,0.0637720450758934,3.50651098415256e-05,7.62115159886889e-05,6.6983346869165e-07,0.0802318304777145,0.786278188228607,3696.6667
2342,grass_grid46819_microbe2275_all.pickle,17,9,8,1,0.0747123807668686,2.8384643883328e-05,6.82332029100507e-05,3.92887528732899e-07,0.0173102226108313,0.0670522376894951,394.2468
2343,grass_grid46819_microbe2275_all.pickle,18,9,1,1,0.0549884140491486,7.48522288631648e-05,7.87664539529942e-05,7.62735510306811e-07,0.0508810393512249,0.4507836997509,290.65005
2344,grass_grid46819_microbe2275_all.pickle,19,12,17,1,0.0989867299795151,7.95346131781116e-05,1.462139243813e-05,9.97376901068492e-07,0.0156859364360571,0.0484858192503452,6456.7246
2345,grass_grid46819_microbe2275_all.pickle,20,12,16,1,0.0939293503761292,1.77667043317342e-05,3.84117993235122e-05,1.12854479539237e-07,0.0989293232560158,1,11461.867
2346,grass_grid46819_microbe2275_all.pickle,21,12,20,1,0.0600974634289742,1.45900148709188e-05,7.26419020793401e-05,5.06302626490651e-07,0.0552989542484283,0.501282751560211,671.73
2347,grass_grid46819_microbe2275_all.pickle,22,12,37,1,0.0665882900357246,7.25148274796084e-05,3.95719289372209e-05,7.85106692546833e-07,0.0848036482930183,0.838536381721497,4749.0703
2348,grass_grid46819_microbe2275_all.pickle,23,9,2,1,0.085798941552639,4.70236627734266e-05,4.91157006763387e-05,3.20319969659977e-07,0.0409684590995312,0.337477892637253,216.34334
2349,grass_grid46819_microbe2275_all.pickle,24,12,24,1,0.0906885638833046,9.06722852960229e-05,6.3861305534374e-05,4.52984806997847e-07,0.0336875021457672,0.254252851009369,3870.8528
2350,grass_grid46819_microbe2275_all.pickle,25,10,12,1,0.0717133209109306,5.02287693961989e-05,2.28696662816219e-05,5.98047051880712e-07,0.0114441458135843,0,9.957655
2351,grass_grid46819_microbe22775_all.pickle,1,11,11,1,0.0995581224560738,6.01742722210474e-05,9.2833855887875e-05,2.33341893363104e-07,0.039797555655241,0.316829055547714,5663.9663
2352,grass_grid46819_microbe22775_all.pickle,2,12,37,1,0.0791633203625679,7.42045813240111e-05,2.70535001618555e-05,7.94529853465065e-07,0.0359019115567207,0.26984167098999,3880.8877
2353,grass_grid46819_microbe22775_all.pickle,3,12,15,1,0.0579060912132263,1.19616988740745e-05,1.00845390988979e-05,8.42671056489053e-07,0.0450039654970169,0.379626244306564,441.7345
2354,grass_grid46819_microbe22775_all.pickle,4,10,13,1,0.0520176701247692,8.34543752716854e-05,5.59197906113695e-05,1.5359530891601e-07,0.0142417587339878,0.00858729425817728,189.43979
2355,grass_grid46819_microbe22775_all.pickle,5,12,25,1,0.0942021682858467,1.64120301633375e-05,1.57556023623329e-05,7.76065519403346e-07,0.0249052010476589,0.137204602360725,4111.951
2356,grass_grid46819_microbe22775_all.pickle,6,12,16,1,0.0846851244568825,6.74207476549782e-05,3.07262198475655e-05,5.42390296232043e-07,0.0841911062598228,0.852282702922821,8771.669
2357,grass_grid46819_microbe22775_all.pickle,7,12,31,1,0.0924646481871605,3.24829306919128e-05,8.93971664481796e-05,7.0513181071874e-07,0.0688343346118927,0.667056739330292,7803.765
2358,grass_grid46819_microbe22775_all.pickle,8,12,20,1,0.0972454845905304,5.067441452411e-05,4.69999758934136e-05,8.90684361820604e-07,0.07990912348032,0.800635516643524,8939.989
2359,grass_grid46819_microbe22775_all.pickle,9,12,3,1,0.0884146764874458,4.59997972939163e-05,4.11222681577783e-05,7.25235395293566e-07,0.0293051321059465,0.190274447202682,2857.1453
2360,grass_grid46819_microbe22775_all.pickle,10,12,39,1,0.0824385434389114,7.8828634286765e-05,3.74687115254346e-05,6.50333049634355e-07,0.0135298008099198,0,4183.5054
2361,grass_grid46819_microbe22775_all.pickle,11,12,4,1,0.0675397664308548,5.55030419491231e-05,6.03318330831826e-05,4.62732998585125e-07,0.0510170422494411,0.452153086662292,1403.5065
2362,grass_grid46819_microbe22775_all.pickle,12,12,11,1,0.0806156620383263,8.65755646373145e-05,8.28852353151888e-05,2.52389924071394e-07,0.0587864108383656,0.545863509178162,3037.2158
2363,grass_grid46819_microbe22775_all.pickle,13,12,34,1,0.0514342114329338,2.32384300034028e-05,1.79995022335788e-05,9.67746586866269e-07,0.0964380949735641,1,1223.575
2364,grass_grid46819_microbe22775_all.pickle,14,12,16,1,0.0903453826904297,9.41919788601808e-05,6.7077882704325e-05,4.40370882870411e-07,0.0235523097217083,0.12088668346405,5565.4795
2365,grass_grid46819_microbe22775_all.pickle,15,12,34,1,0.0600312538444996,3.00910214718897e-05,6.13675001659431e-05,3.77845424281986e-07,0.0549594722688198,0.499704778194427,887.9747
2366,grass_grid46819_microbe22775_all.pickle,16,12,33,1,0.0717980936169624,3.92808979086112e-05,8.61605294630863e-05,9.20335992304899e-07,0.0719849765300751,0.705058217048645,4081.2986
2367,grass_grid46819_microbe22775_all.pickle,17,12,25,1,0.0584303736686707,6.94657137501054e-05,7.48633246985264e-05,5.74449984469538e-07,0.0880381613969803,0.898684024810791,1578.8691
2368,grass_grid46819_microbe22775_all.pickle,18,12,23,1,0.0645952224731445,9.75980656221509e-05,3.4442880860297e-05,1.34657838657404e-07,0.074975848197937,0.74113267660141,2630.061
2369,grass_grid46819_microbe22775_all.pickle,19,12,35,1,0.0739812850952148,7.54614229663275e-05,4.49564577138517e-05,6.29222256520734e-07,0.0949001535773277,0.981450080871582,7377.238
2370,grass_grid46819_microbe22775_all.pickle,20,12,22,1,0.0697362273931503,1.94510830624495e-05,5.00938695040531e-05,1.92668338172552e-07,0.0917151942849159,0.943034648895264,6371.5386
2371,grass_grid46819_microbe22775_all.pickle,21,11,9,1,0.0754339173436165,6.13673983025365e-05,9.94256333797239e-05,2.91465369173238e-07,0.0193590242415667,0.0703092887997627,2615.7495
2372,grass_grid46819_microbe22775_all.pickle,22,12,21,1,0.0542632862925529,2.79684918496059e-05,2.36562773352489e-05,4.17147617781666e-07,0.0494076013565063,0.432740807533264,559.2526
2373,grass_grid46819_microbe22775_all.pickle,23,11,5,1,0.0623414739966393,3.79985831386875e-05,7.44746357668191e-05,5.30990462266345e-07,0.0632924735546112,0.600213468074799,398.09207
2374,grass_grid46819_microbe22775_all.pickle,24,12,32,1,0.0761555135250092,9.09658119780943e-05,7.9252764408011e-05,3.17862742349462e-07,0.0657101273536682,0.629374027252197,5655.8945
2375,grass_grid46819_microbe22775_all.pickle,25,12,15,1,0.0875392705202103,4.90041784360074e-05,7.08914885763079e-05,9.6297731033701e-07,0.0326050408184528,0.230076387524605,3672.5461
2376,grass_grid46819_microbe5792_all.pickle,1,12,21,1,0.0559102110564709,9.02184401638806e-05,8.40068096294999e-05,7.68945312756841e-07,0.0168537274003029,0.0571404546499252,387.74353
2377,grass_grid46819_microbe5792_all.pickle,2,9,3,1,0.0838478803634644,6.68713109917007e-05,3.24877655657474e-05,4.89228966671362e-07,0.0670068189501762,0.649886071681976,4254.036
2378,grass_grid46819_microbe5792_all.pickle,3,12,21,1,0.0644053369760513,5.35550097993109e-05,1.89280162885552e-05,8.16483066046203e-07,0.0719436481595039,0.708233058452606,4796.137
2379,grass_grid46819_microbe5792_all.pickle,4,11,5,1,0.0746757462620735,4.37468515883666e-05,1.1018604709534e-05,8.20489560737769e-07,0.0433254912495613,0.370002955198288,1171.8749
2380,grass_grid46819_microbe5792_all.pickle,5,12,25,1,0.0840496122837067,2.55212908086833e-05,5.52832352695987e-05,7.32474177311815e-07,0.075380265712738,0.748849511146545,7006.8726
2381,grass_grid46819_microbe5792_all.pickle,6,12,31,1,0.0621788091957569,8.74180623213761e-05,9.37389195314609e-05,9.20103275348083e-07,0.0603429488837719,0.571127593517303,2283.5466
2382,grass_grid46819_microbe5792_all.pickle,7,12,35,1,0.0806875601410866,2.2639891540166e-05,3.88227053917944e-05,5.01430463373254e-07,0.0197854358702898,0.0917895138263702,1420.7227
2383,grass_grid46819_microbe5792_all.pickle,8,12,26,1,0.0597406439483166,8.49911739351228e-05,9.70865512499586e-05,8.84083931396162e-07,0.0498193427920341,0.44675201177597,1448.9886
2384,grass_grid46819_microbe5792_all.pickle,9,12,28,1,0.0609503909945488,7.67599631217308e-05,7.13364279363304e-05,4.35902506978891e-07,0.0407159179449081,0.33916112780571,1580.9435
2385,grass_grid46819_microbe5792_all.pickle,10,12,32,1,0.0880807414650917,4.96294305776246e-05,6.92104003974237e-05,1.82462116526949e-07,0.0854939445853233,0.868380308151245,9691.158
2386,grass_grid46819_microbe5792_all.pickle,11,11,2,1,0.0771041810512543,4.03990634367801e-05,1.6227846572292e-05,5.53103348011064e-07,0.0929554179310799,0.956565380096436,7655.2886
2387,grass_grid46819_microbe5792_all.pickle,12,12,22,1,0.0687120333313942,7.87795215728693e-05,3.87092695746105e-05,1.05833876773431e-07,0.028384443372488,0.193418815732002,4035.5278
2388,grass_grid46819_microbe5792_all.pickle,13,12,37,1,0.0728585794568062,6.06499015702866e-05,6.57121709082276e-05,3.74114051737706e-07,0.0120189879089594,0,3580.8198
2389,grass_grid46819_microbe5792_all.pickle,14,12,31,1,0.0986755862832069,1.82604562724009e-05,2.46919880737551e-05,1.57126152089404e-07,0.021455280482769,0.111524946987629,4827.5796
2390,grass_grid46819_microbe5792_all.pickle,15,12,17,1,0.0563431158661842,5.87424074183218e-05,5.16176041855942e-05,9.85751398729917e-07,0.0914224237203598,0.93844735622406,2294.7673
2391,grass_grid46819_microbe5792_all.pickle,16,12,29,1,0.0794710069894791,3.01532381854486e-05,2.41904090216849e-05,9.541618055664e-07,0.027952428907156,0.188312947750092,3325.823
2392,grass_grid46819_microbe5792_all.pickle,17,12,34,1,0.0663125067949295,4.62721072835848e-05,9.24882479012012e-05,7.07350352513458e-07,0.0860172361135483,0.874564945697784,5244.5146
2393,grass_grid46819_microbe5792_all.pickle,18,12,29,1,0.0521214678883553,6.981982733123e-05,6.28090856480412e-05,5.72326996461925e-07,0.037357721477747,0.299471527338028,609.6736
2394,grass_grid46819_microbe5792_all.pickle,19,12,31,1,0.0963133275508881,3.41766826750245e-05,4.63459764432628e-05,3.04381558180467e-07,0.0966304838657379,1,12088.657
2395,grass_grid46819_microbe5792_all.pickle,20,10,3,1,0.0719796642661095,1.63449658430181e-05,4.48596001660917e-05,3.99551794316721e-07,0.0694262981414795,0.678481221199036,1065.4098
2396,grass_grid46819_microbe5792_all.pickle,21,12,22,1,0.095293365418911,3.8498346839333e-05,7.97075408627279e-05,6.0950674196647e-07,0.0609783008694649,0.578636646270752,6815.041
2397,grass_grid46819_microbe5792_all.pickle,22,11,10,1,0.0515653267502785,7.45776196708903e-05,7.53704953240231e-05,2.66686186023435e-07,0.046844195574522,0.411589533090591,291.35934
2398,grass_grid46819_microbe5792_all.pickle,23,12,23,1,0.0927984416484833,1.0797619324876e-05,8.89934672159143e-05,2.09841758191942e-07,0.055625531822443,0.515373706817627,6227.191
2399,grass_grid46819_microbe5792_all.pickle,24,9,10,1,0.0876034200191498,9.58585806074552e-05,3.02644602925284e-05,3.50840167584465e-07,0.0815988853573799,0.822345674037933,2225.9407
2400,grass_grid46819_microbe5792_all.pickle,25,11,7,1,0.0909712538123131,9.77852905634791e-05,5.83082837692928e-05,6.50094193588302e-07,0.0317896902561188,0.233664482831955,1797.2649
2401,grass_grid46819_microbe5882_all.pickle,1,12,9,1,0.0752215161919594,6.07777510595042e-05,6.63714381516911e-05,5.24890538144973e-07,0.0745477303862572,0.737594723701477,4629.4136
2402,grass_grid46819_microbe5882_all.pickle,2,12,20,1,0.0964640453457832,9.58545642788522e-05,9.78038442553952e-05,3.88930942563093e-07,0.0883079022169113,0.895186901092529,8191.332
2403,grass_grid46819_microbe5882_all.pickle,3,12,18,1,0.0766096115112305,3.46255619660951e-05,5.59261898160912e-05,6.42850807253126e-07,0.068876251578331,0.672640562057495,3662.038
2404,grass_grid46819_microbe5882_all.pickle,4,12,27,1,0.0957887098193169,2.92347613140009e-05,4.29742831329349e-05,4.6089800775917e-07,0.0834948047995567,0.840063571929932,8941.916
2405,grass_grid46819_microbe5882_all.pickle,5,12,27,1,0.0854947343468666,7.02488396200351e-05,2.5200521122315e-05,1.0819899642911e-07,0.0591178126633167,0.560879290103912,6677.3027
2406,grass_grid46819_microbe5882_all.pickle,6,12,21,1,0.0577697567641735,2.42842615989503e-05,9.12240720936097e-05,8.31665261102899e-07,0.0799061879515648,0.798963963985443,1214.8385
2407,grass_grid46819_microbe5882_all.pickle,7,12,13,1,0.0668714344501495,2.5980483769672e-05,1.10004302769084e-05,5.59849695491721e-07,0.0660445764660835,0.640210032463074,1351.7008
2408,grass_grid46819_microbe5882_all.pickle,8,12,32,1,0.0836445391178131,4.34219691669568e-05,6.87886204104871e-05,1.96205235170055e-07,0.0256866160780191,0.177999302744865,4682.897
2409,grass_grid46819_microbe5882_all.pickle,9,12,37,1,0.0811516493558884,7.89528639870696e-05,7.84153526183218e-05,7.83745178978279e-07,0.0639680400490761,0.616427898406982,5089.0337
2410,grass_grid46819_microbe5882_all.pickle,10,10,5,1,0.0643810853362083,7.48425954952836e-05,8.54600293678232e-05,6.02093962243089e-07,0.037251953035593,0.310454517602921,214.98624
2411,grass_grid46819_microbe5882_all.pickle,11,12,32,1,0.087517686188221,4.22793673351407e-05,7.30929386918433e-05,7.38076323614223e-07,0.0185034181922674,0.0957317501306534,5069.8896
2412,grass_grid46819_microbe5882_all.pickle,12,11,16,1,0.0981725379824638,9.25038621062413e-05,2.18624682020163e-05,9.05361901004653e-07,0.0322602316737175,0.253285467624664,2575.0896
2413,grass_grid46819_microbe5882_all.pickle,13,12,9,1,0.0639039278030396,8.24748931336217e-05,6.39469144516625e-05,3.43768022048607e-07,0.0558063201606274,0.522953510284424,521.33093
2414,grass_grid46819_microbe5882_all.pickle,14,11,12,1,0.0536225661635399,3.59088517143391e-05,3.73021939594764e-05,2.47591913193901e-07,0.0101445931941271,0,266.98053
2415,grass_grid46819_microbe5882_all.pickle,15,11,8,1,0.0936116799712181,1.90094633580884e-05,2.84514480881626e-05,2.85629965901535e-07,0.0974596664309502,1,11831.739
2416,grass_grid46819_microbe5882_all.pickle,16,12,40,1,0.0600799545645714,5.98822989559267e-05,5.86189780733548e-05,9.33374110445584e-07,0.022409176453948,0.140463531017303,1063.4447
2417,grass_grid46819_microbe5882_all.pickle,17,12,35,1,0.0582259967923164,6.62712045595981e-05,7.57467569201253e-05,2.29213341640389e-07,0.0442384779453278,0.390469640493393,900.18097
2418,grass_grid46819_microbe5882_all.pickle,18,12,17,1,0.0724387243390083,1.22055944302701e-05,8.72571981744841e-05,1.69405922179067e-07,0.0777913480997086,0.774743139743805,3168.124
2419,grass_grid46819_microbe5882_all.pickle,19,11,10,1,0.0909585654735565,5.21501897310372e-05,1.73016396729508e-05,7.09542177901312e-07,0.0525398664176464,0.485543549060822,4824.026
2420,grass_grid46819_microbe5882_all.pickle,20,11,2,1,0.0895554050803185,8.65333568071947e-05,9.41079997573979e-05,3.60359308615443e-07,0.040179081261158,0.343978255987167,3009.704
2421,grass_grid46819_microbe5882_all.pickle,21,11,12,1,0.0541681423783302,1.65732599270996e-05,3.26735462294891e-05,7.87577448591037e-07,0.0160758644342422,0.0679295212030411,156.88994
2422,grass_grid46819_microbe5882_all.pickle,22,12,32,1,0.0682586804032326,9.97191891656257e-05,5.12656079081353e-05,9.91705292108236e-07,0.0473675616085529,0.426306307315826,3604.6199
2423,grass_grid46819_microbe5882_all.pickle,23,12,8,1,0.0700661614537239,7.28370214346796e-05,4.10193533753045e-05,4.35593932479605e-07,0.0311175584793091,0.24019867181778,853.3154
2424,grass_grid46819_microbe5882_all.pickle,24,12,35,1,0.0508184805512428,5.37007072125562e-05,1.52206685015699e-05,6.38113135664753e-07,0.0931445434689522,0.950579881668091,1262.0027
2425,grass_grid46819_microbe5882_all.pickle,25,12,38,1,0.078815832734108,4.89221747557167e-05,4.60113114968408e-05,8.81711855527101e-07,0.0920743718743324,0.938323438167572,7740.304
2426,grass_grid46819_microbe8141_all.pickle,1,12,38,1,0.0838221237063408,7.08766965544783e-05,3.1059007596923e-05,8.86631426055828e-07,0.0607364773750305,0.564866900444031,7004.257
2427,grass_grid46819_microbe8141_all.pickle,2,9,0,1,0.0624021142721176,7.53376370994374e-05,1.07811401903746e-05,4.8723217105362e-07,0.0821070298552513,0.806238114833832,578.2487
2428,grass_grid46819_microbe8141_all.pickle,3,10,8,1,0.0807001739740372,8.27048934297636e-05,6.67108688503504e-05,1.66674212209728e-07,0.0992623418569565,1,143.56143
2429,grass_grid46819_microbe8141_all.pickle,4,12,12,1,0.090537391602993,8.70247313287109e-05,3.97684380004648e-05,9.05592969502322e-07,0.0398782677948475,0.329282402992249,6379.3457
2430,grass_grid46819_microbe8141_all.pickle,5,10,13,1,0.0524818450212479,2.89828021777794e-05,7.82864372013137e-05,6.01421163537452e-07,0.0263483598828316,0.176467910408974,14.220172
2431,grass_grid46819_microbe8141_all.pickle,6,12,39,1,0.0887427106499672,1.59572264237795e-05,9.56591247813776e-05,3.53375185113691e-07,0.0372875221073627,0.300021052360535,5519.957
2432,grass_grid46819_microbe8141_all.pickle,7,12,4,1,0.0724505111575127,9.86615050351247e-05,4.57081150671002e-05,9.42865597153286e-07,0.0526977404952049,0.474072843790054,1922.6382
2433,grass_grid46819_microbe8141_all.pickle,8,11,10,1,0.0598007291555405,2.64908048848156e-05,7.96793101471849e-05,5.4480000244439e-07,0.0947503075003624,0.949038505554199,47.803253
2434,grass_grid46819_microbe8141_all.pickle,9,12,37,1,0.0547772459685802,9.33091650949791e-05,2.34284107136773e-05,4.03965941586648e-07,0.0703577026724815,0.673534512519836,2462.0564
2435,grass_grid46819_microbe8141_all.pickle,10,12,29,1,0.0871231555938721,4.25453399657272e-05,5.54573816771153e-05,6.97138773375627e-07,0.0303380861878395,0.221530139446259,4708.7334
2436,grass_grid46819_microbe8141_all.pickle,11,9,8,1,0.0845654159784317,4.79231384815648e-05,8.91699673957191e-05,4.36588550201122e-07,0.0493386089801788,0.436132878065109,0.8762315
2437,grass_grid46819_microbe8141_all.pickle,12,12,35,1,0.0976967364549637,1.3249683433969e-05,6.95203998475336e-05,9.92943000710511e-07,0.0151415374130011,0.0498916655778885,5024.6274
2438,grass_grid46819_microbe8141_all.pickle,13,11,13,1,0.0656082257628441,5.8089350204682e-05,2.5940596970031e-05,1.07130524895638e-07,0.0178261287510395,0.0802129730582237,1031.5929
2439,grass_grid46819_microbe8141_all.pickle,14,12,29,1,0.0515681728720665,8.01605565357022e-05,9.91886336123571e-05,1.75845613625825e-07,0.0536928027868271,0.485311627388,352.57422
2440,grass_grid46819_microbe8141_all.pickle,15,12,34,1,0.0694436505436897,8.95902485353872e-05,6.02548279857729e-05,8.21783828541811e-07,0.0107242232188582,0,4495.827
2441,grass_grid46819_microbe8141_all.pickle,16,12,15,1,0.0947386547923088,2.0205634427839e-05,7.23394332453609e-05,7.18431806490116e-07,0.0752740800380707,0.729062914848328,8635.792
2442,grass_grid46819_microbe8141_all.pickle,17,12,21,1,0.0616493299603462,5.54534817638341e-05,4.65840312244836e-05,3.439629949753e-07,0.0445338860154152,0.381865590810776,1448.6033
2443,grass_grid46819_microbe8141_all.pickle,18,10,8,1,0.0780352130532265,6.35292453807779e-05,9.07736539375037e-05,5.14641271820437e-07,0.0321581326425076,0.242086783051491,1664.5035
2444,grass_grid46819_microbe8141_all.pickle,19,11,3,1,0.0701538026332855,6.40356374788098e-05,1.88464910024777e-05,6.08417735747935e-07,0.0569792166352272,0.522430241107941,735.4092
2445,grass_grid46819_microbe8141_all.pickle,20,12,23,1,0.056197140365839,3.44660948030651e-05,8.28124539111741e-05,2.11173315278756e-07,0.0239206068217754,0.14904747903347,521.8088
2446,grass_grid46819_microbe8141_all.pickle,21,10,10,1,0.0998895540833473,4.1105999116553e-05,5.15992687724065e-05,7.60735758831288e-07,0.0877351760864258,0.869805634021759,8537.212
2447,grass_grid46819_microbe8141_all.pickle,22,12,36,1,0.0924084335565567,2.25072471948806e-05,3.25027867802419e-05,6.65385016418441e-07,0.0663669183850288,0.628460347652435,7743.602
2448,grass_grid46819_microbe8141_all.pickle,23,11,6,1,0.07551209628582,7.43784985388629e-05,3.80132987629622e-05,2.66549136540561e-07,0.0728578865528107,0.701773047447205,4226.387
2449,grass_grid46819_microbe8141_all.pickle,24,12,24,1,0.0767880156636238,3.82428006560076e-05,1.69167778949486e-05,2.92967257564669e-07,0.0801296234130859,0.783904194831848,7802.056
2450,grass_grid46819_microbe8141_all.pickle,25,12,33,1,0.0679823309183121,5.12254555360414e-05,6.0786958783865e-05,7.87344731634221e-07,0.0899398699402809,0.894706666469574,6489.966
2451,grass_grid46819_microbe8417_all.pickle,1,12,38,1,0.0516633652150631,4.42259915871546e-05,7.26988728274591e-05,4.58417247273246e-07,0.0416900180280209,0.339343845844269,383.86575
2452,grass_grid46819_microbe8417_all.pickle,2,12,30,1,0.0612809993326664,9.52859045355581e-05,3.63784056389704e-05,6.82587710798543e-07,0.0954776853322983,0.95316219329834,3357.4448
2453,grass_grid46819_microbe8417_all.pickle,3,12,31,1,0.0533488318324089,1.85254230018472e-05,9.8693577456288e-05,1.8419305547468e-07,0.0574911870062351,0.519664883613586,320.81665
2454,grass_grid46819_microbe8417_all.pickle,4,12,11,1,0.0834377482533455,8.94084223546088e-05,9.35272837523371e-05,5.22557229487575e-07,0.0536638088524342,0.47598734498024,5168.6562
2455,grass_grid46819_microbe8417_all.pickle,5,12,33,1,0.0748557075858116,5.29930257471278e-05,6.35622709523886e-05,2.08092501452484e-07,0.0217466317117214,0.111752331256866,1512.1077
2456,grass_grid46819_microbe8417_all.pickle,6,12,8,1,0.0720934346318245,5.5244341638172e-05,1.13868736661971e-05,3.24196832934831e-07,0.0362342298030853,0.277083039283752,1153.9946
2457,grass_grid46819_microbe8417_all.pickle,7,10,1,1,0.0798772573471069,3.81483951059636e-05,3.36701086780522e-05,7.47700653391803e-07,0.0119540002197027,0,956.1992
2458,grass_grid46819_microbe8417_all.pickle,8,12,18,1,0.0981117859482765,6.92865578457713e-05,4.41481970483437e-05,8.23207017219829e-07,0.0995819866657257,1,10582.737
2459,grass_grid46819_microbe8417_all.pickle,9,12,27,1,0.0977190136909485,4.79342415928841e-05,8.17768668639474e-05,8.82333495155763e-07,0.0635472387075424,0.588775813579559,7074.0376
2460,grass_grid46819_microbe8417_all.pickle,10,12,13,1,0.0693924650549889,4.08021805924363e-05,4.07600418839138e-05,8.14128782167245e-07,0.031284648925066,0.220599040389061,787.98083
2461,grass_grid46819_microbe8417_all.pickle,11,12,20,1,0.0847705528140068,6.03943335590884e-05,2.94436722469982e-05,3.63501328592974e-07,0.0436208136379719,0.361377865076065,5571.8203
2462,grass_grid46819_microbe8417_all.pickle,12,12,16,1,0.088910847902298,2.88344872387825e-05,4.63429096271284e-05,2.94666619993222e-07,0.0851992443203926,0.83586585521698,8625.988
2463,grass_grid46819_microbe8417_all.pickle,13,11,10,1,0.0567390881478786,9.78569660219364e-05,6.57196360407397e-05,9.59638214226288e-07,0.0526810325682163,0.464772015810013,672.9281
2464,grass_grid46819_microbe8417_all.pickle,14,12,24,1,0.092289999127388,3.33891366608441e-05,5.26463918504305e-05,7.72989778852207e-07,0.0686559826135635,0.647076189517975,6653.663
2465,grass_grid46819_microbe8417_all.pickle,15,12,27,1,0.0949711054563522,7.43922864785418e-05,8.88338763616048e-05,1.15306939107995e-07,0.0857007130980492,0.84158855676651,8498.452
2466,grass_grid46819_microbe8417_all.pickle,16,12,10,1,0.0706396326422691,1.34929878186085e-05,2.08912642847281e-05,5.6292793715329e-07,0.0464165769517422,0.393282800912857,1072.8885
2467,grass_grid46819_microbe8417_all.pickle,17,10,4,1,0.0587018504738808,8.45920585561544e-05,1.95106331375428e-05,5.68366260722541e-07,0.0251397304236889,0.150473967194557,1.0554262
2468,grass_grid46819_microbe8417_all.pickle,18,12,19,1,0.0648316293954849,6.27300323685631e-05,8.29396303743124e-05,1.67263664252459e-07,0.0157216414809227,0.0429958663880825,378.242
2469,grass_grid46819_microbe8417_all.pickle,19,12,27,1,0.0769039243459702,8.69302821229212e-05,2.56671155511867e-05,9.04766977782856e-07,0.0915286093950272,0.908095836639404,7094.364
2470,grass_grid46819_microbe8417_all.pickle,20,7,4,1,0.0669275224208832,7.73980500525795e-05,1.50932073665899e-05,2.72144717428091e-07,0.064598560333252,0.600773334503174,216.09036
2471,grass_grid46819_microbe8417_all.pickle,21,12,26,1,0.0806803703308105,7.98681285232306e-05,7.65002914704382e-05,4.13667578413879e-07,0.0324007123708725,0.233335420489311,2729.2942
2472,grass_grid46819_microbe8417_all.pickle,22,10,2,1,0.0635663717985153,2.10411762964213e-05,6.91764580551535e-05,4.86838416691171e-07,0.020021939650178,0.0920703560113907,158.81958
2473,grass_grid46819_microbe8417_all.pickle,23,12,11,1,0.0863974913954735,1.61669941007858e-05,5.95101046201307e-05,6.59260251723026e-07,0.0763057842850685,0.734374761581421,6504.82
2474,grass_grid46819_microbe8417_all.pickle,24,12,40,1,0.0559057258069515,2.65990856860299e-05,9.07177236513235e-05,6.39751078779227e-07,0.0814312249422073,0.792865693569183,684.6497
2475,grass_grid46819_microbe8417_all.pickle,25,12,21,1,0.0919073447585106,6.59428260405548e-05,5.48590251128189e-05,9.95568257167179e-07,0.0728489905595779,0.694926261901855,7564.1587
2476,grass_grid46819_microbe9200_all.pickle,1,12,29,1,0.0761917382478714,2.64800182776526e-05,6.92491521476768e-05,9.19802857879404e-07,0.0789879411458969,0.783292353153229,6124.43
2477,grass_grid46819_microbe9200_all.pickle,2,12,25,1,0.0998472794890404,1.1589853784244e-05,1.26511067719548e-05,4.00746387185791e-07,0.0611371621489525,0.571572542190552,6862.505
2478,grass_grid46819_microbe9200_all.pickle,3,12,38,1,0.0833020955324173,9.70289620454423e-05,1.88160065590637e-05,5.1814799917338e-07,0.0963202267885208,0.988862574100494,6605.058
2479,grass_grid46819_microbe9200_all.pickle,4,12,32,1,0.0603264272212982,1.89734982996015e-05,8.50095239002258e-05,3.25357717656516e-07,0.0129460403695703,0,728.9369
2480,grass_grid46819_microbe9200_all.pickle,5,9,8,1,0.0518251582980156,1.42698463605484e-05,5.39871944056358e-05,4.74331443456322e-07,0.0972592607140541,1,653.0781
2481,grass_grid46819_microbe9200_all.pickle,6,12,16,1,0.0733184218406677,2.4086637495202e-05,2.43610229517799e-05,8.65079016421078e-07,0.0887412205338478,0.898971498012543,7136.9316
2482,grass_grid46819_microbe9200_all.pickle,7,12,30,1,0.0931576564908028,5.58171232114546e-05,6.55809999443591e-05,1.31399573888302e-07,0.0541387535631657,0.488567680120468,6126.1685
2483,grass_grid46819_microbe9200_all.pickle,8,12,16,1,0.0553998090326786,5.19502682436723e-05,3.57378667104058e-05,2.243297529958e-07,0.026977751404047,0.166423618793488,598.0326
2484,grass_grid46819_microbe9200_all.pickle,9,12,19,1,0.0913945734500885,4.48997052444611e-05,8.74753241077997e-05,9.48906460962462e-07,0.0839757472276688,0.842450380325317,8110.4814
2485,grass_grid46819_microbe9200_all.pickle,10,12,36,1,0.069240391254425,4.80208364024293e-05,9.32317998376675e-05,6.26919415935845e-07,0.0198217127472162,0.081549160182476,2295.6
2486,grass_grid46819_microbe9200_all.pickle,11,12,24,1,0.0705257952213287,3.71923015336506e-05,3.91271169064566e-05,6.91417938014638e-07,0.0356621704995632,0.269425481557846,1539.7509
2487,grass_grid46819_microbe9200_all.pickle,12,11,0,1,0.0657556653022766,5.80421583435964e-05,2.88008013740182e-05,4.54780547443079e-07,0.0490139164030552,0.427784353494644,1257.5376
2488,grass_grid46819_microbe9200_all.pickle,13,12,35,1,0.079492375254631,7.55755754653364e-05,4.74183871119749e-05,1.70741429883492e-07,0.0455190502107143,0.386333376169205,5461.1953
2489,grass_grid46819_microbe9200_all.pickle,14,12,28,1,0.059554897248745,3.48926078004297e-05,9.93329740595073e-05,5.51102573354001e-07,0.0137779358774424,0.00986672658473253,703.95917
2490,grass_grid46819_microbe9200_all.pickle,15,12,20,1,0.0560047179460526,6.64996841805987e-05,4.52351196145173e-05,7.55329779167369e-07,0.0397913940250874,0.318400293588638,712.1613
2491,grass_grid46819_microbe9200_all.pickle,16,12,23,1,0.0534239783883095,2.92932654701872e-05,1.51796621139511e-05,1.91534510918245e-07,0.0736422762274742,0.719889879226685,982.2145
2492,grass_grid46819_microbe9200_all.pickle,17,7,2,1,0.0979914218187332,6.32645969744772e-05,7.38164744689129e-05,6.53674135264737e-07,0.058907188475132,0.545123875141144,5.362688
2493,grass_grid46819_microbe9200_all.pickle,18,7,2,1,0.0663361996412277,8.79904473549686e-05,7.5572490459308e-05,7.44913791095314e-07,0.0904413238167763,0.919135630130768,40.279827
2494,grass_grid46819_microbe9200_all.pickle,19,10,1,1,0.0620992705225945,4.07451334467623e-05,5.73791876377072e-05,8.01116584625561e-07,0.0650896802544594,0.618451535701752,534.20496
2495,grass_grid46819_microbe9200_all.pickle,20,12,32,1,0.0859812051057816,7.44814678910188e-05,6.29005953669548e-05,9.72555881162407e-07,0.0240822676569223,0.132081627845764,5125.4116
2496,grass_grid46819_microbe9200_all.pickle,21,12,10,1,0.0742342621088028,8.41280416352674e-05,5.2657320338767e-05,2.78442456647099e-07,0.0783730670809746,0.77599960565567,4925.134
2497,grass_grid46819_microbe9200_all.pickle,22,12,26,1,0.0887624025344849,8.16352621768601e-05,3.47769746440463e-05,8.49378352540953e-07,0.050738587975502,0.448239892721176,6011.587
2498,grass_grid46819_microbe9200_all.pickle,23,12,27,1,0.0874026417732239,9.51243491726927e-05,9.25753265619278e-05,5.74241710182832e-07,0.0711013600230217,0.689753293991089,6215.617
2499,grass_grid46819_microbe9200_all.pickle,24,10,13,1,0.0943076908588409,7.00451637385413e-05,7.84887888585217e-05,3.69922787513133e-07,0.0308340210467577,0.212161034345627,284.743
2500,grass_grid46819_microbe9200_all.pickle,25,11,13,1,0.081481359899044,9.10836097318679e-05,2.74629164778162e-05,2.87362126982771e-07,0.0334109999239445,0.242725402116776,4230.6235
2501,moist_grid46819_microbe100_all.pickle,1,12,3,1,0.0957247093319893,6.08072332397569e-05,9.40831960178912e-05,6.06601474828494e-07,0.0255980584770441,0.157916486263275,6684.2363
2502,moist_grid46819_microbe100_all.pickle,2,12,19,1,0.0530360452830791,5.1179882575525e-05,2.15798427234404e-05,9.19783985864342e-07,0.0118996938690543,0,940.62103
2503,moist_grid46819_microbe100_all.pickle,3,11,10,1,0.076027475297451,3.305505742901e-05,6.73543981974944e-05,4.19612575797146e-07,0.0201448276638985,0.0950509458780289,1790.8577
2504,moist_grid46819_microbe100_all.pickle,4,12,21,1,0.0862932354211807,6.57330601825379e-05,4.79263180750422e-05,4.36041204920912e-07,0.0394497066736221,0.317600041627884,7393.1636
2505,moist_grid46819_microbe100_all.pickle,5,9,9,1,0.0658157616853714,3.92673937312793e-05,3.61446291208267e-05,7.92123216797336e-07,0.0226089842617512,0.123458057641983,195.28343
2506,moist_grid46819_microbe100_all.pickle,6,12,15,1,0.0924843475222588,9.20198363019153e-05,5.03953706356697e-05,6.69982512135903e-07,0.0718515813350677,0.691132962703705,8644.196
2507,moist_grid46819_microbe100_all.pickle,7,12,30,1,0.0557570829987526,1.66870904649841e-05,1.54440076585161e-05,3.36991121230312e-07,0.0857463106513023,0.851313173770905,1424.0266
2508,moist_grid46819_microbe100_all.pickle,8,12,28,1,0.0975749120116234,7.6535165135283e-05,3.07973277813289e-05,7.72687542394124e-07,0.0558406263589859,0.506556630134583,8020.031
2509,moist_grid46819_microbe100_all.pickle,9,12,40,1,0.0988424569368362,1.0608707270876e-05,6.38095443719067e-05,1.64677047109762e-07,0.0927412211894989,0.931951403617859,9702.518
2510,moist_grid46819_microbe100_all.pickle,10,12,19,1,0.0907434150576591,3.10886462102644e-05,5.55670812900644e-05,2.87355362615926e-07,0.0849296152591705,0.841898202896118,8121.94
2511,moist_grid46819_microbe100_all.pickle,11,10,11,1,0.0805803164839745,9.95089649222791e-05,3.47506793332286e-05,8.79616436577635e-07,0.0290876422077417,0.198144868016243,851.6971
2512,moist_grid46819_microbe100_all.pickle,12,12,37,1,0.0590456426143646,4.75246306450572e-05,8.75135956448503e-05,3.85529176583077e-07,0.0374001301825047,0.293972253799438,1772.5574
2513,moist_grid46819_microbe100_all.pickle,13,9,7,1,0.060179341584444,1.93284067790955e-05,9.03821346582845e-05,5.84692429583811e-07,0.0661579519510269,0.625496089458466,21.100157
2514,moist_grid46819_microbe100_all.pickle,14,12,3,1,0.0887892320752144,4.30157779192086e-05,7.40033210604452e-05,2.53323577226183e-07,0.0607015378773212,0.562593817710876,7022.879
2515,moist_grid46819_microbe100_all.pickle,15,12,9,1,0.085213877260685,2.39249038713751e-05,9.99527910607867e-05,5.02268051150168e-07,0.068816103041172,0.656139552593231,7211.578
2516,moist_grid46819_microbe100_all.pickle,16,9,6,1,0.0636097937822342,7.46246878406964e-05,7.86581222200766e-05,1.2115212655317e-07,0.0778291746973991,0.760043442249298,1838.4001
2517,moist_grid46819_microbe100_all.pickle,17,12,31,1,0.0707908496260643,9.63195852818899e-05,8.46487237140536e-05,8.30452449918084e-07,0.0507704801857471,0.448107361793518,4233.787
2518,moist_grid46819_microbe100_all.pickle,18,12,19,1,0.0508698150515556,5.56156264792662e-05,1.00793740784866e-05,2.37290208815466e-07,0.0986440554261208,1,1422.8094
2519,moist_grid46819_microbe100_all.pickle,19,8,8,1,0.0668592751026154,5.68104151170701e-05,5.75593985558953e-05,9.88365741250163e-07,0.0431473925709724,0.360227435827255,28.248379
2520,moist_grid46819_microbe100_all.pickle,20,9,1,1,0.083902046084404,2.74683334282599e-05,4.53545981144998e-05,7.03048158356978e-07,0.0793739855289459,0.777852177619934,5167.426
2521,moist_grid46819_microbe100_all.pickle,21,7,4,1,0.0684470683336258,3.74370320059825e-05,6.91692985128611e-05,9.34780985062389e-07,0.0587419904768467,0.540003955364227,13.027137
2522,moist_grid46819_microbe100_all.pickle,22,12,20,1,0.0730580762028694,8.54865502333269e-05,7.68535828683525e-05,1.9422853370088e-07,0.0928722694516182,0.933462142944336,7070.439
2523,moist_grid46819_microbe100_all.pickle,23,12,9,1,0.0794932991266251,6.91676759743132e-05,3.99971795559395e-05,4.83107783111336e-07,0.0163162294775248,0.0509143844246864,5308.3384
2524,moist_grid46819_microbe100_all.pickle,24,12,31,1,0.0741647109389305,8.6546438978985e-05,2.48891665250994e-05,7.20493972039549e-07,0.047796968370676,0.413828313350677,5789.537
2525,moist_grid46819_microbe100_all.pickle,25,12,18,1,0.0568481832742691,7.98763940110803e-05,1.75441800820408e-05,5.33388913481758e-07,0.033577736467123,0.249907210469246,1087.4406
2526,moist_grid46819_microbe1089_all.pickle,1,10,10,1,0.0894577726721764,5.25055256730411e-05,1.96043238247512e-05,8.03478258148971e-07,0.095830462872982,0.970211327075958,1619.8602
2527,moist_grid46819_microbe1089_all.pickle,2,8,2,1,0.05068539083004,8.54857717058621e-05,3.01298132399097e-05,5.09746030274982e-07,0.0435574762523174,0.355339735746384,212.49681
2528,moist_grid46819_microbe1089_all.pickle,3,11,7,1,0.0651691034436226,2.0878092982457e-05,2.15656291402411e-05,8.99108727026032e-07,0.0184786673635244,0.0603451654314995,1555.9418
2529,moist_grid46819_microbe1089_all.pickle,4,12,24,1,0.08082465082407,7.40399773349054e-05,2.6004387109424e-05,7.01459498486656e-07,0.0874809175729752,0.871998131275177,6805.7334
2530,moist_grid46819_microbe1089_all.pickle,5,10,2,1,0.0628209412097931,2.93398916255683e-05,7.61178380344063e-05,8.50582182465587e-07,0.0595530308783054,0.543490648269653,39.462822
2531,moist_grid46819_microbe1089_all.pickle,6,12,12,1,0.0869793742895126,1.19054684546427e-05,6.56510746921413e-05,3.96453771145389e-07,0.0380422696471214,0.290466010570526,6365.944
2532,moist_grid46819_microbe1089_all.pickle,7,10,16,1,0.0853130295872688,8.89328875928186e-05,4.67927638965193e-05,9.87246380645956e-07,0.0140519766137004,0.00827531982213259,5932.531
2533,moist_grid46819_microbe1089_all.pickle,8,12,36,1,0.0662829726934433,6.25028478680179e-05,8.57251943671145e-05,1.20660686775409e-07,0.0643684938549995,0.600133538246155,3607.5725
2534,moist_grid46819_microbe1089_all.pickle,9,12,27,1,0.06991046667099,1.5395844457089e-05,8.17501713754609e-05,8.86994200754998e-07,0.0617575384676456,0.569421648979187,3915.6946
2535,moist_grid46819_microbe1089_all.pickle,10,12,29,1,0.0572124049067497,4.44548059022054e-05,3.19557657348923e-05,3.39135084459485e-07,0.0313146561384201,0.211331084370613,881.3025
2536,moist_grid46819_microbe1089_all.pickle,11,9,8,1,0.0704658105969429,6.47678098175675e-05,5.49210926692467e-05,9.62364083534339e-07,0.075243666768074,0.728055000305176,835.85016
2537,moist_grid46819_microbe1089_all.pickle,12,12,27,1,0.0735455676913261,5.32390986336395e-05,6.87478313921019e-05,6.48341767828242e-07,0.027734387665987,0.169217452406883,5134.39
2538,moist_grid46819_microbe1089_all.pickle,13,12,13,1,0.0743017122149467,6.90000233589672e-05,5.19906061526854e-05,1.766267274661e-07,0.0810519829392433,0.796376466751099,6889.5293
2539,moist_grid46819_microbe1089_all.pickle,14,11,17,1,0.0970563590526581,1.72039508470334e-05,8.54026002343744e-05,3.77798897943649e-07,0.0409194193780422,0.324309051036835,6370.8877
2540,moist_grid46819_microbe1089_all.pickle,15,7,3,1,0.0798575058579445,3.37791643687524e-05,6.38476412859745e-05,7.48833542729699e-07,0.0916322469711304,0.920828998088837,1256.8289
2541,moist_grid46819_microbe1089_all.pickle,16,12,33,1,0.0944391936063766,2.70690197794465e-05,9.41124962992035e-05,1.50498266293653e-07,0.0836769491434097,0.82725316286087,8575.671
2542,moist_grid46819_microbe1089_all.pickle,17,12,2,1,0.0601995326578617,5.72579665458761e-05,1.15113571155234e-05,4.42568079961347e-07,0.0738642364740372,0.71182918548584,1455.2694
2543,moist_grid46819_microbe1089_all.pickle,18,12,16,1,0.0535696782171726,8.92437237780541e-05,1.50837076944299e-05,4.85627310808923e-07,0.0331921391189098,0.233415350317955,1537.6598
2544,moist_grid46819_microbe1089_all.pickle,19,12,34,1,0.0771297365427017,9.71441841102205e-05,9.15615019039251e-05,2.1788990522964e-07,0.0237129963934422,0.121915020048618,5727.8643
2545,moist_grid46819_microbe1089_all.pickle,20,11,10,1,0.0824495404958725,4.72350584459491e-05,7.30644605937414e-05,6.01748183726158e-07,0.0693934857845306,0.659241020679474,7559.6323
2546,moist_grid46819_microbe1089_all.pickle,21,10,7,1,0.0557830482721329,3.97261901525781e-05,3.71778332919348e-05,2.67763425654266e-07,0.0983629301190376,1,1010.37897
2547,moist_grid46819_microbe1089_all.pickle,22,12,11,1,0.0991965755820274,9.38924858928658e-05,4.36361515312456e-05,2.83694760128128e-07,0.0133484546095133,0,6845.7954
2548,moist_grid46819_microbe1089_all.pickle,23,12,40,1,0.093082882463932,7.97137035988271e-05,4.06207182095386e-05,6.14867587955814e-07,0.0536240115761757,0.473749399185181,6937.1406
2549,moist_grid46819_microbe1089_all.pickle,24,12,13,1,0.090387724339962,7.48779493733309e-05,5.78140970901586e-05,5.5228917972272e-07,0.0463212728500366,0.387849479913712,7121.7324
2550,moist_grid46819_microbe1089_all.pickle,25,12,23,1,0.0594676658511162,3.81853278668132e-05,9.74085778580047e-05,7.41712597118749e-07,0.0509139411151409,0.441871613264084,1293.1212
2551,moist_grid46819_microbe13089_all.pickle,1,12,16,1,0.0517958104610443,7.90054109529592e-05,4.62128227809444e-05,2.87468139958946e-07,0.0380596518516541,0.319081515073776,209.91528
2552,moist_grid46819_microbe13089_all.pickle,2,6,3,1,0.0525042340159416,5.62582863494754e-05,7.97679167590104e-05,2.25035066137025e-07,0.06297218054533,0.604975700378418,30.999395
2553,moist_grid46819_microbe13089_all.pickle,3,12,16,1,0.0740296542644501,2.12968170671957e-05,5.17461958224885e-05,6.39512734323944e-07,0.0920200869441032,0.938327193260193,7247.9556
2554,moist_grid46819_microbe13089_all.pickle,4,6,3,1,0.0681481137871742,3.8965492421994e-05,2.0983154172427e-05,6.64395997773681e-07,0.0790789276361465,0.789815425872803,1.5672482
2555,moist_grid46819_microbe13089_all.pickle,5,8,6,1,0.0925840362906456,9.49038658291101e-05,5.56411505385768e-05,1.50736795490047e-07,0.0571343414485455,0.537981152534485,13.524258
2556,moist_grid46819_microbe13089_all.pickle,6,12,24,1,0.0574979782104492,9.00954473763704e-05,6.84774058754556e-05,2.53895876767274e-07,0.0158979203552008,0.0647552534937859,1847.5294
2557,moist_grid46819_microbe13089_all.pickle,7,12,27,1,0.0913419052958488,4.79040827485733e-05,6.35411633993499e-05,5.1259434030726e-07,0.0826165825128555,0.830413281917572,9707.6
2558,moist_grid46819_microbe13089_all.pickle,8,12,17,1,0.0628038793802261,2.74889098363928e-05,4.15740032622125e-05,8.49187699714093e-07,0.0541392117738724,0.503609240055084,2487.03
2559,moist_grid46819_microbe13089_all.pickle,9,12,25,1,0.0585008412599564,7.14484995114617e-05,9.0009685663972e-05,7.52345670207433e-07,0.0276684705168009,0.199833139777184,3173.2244
2560,moist_grid46819_microbe13089_all.pickle,10,12,16,1,0.0802837610244751,1.29889085656032e-05,9.69278044067323e-05,4.43007792227945e-07,0.0748130530118942,0.74086058139801,7123.7427
2561,moist_grid46819_microbe13089_all.pickle,11,12,18,1,0.0605661682784557,5.15231913595926e-05,5.93747172388248e-05,8.92854018275102e-07,0.0238698925822973,0.156240969896317,885.9941
2562,moist_grid46819_microbe13089_all.pickle,12,12,30,1,0.0861667096614838,4.54434812127147e-05,4.54390828963369e-05,7.47211856833019e-07,0.0865894705057144,0.876005828380585,9703.676
2563,moist_grid46819_microbe13089_all.pickle,13,12,28,1,0.0557042397558689,3.83178521587979e-05,2.55009581451304e-05,9.74598492575751e-07,0.0524852760136127,0.484628826379776,939.9454
2564,moist_grid46819_microbe13089_all.pickle,14,11,12,1,0.0763136297464371,6.64477920508943e-05,8.66714617586695e-05,3.95838043232288e-07,0.0326160602271557,0.256611287593842,1519.4678
2565,moist_grid46819_microbe13089_all.pickle,15,12,33,1,0.079319529235363,2.04717525775777e-05,3.00423853332177e-05,8.05555998795171e-07,0.0102552138268948,0,6054.73
2566,moist_grid46819_microbe13089_all.pickle,16,12,34,1,0.0989063382148743,3.10562500089873e-05,3.30337643390521e-05,1.12542181796016e-07,0.0692035704851151,0.676486670970917,10058.215
2567,moist_grid46819_microbe13089_all.pickle,17,12,15,1,0.0892982333898544,8.53187448228709e-05,6.56021147733554e-05,6.84582346366369e-07,0.0973941907286644,1,10642.726
2568,moist_grid46819_microbe13089_all.pickle,18,12,24,1,0.096062034368515,6.90357046551071e-05,7.17934817657806e-05,6.02118518600037e-07,0.0431317575275898,0.377288609743118,8785.353
2569,moist_grid46819_microbe13089_all.pickle,19,10,7,1,0.083009347319603,3.34337782987859e-05,1.85745229828171e-05,3.76638837451537e-07,0.0193622559309006,0.104511693120003,81.0934
2570,moist_grid46819_microbe13089_all.pickle,20,11,8,1,0.0940928682684898,8.61390944919549e-05,7.71318300394341e-05,1.95733576902057e-07,0.0665786787867546,0.646363615989685,7368.803
2571,moist_grid46819_microbe13089_all.pickle,21,10,1,1,0.0711434110999107,6.0630714870058e-05,1.1229953088332e-05,8.72639589033497e-07,0.0735859125852585,0.726778030395508,3928.2014
2572,moist_grid46819_microbe13089_all.pickle,22,12,35,1,0.0655462816357613,1.60711097123567e-05,9.60849865805358e-05,5.64126082736038e-07,0.041974775493145,0.364011168479919,2273.0881
2573,moist_grid46819_microbe13089_all.pickle,23,12,17,1,0.0736720040440559,7.68481841078028e-05,8.51559525472112e-05,4.78946560633631e-07,0.0939690917730331,0.960693776607513,5838.634
2574,moist_grid46819_microbe13089_all.pickle,24,12,27,1,0.0675325095653534,5.86647001910023e-05,1.55370362335816e-05,3.43674315672615e-07,0.0490136817097664,0.444789081811905,3704.5295
2575,moist_grid46819_microbe13089_all.pickle,25,11,3,1,0.085148811340332,9.97045644908212e-05,3.76150310330559e-05,9.60217676038155e-07,0.0287538766860962,0.212289184331894,7420.786
2576,moist_grid46819_microbe410_all.pickle,1,12,21,1,0.0598598122596741,4.47452439402696e-05,7.9186815128196e-05,3.65611271035959e-07,0.0620124414563179,0.574473202228546,2066.1614
2577,moist_grid46819_microbe410_all.pickle,2,9,8,1,0.0933289527893066,6.72495807521045e-05,7.70095502957702e-05,5.55987242023548e-07,0.0121461218222976,0,4620.8545
2578,moist_grid46819_microbe410_all.pickle,3,10,10,1,0.0535465776920319,7.73677020333707e-05,3.06361762341112e-05,4.10839874120938e-07,0.0828068554401398,0.814030349254608,25.886694
2579,moist_grid46819_microbe410_all.pickle,4,12,23,1,0.0990713760256767,1.81369305209955e-05,4.76656823593657e-05,6.61576109450834e-07,0.0527694635093212,0.4679916203022,7322.0615
2580,moist_grid46819_microbe410_all.pickle,5,12,35,1,0.0742207914590836,8.60659420141019e-05,6.0125945310574e-05,5.93139020566014e-07,0.0590109601616859,0.539895296096802,3117.5425
2581,moist_grid46819_microbe410_all.pickle,6,12,28,1,0.0708776786923409,5.36624538653996e-05,1.33959229060565e-05,7.57222778702271e-07,0.0989496856927872,1,4798.651
2582,moist_grid46819_microbe410_all.pickle,7,12,23,1,0.0646673291921616,4.84098054585047e-05,9.22383042052388e-05,8.08496338322584e-07,0.0459606572985649,0.389552384614944,3244.822
2583,moist_grid46819_microbe410_all.pickle,8,12,35,1,0.0835635289549828,9.32789698708802e-05,6.0530273913173e-05,2.37431621030737e-07,0.0271460004150867,0.172802567481995,5347.5513
2584,moist_grid46819_microbe410_all.pickle,9,12,37,1,0.0972125381231308,9.82254277914762e-05,5.56409031560179e-05,4.75617980555398e-07,0.0387388169765472,0.306354880332947,5940.0054
2585,moist_grid46819_microbe410_all.pickle,10,6,3,1,0.0782622322440147,3.3873238862725e-05,4.48540849902201e-05,2.54208714522974e-07,0.079004243016243,0.770223200321198,3116.6387
2586,moist_grid46819_microbe410_all.pickle,11,12,25,1,0.0858487784862518,1.16444844024954e-05,3.63260005542543e-05,4.46008499466188e-07,0.0931992679834366,0.933753669261932,7562.699
2587,moist_grid46819_microbe410_all.pickle,12,12,16,1,0.0919476374983788,1.50307268995675e-05,1.55112575157546e-05,7.39045219688705e-07,0.0865314528346062,0.856938660144806,7766.8057
2588,moist_grid46819_microbe410_all.pickle,13,7,5,1,0.0693013295531273,2.51266301347641e-05,8.79426370374858e-05,9.57193037720572e-07,0.0339225381612778,0.250870078802109,374.41934
2589,moist_grid46819_microbe410_all.pickle,14,12,40,1,0.0771002396941185,8.17437103250995e-05,5.11940052092541e-05,8.24088260742428e-07,0.0161104537546635,0.0456701517105103,3994.4712
2590,moist_grid46819_microbe410_all.pickle,15,12,22,1,0.0631623417139053,6.39060963294469e-05,8.23390146251768e-05,9.12445784706506e-07,0.0423583574593067,0.34805291891098,2376.2017
2591,moist_grid46819_microbe410_all.pickle,16,4,2,1,0.0569140240550041,7.10258827893995e-05,2.53315938607557e-05,3.17757837819954e-07,0.0480986721813679,0.414182871580124,0.72418755
2592,moist_grid46819_microbe410_all.pickle,17,11,13,1,0.0548105910420418,5.79687912249938e-05,6.53299503028393e-05,2.04937606440581e-07,0.0292214453220367,0.196712225675583,361.50967
2593,moist_grid46819_microbe410_all.pickle,18,12,28,1,0.0897316783666611,9.18285950319842e-05,3.36387201969046e-05,1.61008017585118e-07,0.0668590664863586,0.630307555198669,6416.7466
2594,moist_grid46819_microbe410_all.pickle,19,12,32,1,0.0817072615027428,8.3761136920657e-05,9.89728068816476e-05,1.22304641081428e-07,0.0767077729105949,0.743767261505127,5726.64
2595,moist_grid46819_microbe410_all.pickle,20,7,4,1,0.0870871245861053,3.75308009097353e-05,3.96471805288456e-05,6.20278058249824e-07,0.0222028531134129,0.115856200456619,245.73288
2596,moist_grid46819_microbe410_all.pickle,21,12,31,1,0.0501119755208492,3.96986833948176e-05,1.99897713173414e-05,2.86789884285099e-07,0.0711137652397156,0.679322838783264,798.4703
2597,moist_grid46819_microbe410_all.pickle,22,12,2,1,0.0739256888628006,5.08546181663405e-05,9.54031420405954e-05,6.79272545767162e-07,0.0712991505861282,0.681458532810211,5304.9873
2598,moist_grid46819_microbe410_all.pickle,23,12,18,1,0.0957147404551506,2.17338365473552e-05,6.81121528032236e-05,9.96429207589244e-07,0.0913703367114067,0.91268390417099,7915.6567
2599,moist_grid46819_microbe410_all.pickle,24,12,27,1,0.0670272558927536,7.14642519596964e-05,2.17085653275717e-05,5.28786642917112e-07,0.0197395496070385,0.087478294968605,1441.8947
2600,moist_grid46819_microbe410_all.pickle,25,12,23,1,0.061849657446146,2.84558282146463e-05,7.32285625417717e-05,8.72721898304007e-07,0.0540928430855274,0.48323729634285,2408.6787
2601,moist_grid46819_microbe4305_all.pickle,1,12,19,1,0.0980795323848724,9.79164688033052e-05,7.78324756538495e-05,6.19581442151684e-07,0.0960473567247391,0.987514913082123,9058.361
2602,moist_grid46819_microbe4305_all.pickle,2,12,31,1,0.0956192687153816,6.10275601502508e-05,5.72141907468904e-05,6.51773518711707e-07,0.072253942489624,0.704724609851837,8484.433
2603,moist_grid46819_microbe4305_all.pickle,3,12,33,1,0.0960919409990311,2.25640142161865e-05,8.96053970791399e-05,9.62464469012048e-07,0.0323373153805733,0.23030611872673,8108.5923
2604,moist_grid46819_microbe4305_all.pickle,4,6,2,1,0.0503036342561245,4.66862329631113e-05,8.85973422555253e-05,6.99229417477909e-07,0.0601978115737438,0.561434626579285,0
2605,moist_grid46819_microbe4305_all.pickle,5,12,8,1,0.0874203518033028,5.75695339648519e-05,2.81799784715986e-05,1.76273928786941e-07,0.015531225129962,0.0305617935955524,4170.593
2606,moist_grid46819_microbe4305_all.pickle,6,7,1,1,0.0636848136782646,6.99054944561794e-05,4.63225405837875e-05,8.29431883175857e-07,0.069400317966938,0.670808613300323,119.20863
2607,moist_grid46819_microbe4305_all.pickle,7,10,1,1,0.0839013978838921,7.28995437384583e-05,2.64012596744578e-05,5.97303483118594e-07,0.0619145967066288,0.581839025020599,6162.4062
2608,moist_grid46819_microbe4305_all.pickle,8,12,30,1,0.0906220749020576,2.07862485694932e-05,9.49297027545981e-05,3.69849772141606e-07,0.0766137167811394,0.756541550159454,9192.27
2609,moist_grid46819_microbe4305_all.pickle,9,12,22,1,0.0936724990606308,2.72007127932739e-05,1.36005310196197e-05,7.6841348572998e-07,0.0196000467985868,0.0789206922054291,7400.6206
2610,moist_grid46819_microbe4305_all.pickle,10,12,33,1,0.0582207776606083,8.53459350764751e-05,1.91946692211786e-05,7.28043005437939e-07,0.0796333327889442,0.792430400848389,1218.1302
2611,moist_grid46819_microbe4305_all.pickle,11,11,7,1,0.0843060836195946,3.88143162126653e-05,4.54651853942778e-05,2.34207206517567e-07,0.0235213916748762,0.125526800751686,2487.762
2612,moist_grid46819_microbe4305_all.pickle,12,12,29,1,0.0541573688387871,9.16401913855225e-05,9.76506344159134e-05,3.26886123502845e-07,0.0970978289842606,1,1078.7244
2613,moist_grid46819_microbe4305_all.pickle,13,12,16,1,0.0619942359626293,6.46285552647896e-05,3.54563926521223e-05,2.94637146680543e-07,0.0463007427752018,0.396264731884003,2558.74
2614,moist_grid46819_microbe4305_all.pickle,14,11,2,1,0.0818869546055794,1.57771282829344e-05,1.20629592856858e-05,5.46360979569727e-07,0.012959816493094,0,3983.2175
2615,moist_grid46819_microbe4305_all.pickle,15,11,13,1,0.0896601751446724,8.79501239978708e-05,3.18003185384441e-05,3.91945462752119e-07,0.0354722142219543,0.267565131187439,7350.927
2616,moist_grid46819_microbe4305_all.pickle,16,12,36,1,0.071571484208107,7.52857595216483e-05,6.25109387328848e-05,1.28817248423729e-07,0.0429907329380512,0.356924474239349,4402.394
2617,moist_grid46819_microbe4305_all.pickle,17,12,0,1,0.0751439854502678,3.34662254317664e-05,6.70685039949603e-05,4.52911365300679e-07,0.0275828056037426,0.173797652125359,2371.1133
2618,moist_grid46819_microbe4305_all.pickle,18,11,11,1,0.0577750317752361,8.08730110293254e-05,7.09016021573916e-05,1.50564716250301e-07,0.0927801206707954,0.948683023452759,16.686226
2619,moist_grid46819_microbe4305_all.pickle,19,12,35,1,0.064263254404068,9.55062932916917e-05,5.36083171027713e-05,9.69578877629829e-07,0.0542724430561066,0.491010248661041,2302.6895
2620,moist_grid46819_microbe4305_all.pickle,20,12,10,1,0.0776565074920654,5.63881294510793e-05,8.10201454441994e-05,9.01944417819323e-07,0.0407857485115528,0.330717742443085,3800.5408
2621,moist_grid46819_microbe4305_all.pickle,21,12,23,1,0.0730829164385796,1.15724242277793e-05,5.14974672114477e-05,8.07359469945368e-07,0.0867951139807701,0.877549827098846,5379.464
2622,moist_grid46819_microbe4305_all.pickle,22,12,12,1,0.0669366717338562,4.24573408963624e-05,3.88067892345134e-05,2.56845424928542e-07,0.0528675392270088,0.474312633275986,1786.1517
2623,moist_grid46819_microbe4305_all.pickle,23,12,31,1,0.0793205425143242,3.52065144397784e-05,8.2460988778621e-05,5.25698681030917e-07,0.0836537629365921,0.840214133262634,7821.4795
2624,moist_grid46819_microbe4305_all.pickle,24,12,26,1,0.0692533180117607,5.15304018335883e-05,2.28258868446574e-05,4.66674464405514e-07,0.0289367530494928,0.189889624714851,4252.1865
2625,moist_grid46819_microbe4305_all.pickle,25,11,12,1,0.0527861416339874,2.80743115581572e-05,7.42972115403973e-05,8.56275335081591e-07,0.0647995099425316,0.616126894950867,690.91595
2626,moist_grid46819_microbe5051_all.pickle,1,12,13,1,0.069296233355999,4.81096030853223e-05,4.24984718847554e-05,4.60384455891472e-07,0.0256358366459608,0.170880109071732,3037.1113
2627,moist_grid46819_microbe5051_all.pickle,2,12,18,1,0.0755175054073334,7.87185708759353e-05,8.50592041388154e-05,3.30230108147589e-07,0.0488215312361717,0.429444670677185,6394.5522
2628,moist_grid46819_microbe5051_all.pickle,3,12,25,1,0.0564906299114227,1.01376936072484e-05,3.87072577723302e-05,9.54312213252706e-07,0.0999836921691895,1,2244.1138
2629,moist_grid46819_microbe5051_all.pickle,4,12,24,1,0.0661662966012955,5.83104119868949e-05,9.2055277491454e-05,2.26764598210139e-07,0.0823391079902649,0.803229331970215,5918.8555
2630,moist_grid46819_microbe5051_all.pickle,5,12,24,1,0.0705073326826096,8.73066164785996e-05,9.91361375781707e-05,2.85792509657767e-07,0.0640045180916786,0.598763823509216,3356.6294
2631,moist_grid46819_microbe5051_all.pickle,6,12,30,1,0.0776520222425461,5.51969205844216e-05,8.18656553747132e-05,5.95237565903517e-07,0.0706304758787155,0.672655880451202,6637.3145
2632,moist_grid46819_microbe5051_all.pickle,7,12,18,1,0.0877011343836784,9.27112705539912e-05,2.09546942642191e-05,8.43161046759633e-07,0.0321044921875,0.243017911911011,6056.479
2633,moist_grid46819_microbe5051_all.pickle,8,12,39,1,0.0979861691594124,9.34435011004098e-05,2.63416641246295e-05,4.20429870473527e-07,0.0188341420143843,0.0950282961130142,5956.7827
2634,moist_grid46819_microbe5051_all.pickle,9,5,1,1,0.0787319913506508,2.45686151174596e-05,5.73556317249313e-05,6.25200982540264e-07,0.087459497153759,0.860331416130066,8.854333
2635,moist_grid46819_microbe5051_all.pickle,10,12,24,1,0.0937192291021347,2.19621870201081e-05,1.78556747414405e-05,6.58758381177904e-07,0.0898978188633919,0.887523353099823,8733.521
2636,moist_grid46819_microbe5051_all.pickle,11,11,3,1,0.0845256969332695,6.54965770081617e-05,8.77134443726391e-05,8.96977894626616e-07,0.0301840100437403,0.221600890159607,5196.1733
2637,moist_grid46819_microbe5051_all.pickle,12,9,1,1,0.0897206291556358,1.59534520207671e-05,7.23648990970105e-05,8.09153618774872e-07,0.0361540094017982,0.288177728652954,10.459488
2638,moist_grid46819_microbe5051_all.pickle,13,11,14,1,0.055910125374794,6.18457779637538e-05,5.01331596751697e-05,2.62008313711704e-07,0.0429784283041954,0.364282965660095,408.31726
2639,moist_grid46819_microbe5051_all.pickle,14,10,9,1,0.0536431632936001,1.87939040188212e-05,6.5357526182197e-05,3.61930545977884e-07,0.0141596384346485,0.0428986921906471,275.85135
2640,moist_grid46819_microbe5051_all.pickle,15,12,40,1,0.0826525092124939,3.47967543348204e-05,4.67912977910601e-05,5.56306133603357e-07,0.0222004577517509,0.13256910443306,6506.93
2641,moist_grid46819_microbe5051_all.pickle,16,8,4,1,0.0810758695006371,7.18583396519534e-05,6.08791524427943e-05,1.97291953440981e-07,0.0508943721652031,0.452560782432556,2246.3591
2642,moist_grid46819_microbe5051_all.pickle,17,10,1,1,0.0914629772305489,3.88198022847064e-05,1.2615888408618e-05,1.54029564214397e-07,0.0932519063353539,0.924927771091461,7658.2417
2643,moist_grid46819_microbe5051_all.pickle,18,12,27,1,0.0998526141047478,7.69615362514742e-05,7.02802644809708e-05,4.32878351830368e-07,0.0724543333053589,0.692995309829712,7712.871
2644,moist_grid46819_microbe5051_all.pickle,19,11,18,1,0.0585299618542194,2.94456622214057e-05,2.92076510959305e-05,6.78915682783554e-07,0.0538070611655712,0.485042810440063,2488.7405
2645,moist_grid46819_microbe5051_all.pickle,20,6,3,1,0.095381036400795,3.86946594517212e-05,9.49318200582638e-05,7.19645754543308e-07,0.0802494883537292,0.779926121234894,6260.322
2646,moist_grid46819_microbe5051_all.pickle,21,12,11,1,0.0504307448863983,8.41096043586731e-05,5.48485659237485e-05,8.88529598341847e-07,0.0751480981707573,0.723035931587219,1081.7018
2647,moist_grid46819_microbe5051_all.pickle,22,12,40,1,0.060327559709549,9.87378734862432e-05,3.93753944081254e-05,1.18446990882148e-07,0.0628403574228287,0.585781216621399,1690.8661
2648,moist_grid46819_microbe5051_all.pickle,23,12,18,1,0.0641067698597908,5.30889628862496e-05,3.47941531799734e-05,7.75314219936263e-07,0.0401734784245491,0.33300244808197,3828.0537
2649,moist_grid46819_microbe5051_all.pickle,24,12,35,1,0.0726049542427063,6.80474113323726e-05,7.65956792747602e-05,9.84476287158031e-07,0.0103128775954247,0,4104.6504
2650,moist_grid46819_microbe5051_all.pickle,25,12,33,1,0.0622857846319675,4.46102567366324e-05,1.49697661981918e-05,5.17780506470444e-07,0.0573565512895584,0.52462637424469,2604.7112
2651,moist_grid46819_microbe35_all.pickle,1,12,27,1,0.0921960398554802,6.06391949986573e-05,3.62079044862185e-05,7.14191116912843e-07,0.0750367268919945,0.725792825222015,8125.627
2652,moist_grid46819_microbe35_all.pickle,2,12,30,1,0.0516188181936741,3.89918168366421e-05,9.11172828637064e-05,4.97560336043534e-07,0.0484971813857555,0.415300250053406,939.099
2653,moist_grid46819_microbe35_all.pickle,3,12,39,1,0.0868855640292168,3.30050679622218e-05,5.07125623698812e-05,7.81744688538311e-07,0.0129991453140974,0,6324.095
2654,moist_grid46819_microbe35_all.pickle,4,12,37,1,0.0720564052462578,5.23775015608408e-05,6.20500286458991e-05,9.98035602606251e-07,0.0707812160253525,0.676006555557251,4685.856
2655,moist_grid46819_microbe35_all.pickle,5,10,8,1,0.0815516114234924,2.25744697672781e-05,8.29350028652698e-05,3.60523472409113e-07,0.0734530761837959,0.707265317440033,43.37076
2656,moist_grid46819_microbe35_all.pickle,6,12,40,1,0.0838659033179283,2.65892231254838e-05,8.68612405611202e-05,5.34751791292365e-07,0.0147243244573474,0.0201832931488752,5730.8906
2657,moist_grid46819_microbe35_all.pickle,7,12,34,1,0.068801037967205,5.78141189180315e-05,6.80143202771433e-05,1.01912007721694e-07,0.0856396853923798,0.849839448928833,6514.3813
2658,moist_grid46819_microbe35_all.pickle,8,8,0,1,0.0880153551697731,1.33710709633306e-05,9.77024683379568e-05,7.0271721597237e-07,0.0817995965480804,0.804913341999054,5557.24
2659,moist_grid46819_microbe35_all.pickle,9,12,31,1,0.0563874766230583,6.52083326713182e-05,9.38604862312786e-05,8.43988686938246e-07,0.029808796942234,0.196660235524178,1145.9075
2660,moist_grid46819_microbe35_all.pickle,10,12,28,1,0.0997292622923851,3.84657651011366e-05,5.32440171809867e-05,6.21096319264325e-07,0.0279474537819624,0.174883916974068,8160.4614
2661,moist_grid46819_microbe35_all.pickle,11,12,15,1,0.0618071556091309,6.83243488310836e-05,3.43188039551023e-05,3.24717490229887e-07,0.037903718650341,0.291364699602127,1430.7755
2662,moist_grid46819_microbe35_all.pickle,12,11,7,1,0.094102717936039,8.83524553501047e-05,7.18394367140718e-05,4.47500099198805e-07,0.0571544170379639,0.516583323478699,8238.707
2663,moist_grid46819_microbe35_all.pickle,13,12,26,1,0.0969024449586868,4.9291287723463e-05,6.03083099122159e-05,2.00606848466123e-07,0.0175105761736631,0.0527803339064121,7297.958
2664,moist_grid46819_microbe35_all.pickle,14,7,3,1,0.0841137990355492,2.07872653845698e-05,3.15224860969465e-05,8.11995278127142e-07,0.0403585955500603,0.320084899663925,18.926952
2665,moist_grid46819_microbe35_all.pickle,15,12,24,1,0.0520976223051548,9.97170573100448e-05,2.56803796219174e-05,2.08012707503258e-07,0.0921351909637451,0.925831973552704,934.7026
2666,moist_grid46819_microbe35_all.pickle,16,10,7,1,0.0914654955267906,5.60772168682888e-05,4.31978623964824e-05,2.92312648753068e-07,0.0556962937116623,0.499524384737015,6014.1094
2667,moist_grid46819_microbe35_all.pickle,17,12,10,1,0.0703638419508934,9.07113062567078e-05,1.16044047899777e-05,5.75471631236724e-07,0.0444770902395248,0.3682681620121,3417.4404
2668,moist_grid46819_microbe35_all.pickle,18,12,35,1,0.0652952417731285,9.57264710450545e-05,7.88392790127546e-05,9.25519600514235e-07,0.0947267785668373,0.956151604652405,3307.5627
2669,moist_grid46819_microbe35_all.pickle,19,11,13,1,0.0786207988858223,7.5392599683255e-05,2.1672010916518e-05,4.92190110890078e-07,0.0646931082010269,0.604780316352844,3529.103
2670,moist_grid46819_microbe35_all.pickle,20,11,20,1,0.0591091103851795,8.13549631857313e-05,1.87240966624813e-05,2.74065740768492e-07,0.0232945047318935,0.120447933673859,3025.9038
2671,moist_grid46819_microbe35_all.pickle,21,12,17,1,0.0765099376440048,7.28326122043654e-05,1.65210130944615e-05,9.49185846366163e-07,0.0351910069584846,0.259628027677536,6394.755
2672,moist_grid46819_microbe35_all.pickle,22,12,15,1,0.0670246928930283,8.39693384477869e-05,7.64110445743427e-05,1.63139361575304e-07,0.0835265591740608,0.825117468833923,5317.3525
2673,moist_grid46819_microbe35_all.pickle,23,12,18,1,0.0634054020047188,3.01665550068719e-05,4.79590198665392e-05,6.55252335945988e-07,0.0511975586414337,0.446892559528351,2245.8784
2674,moist_grid46819_microbe35_all.pickle,24,12,15,1,0.0740171447396278,1.44788609759416e-05,6.62343227304518e-05,8.76458955190174e-07,0.0984747484326363,1,7707.4995
2675,moist_grid46819_microbe35_all.pickle,25,12,37,1,0.0546454899013042,4.51347623311449e-05,4.03892154281493e-05,4.04859065383789e-07,0.060938972979784,0.560859799385071,1470.3413
2676,moist_grid46819_microbe4105_all.pickle,1,12,17,1,0.0865611732006073,9.75667062448338e-05,8.42622321215458e-05,8.04448916369438e-07,0.0643358901143074,0.619202554225922,7485.0776
2677,moist_grid46819_microbe4105_all.pickle,2,12,33,1,0.0561042539775372,5.25087234564126e-05,1.10972350739758e-05,2.71101015414388e-07,0.0321864858269691,0.244337484240532,1817.2667
2678,moist_grid46819_microbe4105_all.pickle,3,12,23,1,0.0883678421378136,7.47334561310709e-05,1.79324142663972e-05,7.12103940259112e-07,0.0198810715228319,0.100855186581612,6142.865
2679,moist_grid46819_microbe4105_all.pickle,4,12,18,1,0.0540963001549244,6.37082557659596e-05,9.04301850823686e-05,5.13752922870481e-07,0.039550669491291,0.330204546451569,516.61304
2680,moist_grid46819_microbe4105_all.pickle,5,12,32,1,0.0966315940022469,7.0583751949016e-05,4.70959130325355e-05,9.69925963545393e-07,0.0283313822001219,0.199386581778526,7370.6714
2681,moist_grid46819_microbe4105_all.pickle,6,11,26,1,0.0992226377129555,6.49370122118853e-05,2.21828377107158e-05,1.81475201088688e-07,0.0925810486078262,0.948543727397919,8462.978
2682,moist_grid46819_microbe4105_all.pickle,7,12,33,1,0.0811445191502571,1.86455763468985e-05,2.97153910651105e-05,1.27876688793549e-07,0.0800700411200523,0.802664220333099,7890.496
2683,moist_grid46819_microbe4105_all.pickle,8,7,0,1,0.0839518383145332,3.09353672491852e-05,7.34868081053719e-05,9.32202794956538e-07,0.0596774853765965,0.564885079860687,1761.1229
2684,moist_grid46819_microbe4105_all.pickle,9,11,10,1,0.0665793940424919,9.04550470295362e-05,5.50885997654404e-05,6.28916666300938e-07,0.0529165230691433,0.486051648855209,2043.0162
2685,moist_grid46819_microbe4105_all.pickle,10,12,30,1,0.0606774352490902,5.32864578417502e-05,4.45776349806692e-05,7.58905116526876e-07,0.027018878608942,0.184082701802254,1585.0459
2686,moist_grid46819_microbe4105_all.pickle,11,12,23,1,0.0908420383930206,9.31511603994295e-05,6.72009336994961e-05,4.14776962998076e-07,0.0969940721988678,1,6417.764
2687,moist_grid46819_microbe4105_all.pickle,12,11,8,1,0.0785509124398232,8.22879446786828e-05,5.02692237205338e-05,1.52061687686e-07,0.0354858078062534,0.282807886600494,3241.0916
2688,moist_grid46819_microbe4105_all.pickle,13,12,24,1,0.0957734063267708,1.2583824172907e-05,2.71518038061913e-05,2.2995924098268e-07,0.0442242287099361,0.384698688983917,7752.6924
2689,moist_grid46819_microbe4105_all.pickle,14,12,39,1,0.0537090301513672,3.76950010831933e-05,3.81218851543963e-05,3.01271171565531e-07,0.0944583639502525,0.970433413982391,1747.7488
2690,moist_grid46819_microbe4105_all.pickle,15,12,31,1,0.0841956585645676,2.27685231948271e-05,7.6924916356802e-05,5.35750587005168e-07,0.0762723609805107,0.7583829164505,7866.422
2691,moist_grid46819_microbe4105_all.pickle,16,12,38,1,0.0507038235664368,7.79371839598753e-05,5.76504171476699e-05,3.3892479223141e-07,0.0741304233670235,0.733407735824585,934.2151
2692,moist_grid46819_microbe4105_all.pickle,17,11,0,1,0.0746302902698517,1.65799301612424e-05,6.87168576405384e-05,7.01342116826709e-07,0.0676543638110161,0.657896280288696,5412.3
2693,moist_grid46819_microbe4105_all.pickle,18,12,31,1,0.0653149411082268,7.93102299212478e-05,9.71579574979842e-05,6.73949614338198e-07,0.082068532705307,0.825966835021973,3442.7356
2694,moist_grid46819_microbe4105_all.pickle,19,12,23,1,0.0735431164503098,8.91256495378911e-05,1.62089654622832e-05,3.71098991536201e-07,0.0633020773530006,0.607148170471191,5275.023
2695,moist_grid46819_microbe4105_all.pickle,20,12,18,1,0.0627933293581009,3.33212265104521e-05,6.33142262813635e-05,9.22534184155666e-07,0.0213968809694052,0.118529662489891,1862.6846
2696,moist_grid46819_microbe4105_all.pickle,21,12,31,1,0.0580419600009918,6.03890912316274e-05,4.04767415602691e-05,8.48094998673332e-07,0.0151096824556589,0.0452203415334225,1576.5654
2697,moist_grid46819_microbe4105_all.pickle,22,11,20,1,0.0767588913440704,3.99039672629442e-05,8.03959046606906e-05,4.53865311556001e-07,0.0868032798171043,0.881174385547638,21.73707
2698,moist_grid46819_microbe4105_all.pickle,23,12,34,1,0.0690683349967003,4.71787170681637e-05,9.34569034143351e-05,4.65116016812317e-07,0.0112314680591226,0,3290.0085
2699,moist_grid46819_microbe4105_all.pickle,24,6,0,1,0.070840522646904,2.4638402464916e-05,8.74658362590708e-05,5.84747397169849e-07,0.054886344820261,0.50901997089386,289.68808
2700,moist_grid46819_microbe4105_all.pickle,25,8,5,1,0.0925663560628891,4.54741530120373e-05,3.45567714248318e-05,8.78940170423448e-07,0.0487449429929256,0.437410652637482,1792.1823
2701,moist_grid46819_microbe2512_all.pickle,1,12,35,1,0.0804206430912018,1.98438847291982e-05,3.32387862727046e-05,5.63680202958494e-07,0.0208378080278635,0.115747012197971,5133.2437
2702,moist_grid46819_microbe2512_all.pickle,2,9,12,1,0.0780978053808212,2.71229346253676e-05,2.44434359046863e-05,2.96039644354096e-07,0.0341826975345612,0.266075551509857,731.45667
2703,moist_grid46819_microbe2512_all.pickle,3,12,24,1,0.0892881155014038,5.22180453117471e-05,5.38068488822319e-05,4.52175981990877e-07,0.0569567158818245,0.522622048854828,7244.708
2704,moist_grid46819_microbe2512_all.pickle,4,11,2,1,0.0544098727405071,3.42003659170587e-05,5.78592153033242e-05,2.77502437029398e-07,0.0622770600020885,0.582555055618286,501.85266
2705,moist_grid46819_microbe2512_all.pickle,5,12,11,1,0.0677714943885803,8.90641022124328e-05,4.03546146117151e-05,6.05383718266239e-07,0.04426608979702,0.379663705825806,4831.283
2706,moist_grid46819_microbe2512_all.pickle,6,12,24,1,0.0695842206478119,4.05763239541557e-05,2.00453614525031e-05,1.28973098867391e-07,0.0546388477087021,0.496511548757553,3882.584
2707,moist_grid46819_microbe2512_all.pickle,7,12,39,1,0.0835046991705894,7.89726109360345e-05,3.87871077691671e-05,9.37872641770809e-07,0.0858404859900475,0.847994089126587,7413.801
2708,moist_grid46819_microbe2512_all.pickle,8,12,34,1,0.0923162624239922,1.47445316542871e-05,1.46033271448687e-05,8.57664815612225e-07,0.084180973470211,0.829299926757812,9292.755
2709,moist_grid46819_microbe2512_all.pickle,9,10,11,1,0.0977833643555641,4.50258012278937e-05,2.13949715544004e-05,1.53632683463911e-07,0.0925068706274033,0.923090100288391,187.27733
2710,moist_grid46819_microbe2512_all.pickle,10,12,8,1,0.051233172416687,2.13930416066432e-05,7.41753756301478e-05,3.86447965183834e-07,0.0105627709999681,0,634.968
2711,moist_grid46819_microbe2512_all.pickle,11,12,24,1,0.0639214143157005,5.46637384104542e-05,7.80321352067403e-05,9.68521135291667e-07,0.0270477551966906,0.185701295733452,4252.162
2712,moist_grid46819_microbe2512_all.pickle,12,12,16,1,0.0847112834453583,4.69755068479571e-05,9.68623644439504e-05,4.15495748029571e-07,0.0391797348856926,0.322366565465927,7425.486
2713,moist_grid46819_microbe2512_all.pickle,13,11,13,1,0.0761033967137337,3.64176994480658e-05,5.03844821651001e-05,9.17211480100377e-07,0.0377374514937401,0.306119412183762,6307.6943
2714,moist_grid46819_microbe2512_all.pickle,14,12,30,1,0.0879287645220757,1.10696955744061e-05,6.75245391903445e-05,8.23546542960685e-07,0.080781988799572,0.791010797023773,8615.333
2715,moist_grid46819_microbe2512_all.pickle,15,12,25,1,0.058083463460207,6.46651606075466e-05,1.13581972982502e-05,4.92584263156459e-07,0.0690150111913681,0.658457219600677,2742.205
2716,moist_grid46819_microbe2512_all.pickle,16,5,1,1,0.0640870183706284,9.92817222140729e-05,8.99514270713553e-05,7.77447439759271e-07,0.0298250894993544,0.216987609863281,101.28218
2717,moist_grid46819_microbe2512_all.pickle,17,8,8,1,0.0995073914527893,8.96724741323851e-05,7.09823871147819e-05,3.18679894917295e-07,0.0525331012904644,0.472790569067001,7759.2773
2718,moist_grid46819_microbe2512_all.pickle,18,12,27,1,0.0751578137278557,7.73995561758056e-05,7.96575404820032e-05,7.9254465390477e-07,0.0144324796274304,0.0435917861759663,6180.9355
2719,moist_grid46819_microbe2512_all.pickle,19,12,21,1,0.0578536689281464,6.05614986852743e-05,6.20299979345873e-05,5.81615381634037e-07,0.0671628564596176,0.637592971324921,1241.0673
2720,moist_grid46819_microbe2512_all.pickle,20,12,30,1,0.0725572109222412,5.94894518144429e-05,4.60503943031654e-05,7.26771304471185e-07,0.0205703396350145,0.112734019756317,5453.01
2721,moist_grid46819_microbe2512_all.pickle,21,12,24,1,0.0904767587780952,7.33452616259456e-05,2.85381120193051e-05,2.19472809703802e-07,0.0773539766669273,0.752394616603851,6773.33
2722,moist_grid46819_microbe2512_all.pickle,22,10,1,1,0.0950306430459023,3.05136964016128e-05,9.43014238146134e-05,6.40591110823152e-07,0.0731845572590828,0.705426633358002,7774.8433
2723,moist_grid46819_microbe2512_all.pickle,23,9,5,1,0.070873536169529,8.48715571919456e-05,8.81390660651959e-05,4.97572102631239e-07,0.0956150442361832,0.95810329914093,41.47332
2724,moist_grid46819_microbe2512_all.pickle,24,12,33,1,0.0531629286706448,9.4386690761894e-05,8.25577590148896e-05,2.03280151822582e-07,0.0472119115293026,0.412848025560379,989.35974
2725,moist_grid46819_microbe2512_all.pickle,25,5,2,1,0.0614737197756767,6.94274058332667e-05,4.48691571364179e-05,6.86557825702039e-07,0.0993342772126198,1,2.9092808
2726,moist_grid46819_microbe25152_all.pickle,1,12,7,1,0.0722453743219376,1.00708921308978e-05,1.61499301611912e-05,4.94240225634712e-07,0.0867642015218735,0.879374742507935,4901.481
2727,moist_grid46819_microbe25152_all.pickle,2,12,19,1,0.0712418630719185,6.64999315631576e-05,6.12430667388253e-05,7.75404885189346e-07,0.0265631433576345,0.175354897975922,3358.932
2728,moist_grid46819_microbe25152_all.pickle,3,12,21,1,0.0521486513316631,3.12062402372248e-05,1.75413188117091e-05,1.58743347355994e-07,0.0459365546703339,0.401916801929474,633.2464
2729,moist_grid46819_microbe25152_all.pickle,4,12,6,1,0.0508005805313587,4.31907938036602e-05,7.84592848503962e-05,9.18565888241574e-07,0.0179475396871567,0.0745999068021774,274.30252
2730,moist_grid46819_microbe25152_all.pickle,5,12,31,1,0.0961087495088577,8.72773889568634e-05,8.7179578258656e-05,8.91331865204847e-07,0.093077227473259,0.953202307224274,7626.811
2731,moist_grid46819_microbe25152_all.pickle,6,12,22,1,0.0656683593988419,5.52467608940788e-05,6.88951404299587e-05,1.32193605395514e-07,0.0600907504558563,0.567442715167999,3273.8782
2732,moist_grid46819_microbe25152_all.pickle,7,10,10,1,0.0838719755411148,9.92595596471801e-05,4.80821981909685e-05,2.72622401098488e-07,0.0762045532464981,0.755885183811188,7586.433
2733,moist_grid46819_microbe25152_all.pickle,8,6,0,1,0.0810528472065926,8.17619438748807e-05,9.00874147191644e-05,3.78884521978762e-07,0.0343317575752735,0.26620477437973,9.036855
2734,moist_grid46819_microbe25152_all.pickle,9,12,11,1,0.0953162983059883,2.1267966076266e-05,4.57180540252011e-05,2.92256260081558e-07,0.0542060807347298,0.498624593019485,7382.483
2735,moist_grid46819_microbe25152_all.pickle,10,12,0,1,0.0899923741817474,1.81272662302945e-05,5.50432450836524e-05,4.29159030090887e-07,0.0526768900454044,0.480741500854492,6561.16
2736,moist_grid46819_microbe25152_all.pickle,11,12,37,1,0.0904821082949638,7.42976844776422e-05,2.21222308027791e-05,5.6489193411835e-07,0.0115684680640697,0,5903.8994
2737,moist_grid46819_microbe25152_all.pickle,12,12,21,1,0.0789913237094879,4.07792322221212e-05,3.87342515750788e-05,5.16192301347473e-07,0.0365892462432384,0.292604923248291,5689.65
2738,moist_grid46819_microbe25152_all.pickle,13,12,35,1,0.0924691259860992,3.87917898478918e-05,5.03493720316328e-05,4.11695793900435e-07,0.0284106973558664,0.19696107506752,6751.0786
2739,moist_grid46819_microbe25152_all.pickle,14,10,4,1,0.0686882436275482,6.390501948772e-05,1.33980747705209e-05,9.41261475873034e-07,0.065219335258007,0.627418875694275,11.0120735
2740,moist_grid46819_microbe25152_all.pickle,15,12,30,1,0.054427046328783,9.48836968746036e-05,6.65673578623682e-05,8.06509888207074e-07,0.0730616599321365,0.719130754470825,1470.071
2741,moist_grid46819_microbe25152_all.pickle,16,12,29,1,0.0572599358856678,9.18487421586178e-05,7.35560824978165e-05,9.84674784376693e-07,0.0208937674760818,0.109054505825043,661.85016
2742,moist_grid46819_microbe25152_all.pickle,17,12,26,1,0.0862569138407707,2.48599772021407e-05,8.49044299684465e-05,5.81195081394981e-07,0.0480427108705044,0.426547199487686,6372.029
2743,moist_grid46819_microbe25152_all.pickle,18,11,17,1,0.0981347635388374,6.93879046593793e-05,3.38492718583439e-05,8.29927103040973e-07,0.0795406997203827,0.794899702072144,8511.921
2744,moist_grid46819_microbe25152_all.pickle,19,12,3,1,0.0677721127867699,5.73551587876864e-05,9.70932815107517e-05,2.14100523976413e-07,0.070368804037571,0.687639176845551,2826.1145
2745,moist_grid46819_microbe25152_all.pickle,20,12,22,1,0.0595136359333992,5.02629845868796e-05,3.02044954878511e-05,7.11589336788165e-07,0.0824114978313446,0.828472197055817,2930.0933
2746,moist_grid46819_microbe25152_all.pickle,21,12,31,1,0.0621617175638676,8.54296376928687e-05,6.01412903051823e-05,7.36331855932804e-07,0.0142833553254604,0.0317491888999939,1856.5945
2747,moist_grid46819_microbe25152_all.pickle,22,12,35,1,0.0846509262919426,1.60137697093887e-05,7.74236832512543e-05,3.17702927077335e-07,0.0908992439508438,0.927731931209564,8477.335
2748,moist_grid46819_microbe25152_all.pickle,23,12,3,1,0.0745300427079201,4.68244979856536e-05,4.1689974750625e-05,6.33423496765317e-07,0.097078911960125,1,6735.3057
2749,moist_grid46819_microbe25152_all.pickle,24,12,39,1,0.076448492705822,3.4648986911634e-05,9.29292946239002e-05,6.40248458694259e-07,0.0624512992799282,0.595048129558563,5658.85
2750,moist_grid46819_microbe25152_all.pickle,25,12,34,1,0.0605454072356224,7.83023424446583e-05,2.75858528766548e-05,1.80638423330493e-07,0.041059572249651,0.344883054494858,2487.9922
2751,moist_grid46819_microbe335_all.pickle,1,8,4,1,0.0748540908098221,4.55599438282661e-05,5.99178347329143e-05,1.89279091955541e-07,0.0131898513063788,0,270.8545
2752,moist_grid46819_microbe335_all.pickle,2,12,25,1,0.0553992725908756,9.94113652268425e-05,9.97216120595112e-05,1.42067165143089e-07,0.0818630680441856,0.796745836734772,787.9107
2753,moist_grid46819_microbe335_all.pickle,3,12,37,1,0.0648293048143387,5.8440269640414e-05,3.0306013286463e-05,5.26827307112399e-07,0.0629905536770821,0.577787160873413,5106.5317
2754,moist_grid46819_microbe335_all.pickle,4,12,13,1,0.0954238623380661,8.94285039976239e-05,2.09343725146027e-05,2.44036840513218e-07,0.0304075963795185,0.199760064482689,7912.043
2755,moist_grid46819_microbe335_all.pickle,5,12,28,1,0.0584081299602985,5.10724239575211e-05,9.16689241421409e-05,9.64516971180274e-07,0.0425414405763149,0.340536773204803,3245.4294
2756,moist_grid46819_microbe335_all.pickle,6,11,13,1,0.0775226280093193,3.60934282070957e-05,4.73059772048146e-05,9.04344915397814e-07,0.0592331774532795,0.534194111824036,6222.216
2757,moist_grid46819_microbe335_all.pickle,7,10,1,1,0.0822549536824226,5.4000618547434e-05,4.46488702436909e-05,7.26349639990076e-07,0.0477296821773052,0.400730699300766,40.678223
2758,moist_grid46819_microbe335_all.pickle,8,12,17,1,0.0660319477319717,1.49359593706322e-05,1.70343300851528e-05,5.85152292842395e-07,0.0354133136570454,0.25783634185791,2243.1755
2759,moist_grid46819_microbe335_all.pickle,9,12,11,1,0.0796626359224319,8.30537755973637e-05,8.14732557046227e-05,4.7977840722524e-07,0.0143266944214702,0.013189640827477,6253.0522
2760,moist_grid46819_microbe335_all.pickle,10,9,1,1,0.0733741149306297,6.98664152878337e-05,4.15404538216535e-05,8.20607965579256e-07,0.0944635793566704,0.942936837673187,3.7831566
2761,moist_grid46819_microbe335_all.pickle,11,12,36,1,0.051686305552721,6.75428163958713e-05,6.66103078401648e-05,3.75662125406961e-07,0.0257297065109015,0.145487248897552,356.56375
2762,moist_grid46819_microbe335_all.pickle,12,12,26,1,0.0695402249693871,2.04043335543247e-05,2.0023318938911e-05,2.13343881227956e-07,0.0661847367882729,0.614846050739288,6137.303
2763,moist_grid46819_microbe335_all.pickle,13,12,40,1,0.0890012010931969,7.99306799308397e-05,2.46721447183518e-05,8.07553931281291e-07,0.0876565724611282,0.86396199464798,7044.745
2764,moist_grid46819_microbe335_all.pickle,14,7,5,1,0.0961932614445686,3.2811254641274e-05,7.01824756106362e-05,3.4684708793975e-07,0.0535901300609112,0.46872353553772,3.474553
2765,moist_grid46819_microbe335_all.pickle,15,12,35,1,0.0925872176885605,4.80998678540345e-05,1.15986986202188e-05,8.71003123847913e-07,0.0993819758296013,1,8495.579
2766,moist_grid46819_microbe335_all.pickle,16,9,0,1,0.0997273102402687,4.15242393501103e-05,3.73958064301405e-05,1.27061667853923e-07,0.0393434911966324,0.30343422293663,5041.8755
2767,moist_grid46819_microbe335_all.pickle,17,12,17,1,0.0633593276143074,8.77400379977189e-05,7.2388575063087e-05,6.5257523829132e-07,0.0329866632819176,0.229682371020317,3701.387
2768,moist_grid46819_microbe335_all.pickle,18,11,16,1,0.0700454264879227,1.22300689326948e-05,6.11023715464398e-05,7.06097694092023e-07,0.0700085312128067,0.659209668636322,5358.553
2769,moist_grid46819_microbe335_all.pickle,19,12,27,1,0.0570938512682915,2.74691410595551e-05,5.12293518113438e-05,5.6424823924317e-07,0.0717670768499374,0.679612278938293,2182.6912
2770,moist_grid46819_microbe335_all.pickle,20,12,32,1,0.0906176790595055,7.33908091206104e-05,9.3449380074162e-05,7.59006127282191e-07,0.0508347749710083,0.436755955219269,7627.5884
2771,moist_grid46819_microbe335_all.pickle,21,11,9,1,0.0521623380482197,6.33266390650533e-05,8.4790684923064e-05,6.35708943264035e-07,0.0778640657663345,0.750349462032318,455.09927
2772,moist_grid46819_microbe335_all.pickle,22,11,17,1,0.087754063308239,9.28027366171591e-05,7.7807555499021e-05,3.98105640897484e-07,0.0906345993280411,0.89851301908493,5897.507
2773,moist_grid46819_microbe335_all.pickle,23,12,29,1,0.0804217457771301,3.10416362481192e-05,5.59842701477464e-05,4.49882548991809e-07,0.0852212831377983,0.835707783699036,8373.862
2774,moist_grid46819_microbe335_all.pickle,24,12,24,1,0.0848903805017471,2.08065084734699e-05,8.59539213706739e-05,9.58827740760171e-07,0.0242223311215639,0.127998694777489,6551.3623
2775,moist_grid46819_microbe335_all.pickle,25,12,20,1,0.0601724945008755,7.54592183511704e-05,3.40900842275005e-05,2.97272066518417e-07,0.017845144495368,0.0540106557309628,1366.5743
2776,moist_grid46819_microbe2275_all.pickle,1,12,33,1,0.0721680074930191,9.49762761592865e-05,5.39175307494588e-05,2.7094421284346e-07,0.078209787607193,0.763165175914764,5356.963
2777,moist_grid46819_microbe2275_all.pickle,2,11,14,1,0.0833296701312065,4.56905727332924e-05,1.80113656824687e-05,2.10855148452538e-07,0.0938846990466118,0.942337393760681,6060.925
2778,moist_grid46819_microbe2275_all.pickle,3,12,31,1,0.0966520830988884,3.6656521842815e-05,3.34352553181816e-05,8.94461436473648e-07,0.0482405498623848,0.420601606369019,7782.835
2779,moist_grid46819_microbe2275_all.pickle,4,12,28,1,0.0524701923131943,2.56602015724638e-05,6.65482730255462e-05,4.75003730571188e-07,0.0275278780609369,0.183845221996307,555.9035
2780,moist_grid46819_microbe2275_all.pickle,5,12,21,1,0.0511158332228661,7.00659220456146e-05,8.69150753715076e-05,8.27869996555819e-07,0.0606565028429031,0.562522232532501,533.90045
2781,moist_grid46819_microbe2275_all.pickle,6,9,10,1,0.0794737040996552,5.60277258045971e-05,9.88737156149e-05,2.02610067390196e-07,0.0449223145842552,0.382672488689423,1526.7582
2782,moist_grid46819_microbe2275_all.pickle,7,12,12,1,0.0565362349152565,5.72549251955934e-05,9.18321893550456e-05,6.09905328019522e-07,0.059109304100275,0.544836938381195,1652.5839
2783,moist_grid46819_microbe2275_all.pickle,8,10,3,1,0.0684064999222755,6.46363987470977e-05,2.57624014921021e-05,5.58134843231528e-07,0.03109360486269,0.224603295326233,19.815123
2784,moist_grid46819_microbe2275_all.pickle,9,12,9,1,0.0583225227892399,9.74465219769627e-05,4.33840286859777e-05,8.72824614361889e-07,0.0743166953325272,0.718665182590485,3381.1826
2785,moist_grid46819_microbe2275_all.pickle,10,9,2,1,0.0815002769231796,1.35282762130373e-05,1.186778263218e-05,3.75343063296896e-07,0.0662489980459213,0.626447319984436,2593.2473
2786,moist_grid46819_microbe2275_all.pickle,11,12,21,1,0.0862929597496986,8.81688320077956e-05,5.86637033848092e-05,7.06322452970198e-07,0.0869421139359474,0.862980127334595,7501.2095
2787,moist_grid46819_microbe2275_all.pickle,12,12,9,1,0.0777286887168884,8.42063600430265e-05,8.43866291688755e-05,7.43544433134957e-07,0.0710572004318237,0.681407511234283,7032.979
2788,moist_grid46819_microbe2275_all.pickle,13,12,16,1,0.0882664173841476,2.24047744268319e-05,3.00137944577727e-05,1.48457814930225e-07,0.0368099808692932,0.289944380521774,6621.2993
2789,moist_grid46819_microbe2275_all.pickle,14,12,37,1,0.0956819131970406,4.06142316933256e-05,4.98017288919073e-05,9.32689772525919e-07,0.0892406553030014,0.889253616333008,8372.897
2790,moist_grid46819_microbe2275_all.pickle,15,12,39,1,0.0640835911035538,6.22687293798663e-05,9.38452431000769e-05,2.96315079140186e-07,0.0212881844490767,0.112522356212139,2695.0916
2791,moist_grid46819_microbe2275_all.pickle,16,12,40,1,0.0637720450758934,3.50651098415256e-05,7.62115159886889e-05,6.6983346869165e-07,0.0802318304777145,0.786278188228607,4347.869
2792,moist_grid46819_microbe2275_all.pickle,17,9,8,1,0.0747123807668686,2.8384643883328e-05,6.82332029100507e-05,3.92887528732899e-07,0.0173102226108313,0.0670522376894951,552.4066
2793,moist_grid46819_microbe2275_all.pickle,18,9,1,1,0.0549884140491486,7.48522288631648e-05,7.87664539529942e-05,7.62735510306811e-07,0.0508810393512249,0.4507836997509,787.58496
2794,moist_grid46819_microbe2275_all.pickle,19,12,17,1,0.0989867299795151,7.95346131781116e-05,1.462139243813e-05,9.97376901068492e-07,0.0156859364360571,0.0484858192503452,7649.385
2795,moist_grid46819_microbe2275_all.pickle,20,12,16,1,0.0939293503761292,1.77667043317342e-05,3.84117993235122e-05,1.12854479539237e-07,0.0989293232560158,1,9053.448
2796,moist_grid46819_microbe2275_all.pickle,21,12,20,1,0.0600974634289742,1.45900148709188e-05,7.26419020793401e-05,5.06302626490651e-07,0.0552989542484283,0.501282751560211,1345.8578
2797,moist_grid46819_microbe2275_all.pickle,22,12,37,1,0.0665882900357246,7.25148274796084e-05,3.95719289372209e-05,7.85106692546833e-07,0.0848036482930183,0.838536381721497,4560.921
2798,moist_grid46819_microbe2275_all.pickle,23,9,2,1,0.085798941552639,4.70236627734266e-05,4.91157006763387e-05,3.20319969659977e-07,0.0409684590995312,0.337477892637253,706.2721
2799,moist_grid46819_microbe2275_all.pickle,24,12,24,1,0.0906885638833046,9.06722852960229e-05,6.3861305534374e-05,4.52984806997847e-07,0.0336875021457672,0.254252851009369,4632.9478
2800,moist_grid46819_microbe2275_all.pickle,25,10,12,1,0.0717133209109306,5.02287693961989e-05,2.28696662816219e-05,5.98047051880712e-07,0.0114441458135843,0,18.631744
2801,moist_grid46819_microbe22775_all.pickle,1,11,11,1,0.0995581224560738,6.01742722210474e-05,9.2833855887875e-05,2.33341893363104e-07,0.039797555655241,0.316829055547714,7160.559
2802,moist_grid46819_microbe22775_all.pickle,2,12,37,1,0.0791633203625679,7.42045813240111e-05,2.70535001618555e-05,7.94529853465065e-07,0.0359019115567207,0.26984167098999,4745.413
2803,moist_grid46819_microbe22775_all.pickle,3,12,15,1,0.0579060912132263,1.19616988740745e-05,1.00845390988979e-05,8.42671056489053e-07,0.0450039654970169,0.379626244306564,812.4164
2804,moist_grid46819_microbe22775_all.pickle,4,10,13,1,0.0520176701247692,8.34543752716854e-05,5.59197906113695e-05,1.5359530891601e-07,0.0142417587339878,0.00858729425817728,272.3875
2805,moist_grid46819_microbe22775_all.pickle,5,12,25,1,0.0942021682858467,1.64120301633375e-05,1.57556023623329e-05,7.76065519403346e-07,0.0249052010476589,0.137204602360725,5881.738
2806,moist_grid46819_microbe22775_all.pickle,6,12,16,1,0.0846851244568825,6.74207476549782e-05,3.07262198475655e-05,5.42390296232043e-07,0.0841911062598228,0.852282702922821,8475.982
2807,moist_grid46819_microbe22775_all.pickle,7,12,31,1,0.0924646481871605,3.24829306919128e-05,8.93971664481796e-05,7.0513181071874e-07,0.0688343346118927,0.667056739330292,8377.007
2808,moist_grid46819_microbe22775_all.pickle,8,12,20,1,0.0972454845905304,5.067441452411e-05,4.69999758934136e-05,8.90684361820604e-07,0.07990912348032,0.800635516643524,8501.084
2809,moist_grid46819_microbe22775_all.pickle,9,12,3,1,0.0884146764874458,4.59997972939163e-05,4.11222681577783e-05,7.25235395293566e-07,0.0293051321059465,0.190274447202682,5229.6978
2810,moist_grid46819_microbe22775_all.pickle,10,12,39,1,0.0824385434389114,7.8828634286765e-05,3.74687115254346e-05,6.50333049634355e-07,0.0135298008099198,0,4548.2607
2811,moist_grid46819_microbe22775_all.pickle,11,12,4,1,0.0675397664308548,5.55030419491231e-05,6.03318330831826e-05,4.62732998585125e-07,0.0510170422494411,0.452153086662292,1977.6547
2812,moist_grid46819_microbe22775_all.pickle,12,12,11,1,0.0806156620383263,8.65755646373145e-05,8.28852353151888e-05,2.52389924071394e-07,0.0587864108383656,0.545863509178162,3772.951
2813,moist_grid46819_microbe22775_all.pickle,13,12,34,1,0.0514342114329338,2.32384300034028e-05,1.79995022335788e-05,9.67746586866269e-07,0.0964380949735641,1,741.34283
2814,moist_grid46819_microbe22775_all.pickle,14,12,16,1,0.0903453826904297,9.41919788601808e-05,6.7077882704325e-05,4.40370882870411e-07,0.0235523097217083,0.12088668346405,6619.8604
2815,moist_grid46819_microbe22775_all.pickle,15,12,34,1,0.0600312538444996,3.00910214718897e-05,6.13675001659431e-05,3.77845424281986e-07,0.0549594722688198,0.499704778194427,1550.5176
2816,moist_grid46819_microbe22775_all.pickle,16,12,33,1,0.0717980936169624,3.92808979086112e-05,8.61605294630863e-05,9.20335992304899e-07,0.0719849765300751,0.705058217048645,4859.502
2817,moist_grid46819_microbe22775_all.pickle,17,12,25,1,0.0584303736686707,6.94657137501054e-05,7.48633246985264e-05,5.74449984469538e-07,0.0880381613969803,0.898684024810791,1478.2317
2818,moist_grid46819_microbe22775_all.pickle,18,12,23,1,0.0645952224731445,9.75980656221509e-05,3.4442880860297e-05,1.34657838657404e-07,0.074975848197937,0.74113267660141,2731.0134
2819,moist_grid46819_microbe22775_all.pickle,19,12,35,1,0.0739812850952148,7.54614229663275e-05,4.49564577138517e-05,6.29222256520734e-07,0.0949001535773277,0.981450080871582,5610.855
2820,moist_grid46819_microbe22775_all.pickle,20,12,22,1,0.0697362273931503,1.94510830624495e-05,5.00938695040531e-05,1.92668338172552e-07,0.0917151942849159,0.943034648895264,5079.084
2821,moist_grid46819_microbe22775_all.pickle,21,11,9,1,0.0754339173436165,6.13673983025365e-05,9.94256333797239e-05,2.91465369173238e-07,0.0193590242415667,0.0703092887997627,4113.2197
2822,moist_grid46819_microbe22775_all.pickle,22,12,21,1,0.0542632862925529,2.79684918496059e-05,2.36562773352489e-05,4.17147617781666e-07,0.0494076013565063,0.432740807533264,856.0691
2823,moist_grid46819_microbe22775_all.pickle,23,11,5,1,0.0623414739966393,3.79985831386875e-05,7.44746357668191e-05,5.30990462266345e-07,0.0632924735546112,0.600213468074799,632.43475
2824,moist_grid46819_microbe22775_all.pickle,24,12,32,1,0.0761555135250092,9.09658119780943e-05,7.9252764408011e-05,3.17862742349462e-07,0.0657101273536682,0.629374027252197,5532.0283
2825,moist_grid46819_microbe22775_all.pickle,25,12,15,1,0.0875392705202103,4.90041784360074e-05,7.08914885763079e-05,9.6297731033701e-07,0.0326050408184528,0.230076387524605,5643.121
2826,moist_grid46819_microbe5451_all.pickle,1,12,34,1,0.0593806654214859,7.93650033301674e-05,4.71482708235271e-05,9.26021414215938e-07,0.0843964591622353,0.854333400726318,4258.1333
2827,moist_grid46819_microbe5451_all.pickle,2,12,26,1,0.0505899265408516,1.93266678252257e-05,6.14813034189865e-05,3.74789806301123e-07,0.011599550023675,0,393.7896
2828,moist_grid46819_microbe5451_all.pickle,3,12,37,1,0.0968742817640305,9.16266581043601e-05,3.2527263101656e-05,1.55348118369147e-07,0.0601159520447254,0.569381058216095,7277.572
2829,moist_grid46819_microbe5451_all.pickle,4,12,13,1,0.0792969316244125,8.65900947246701e-05,4.14784881286323e-05,9.69930056271551e-07,0.0734350010752678,0.725691378116608,6777.957
2830,moist_grid46819_microbe5451_all.pickle,5,12,30,1,0.0540184415876865,5.66291273571551e-05,9.29725210880861e-05,3.37895784241482e-07,0.0452941060066223,0.39543417096138,2391.3804
2831,moist_grid46819_microbe5451_all.pickle,6,11,10,1,0.0877058580517769,6.79819568176754e-05,7.56450826884247e-05,5.01391582474753e-07,0.0939818471670151,0.966826021671295,9993.534
2832,moist_grid46819_microbe5451_all.pickle,7,6,4,1,0.0909813344478607,3.70100460713729e-05,9.16890130611137e-05,2.45003661802912e-07,0.0553099177777767,0.512978136539459,0.8633111
2833,moist_grid46819_microbe5451_all.pickle,8,10,8,1,0.08974789083004,5.98160841036588e-05,3.57212338712998e-05,8.60889429077361e-07,0.0420862697064877,0.35778746008873,1135.3296
2834,moist_grid46819_microbe5451_all.pickle,9,10,15,1,0.0707317814230919,5.17471125931479e-05,5.13733175466768e-05,8.38516825751867e-07,0.0296592582017183,0.211945965886116,2539.1223
2835,moist_grid46819_microbe5451_all.pickle,10,12,14,1,0.0632215887308121,7.44491117075086e-05,9.77945746853948e-05,7.1558446279596e-07,0.0184600334614515,0.0805135816335678,2576.14
2836,moist_grid46819_microbe5451_all.pickle,11,12,22,1,0.0689560323953629,3.4528442483861e-05,5.87811373407021e-05,7.84122391905839e-07,0.0797759518027306,0.800107836723328,6892.012
2837,moist_grid46819_microbe5451_all.pickle,12,12,14,1,0.0616883412003517,4.00334065489005e-05,8.66682894411497e-05,6.65425318402413e-07,0.0700173303484917,0.685582160949707,5319.6685
2838,moist_grid46819_microbe5451_all.pickle,13,12,20,1,0.0762896165251732,8.28188640298322e-05,1.60116105689667e-05,6.02736520249891e-07,0.0276895835995674,0.18883016705513,6105.1665
2839,moist_grid46819_microbe5451_all.pickle,14,11,14,1,0.0733983516693115,6.53600145597011e-05,2.05116575671127e-05,6.16249735685415e-07,0.0364502407610416,0.291643887758255,5691.0737
2840,moist_grid46819_microbe5451_all.pickle,15,12,20,1,0.0844437554478645,2.97568531095749e-05,2.77663657470839e-05,6.96613312811678e-07,0.0756296068429947,0.751446962356567,8931.349
2841,moist_grid46819_microbe5451_all.pickle,16,6,2,1,0.0938894972205162,4.37842500105035e-05,1.1228217772441e-05,7.75788464579819e-07,0.0883654877543449,0.900913298130035,2.8882601
2842,moist_grid46819_microbe5451_all.pickle,17,12,11,1,0.0656471401453018,6.1942140746396e-05,6.61657613818534e-05,3.88161765840778e-07,0.0526951625943184,0.482291847467422,2995.075
2843,moist_grid46819_microbe5451_all.pickle,18,5,3,1,0.0749736726284027,1.29518357425695e-05,3.05425746773835e-05,2.171840947085e-07,0.0968085676431656,1,1.3147643
2844,moist_grid46819_microbe5451_all.pickle,19,8,8,1,0.0673906579613686,1.53493874677224e-05,7.40268151275814e-05,4.41079237134545e-07,0.0661652758717537,0.640375018119812,1343.1439
2845,moist_grid46819_microbe5451_all.pickle,20,12,40,1,0.0956089571118355,7.80675036367029e-05,6.92697576596402e-05,5.59674731448467e-07,0.0894984900951385,0.914210021495819,7895.218
2846,moist_grid46819_microbe5451_all.pickle,21,12,39,1,0.0984386280179024,2.36927880905569e-05,2.19490266317734e-05,2.96225522333771e-07,0.0158578269183636,0.0499744862318039,7603.2925
2847,moist_grid46819_microbe5451_all.pickle,22,12,11,1,0.0573315843939781,2.74506837740773e-05,4.31919361290056e-05,4.62092771158495e-07,0.0629100576043129,0.602172255516052,2217.0796
2848,moist_grid46819_microbe5451_all.pickle,23,12,18,1,0.0819333717226982,9.43939303397201e-05,8.08732729637995e-05,9.33930323299137e-07,0.0227784067392349,0.131193354725838,7077.9536
2849,moist_grid46819_microbe5451_all.pickle,24,12,0,1,0.0529868751764297,4.7830049879849e-05,8.53450765134767e-05,1.80687948159175e-07,0.0334443040192127,0.256366699934006,723.5531
2850,moist_grid46819_microbe5451_all.pickle,25,9,5,1,0.0822399109601974,9.79068499873392e-05,5.55156148038805e-05,1.21479899917176e-07,0.049416296184063,0.443811565637589,30.741623
2851,moist_grid46819_microbe572_all.pickle,1,12,29,1,0.0778292715549469,2.55152554018423e-05,5.49081014469266e-05,2.37032637073753e-07,0.0856504812836647,0.848202407360077,7361.6294
2852,moist_grid46819_microbe572_all.pickle,2,11,12,1,0.0554758459329605,2.16375738091301e-05,8.63362656673416e-05,4.6147081889103e-07,0.0189126953482628,0.0847975835204124,962.7625
2853,moist_grid46819_microbe572_all.pickle,3,12,24,1,0.0500397868454456,9.73622445599176e-05,4.35040856245905e-05,6.72391934131156e-07,0.0294750668108463,0.205619156360626,689.4047
2854,moist_grid46819_microbe572_all.pickle,4,9,3,1,0.0653113573789597,6.05824643571395e-05,3.47408677043859e-05,7.99501776782563e-07,0.0408939868211746,0.33623868227005,813.37524
2855,moist_grid46819_microbe572_all.pickle,5,12,30,1,0.0607504621148109,6.88013751641847e-05,7.99766348791309e-05,3.81111362912634e-07,0.0689471811056137,0.657135486602783,3305.6614
2856,moist_grid46819_microbe572_all.pickle,6,12,24,1,0.0677608624100685,9.31402973947115e-05,4.6840330469422e-05,9.11514234758215e-07,0.0652729198336601,0.615106105804443,4695.9575
2857,moist_grid46819_microbe572_all.pickle,7,12,14,1,0.053985308855772,1.20195045383298e-05,1.69806971825892e-05,1.18692007333721e-07,0.0356610864400864,0.276380211114883,863.3771
2858,moist_grid46819_microbe572_all.pickle,8,12,38,1,0.0722862035036087,8.83968386915512e-05,9.39224119065329e-05,9.52232483086846e-07,0.0734397172927856,0.708525002002716,6206.127
2859,moist_grid46819_microbe572_all.pickle,9,7,5,1,0.0840972512960434,8.41249857330695e-05,1.93133109860355e-05,7.50813285321783e-07,0.034422505646944,0.262212246656418,1.461872
2860,moist_grid46819_microbe572_all.pickle,10,8,2,1,0.0702947378158569,5.36950574314687e-05,6.68944849167019e-05,4.0498076714357e-07,0.0897703543305397,0.895329058170319,2245.943
2861,moist_grid46819_microbe572_all.pickle,11,12,8,1,0.0817161202430725,3.1076717277756e-05,9.1428511950653e-05,5.65928473861277e-07,0.0931898057460785,0.934443712234497,8568.598
2862,moist_grid46819_microbe572_all.pickle,12,10,8,1,0.0965473428368568,1.79432972799987e-05,9.70554974628612e-05,1.80985054498706e-07,0.0266298782080412,0.173073425889015,6705.861
2863,moist_grid46819_microbe572_all.pickle,13,12,22,1,0.0863205343484879,3.54624389728997e-05,8.35061800898984e-05,1.65716514288761e-07,0.0567352399230003,0.517444670200348,7594.2925
2864,moist_grid46819_microbe572_all.pickle,14,5,1,1,0.0955772176384926,1.68531860254006e-05,5.77619066461921e-05,7.10185872776492e-07,0.0820278599858284,0.806763708591461,2.252065
2865,moist_grid46819_microbe572_all.pickle,15,12,12,1,0.0788185223937035,3.37213714374229e-05,7.58207534090616e-05,5.93473657772847e-07,0.0989208146929741,1,8848.265
2866,moist_grid46819_microbe572_all.pickle,16,12,25,1,0.0931241288781166,4.63410469819792e-05,3.55862066498958e-05,3.46347889035314e-07,0.0470156669616699,0.406263768672943,7524.5845
2867,moist_grid46819_microbe572_all.pickle,17,11,21,1,0.0591137632727623,7.52816413296387e-05,5.0959708460141e-05,5.11773123434978e-07,0.0630845576524734,0.590073704719543,1987.8322
2868,moist_grid46819_microbe572_all.pickle,18,10,8,1,0.0897927954792976,5.90017625654582e-05,2.33334594668122e-05,8.54655354487477e-07,0.0444205217063427,0.376578241586685,1198.0428
2869,moist_grid46819_microbe572_all.pickle,19,12,34,1,0.0832727998495102,9.17031138669699e-05,7.47769518056884e-05,6.1711023136013e-07,0.0772692710161209,0.752330839633942,6992.956
2870,moist_grid46819_microbe572_all.pickle,20,12,24,1,0.0749495774507523,4.97333021485247e-05,2.74719186563743e-05,2.50870414220117e-07,0.0791230946779251,0.773536503314972,7656.4434
2871,moist_grid46819_microbe572_all.pickle,21,9,1,1,0.0565063171088696,8.09227785794064e-05,6.16437100688927e-05,4.2589053350639e-07,0.0159642957150936,0.051071222871542,482.9276
2872,moist_grid46819_microbe572_all.pickle,22,12,35,1,0.099476583302021,7.35174398869276e-05,6.89672087901272e-05,9.75053353613475e-07,0.052252471446991,0.466166883707047,7469.428
2873,moist_grid46819_microbe572_all.pickle,23,10,8,1,0.0902184322476387,4.31036314694211e-05,2.81746306427522e-05,3.0695363761879e-07,0.0212740264832973,0.11180853843689,83.23058
2874,moist_grid46819_microbe572_all.pickle,24,10,8,1,0.063584178686142,6.69302899041213e-05,4.04230268031824e-05,7.4361963697811e-07,0.0591811947524548,0.545423626899719,145.07495
2875,moist_grid46819_microbe572_all.pickle,25,12,16,1,0.0698712319135666,4.20396718254779e-05,1.11132430902217e-05,8.57267423270969e-07,0.0114995865151286,0,3785.7688
2876,moist_grid46819_microbe5792_all.pickle,1,12,21,1,0.0559102110564709,9.02184401638806e-05,8.40068096294999e-05,7.68945312756841e-07,0.0168537274003029,0.0571404546499252,766.20325
2877,moist_grid46819_microbe5792_all.pickle,2,9,3,1,0.0838478803634644,6.68713109917007e-05,3.24877655657474e-05,4.89228966671362e-07,0.0670068189501762,0.649886071681976,5699.6113
2878,moist_grid46819_microbe5792_all.pickle,3,12,21,1,0.0644053369760513,5.35550097993109e-05,1.89280162885552e-05,8.16483066046203e-07,0.0719436481595039,0.708233058452606,5940.6787
2879,moist_grid46819_microbe5792_all.pickle,4,11,5,1,0.0746757462620735,4.37468515883666e-05,1.1018604709534e-05,8.20489560737769e-07,0.0433254912495613,0.370002955198288,2249.619
2880,moist_grid46819_microbe5792_all.pickle,5,12,25,1,0.0840496122837067,2.55212908086833e-05,5.52832352695987e-05,7.32474177311815e-07,0.075380265712738,0.748849511146545,7707.5083
2881,moist_grid46819_microbe5792_all.pickle,6,12,31,1,0.0621788091957569,8.74180623213761e-05,9.37389195314609e-05,9.20103275348083e-07,0.0603429488837719,0.571127593517303,2870.197
2882,moist_grid46819_microbe5792_all.pickle,7,12,35,1,0.0806875601410866,2.2639891540166e-05,3.88227053917944e-05,5.01430463373254e-07,0.0197854358702898,0.0917895138263702,3574.6575
2883,moist_grid46819_microbe5792_all.pickle,8,12,26,1,0.0597406439483166,8.49911739351228e-05,9.70865512499586e-05,8.84083931396162e-07,0.0498193427920341,0.44675201177597,2415.9302
2884,moist_grid46819_microbe5792_all.pickle,9,12,28,1,0.0609503909945488,7.67599631217308e-05,7.13364279363304e-05,4.35902506978891e-07,0.0407159179449081,0.33916112780571,3023.5352
2885,moist_grid46819_microbe5792_all.pickle,10,12,32,1,0.0880807414650917,4.96294305776246e-05,6.92104003974237e-05,1.82462116526949e-07,0.0854939445853233,0.868380308151245,8824.132
2886,moist_grid46819_microbe5792_all.pickle,11,11,2,1,0.0771041810512543,4.03990634367801e-05,1.6227846572292e-05,5.53103348011064e-07,0.0929554179310799,0.956565380096436,6694.165
2887,moist_grid46819_microbe5792_all.pickle,12,12,22,1,0.0687120333313942,7.87795215728693e-05,3.87092695746105e-05,1.05833876773431e-07,0.028384443372488,0.193418815732002,5930.5684
2888,moist_grid46819_microbe5792_all.pickle,13,12,37,1,0.0728585794568062,6.06499015702866e-05,6.57121709082276e-05,3.74114051737706e-07,0.0120189879089594,0,4759.896
2889,moist_grid46819_microbe5792_all.pickle,14,12,31,1,0.0986755862832069,1.82604562724009e-05,2.46919880737551e-05,1.57126152089404e-07,0.021455280482769,0.111524946987629,7285.355
2890,moist_grid46819_microbe5792_all.pickle,15,12,17,1,0.0563431158661842,5.87424074183218e-05,5.16176041855942e-05,9.85751398729917e-07,0.0914224237203598,0.93844735622406,1899.9597
2891,moist_grid46819_microbe5792_all.pickle,16,12,29,1,0.0794710069894791,3.01532381854486e-05,2.41904090216849e-05,9.541618055664e-07,0.027952428907156,0.188312947750092,5131.749
2892,moist_grid46819_microbe5792_all.pickle,17,12,34,1,0.0663125067949295,4.62721072835848e-05,9.24882479012012e-05,7.07350352513458e-07,0.0860172361135483,0.874564945697784,5141.148
2893,moist_grid46819_microbe5792_all.pickle,18,12,29,1,0.0521214678883553,6.981982733123e-05,6.28090856480412e-05,5.72326996461925e-07,0.037357721477747,0.299471527338028,1074.0825
2894,moist_grid46819_microbe5792_all.pickle,19,12,31,1,0.0963133275508881,3.41766826750245e-05,4.63459764432628e-05,3.04381558180467e-07,0.0966304838657379,1,9689.731
2895,moist_grid46819_microbe5792_all.pickle,20,10,3,1,0.0719796642661095,1.63449658430181e-05,4.48596001660917e-05,3.99551794316721e-07,0.0694262981414795,0.678481221199036,1618.545
2896,moist_grid46819_microbe5792_all.pickle,21,12,22,1,0.095293365418911,3.8498346839333e-05,7.97075408627279e-05,6.0950674196647e-07,0.0609783008694649,0.578636646270752,7769.2944
2897,moist_grid46819_microbe5792_all.pickle,22,11,10,1,0.0515653267502785,7.45776196708903e-05,7.53704953240231e-05,2.66686186023435e-07,0.046844195574522,0.411589533090591,598.8784
2898,moist_grid46819_microbe5792_all.pickle,23,12,23,1,0.0927984416484833,1.0797619324876e-05,8.89934672159143e-05,2.09841758191942e-07,0.055625531822443,0.515373706817627,7905.848
2899,moist_grid46819_microbe5792_all.pickle,24,9,10,1,0.0876034200191498,9.58585806074552e-05,3.02644602925284e-05,3.50840167584465e-07,0.0815988853573799,0.822345674037933,3021.1643
2900,moist_grid46819_microbe5792_all.pickle,25,11,7,1,0.0909712538123131,9.77852905634791e-05,5.83082837692928e-05,6.50094193588302e-07,0.0317896902561188,0.233664482831955,3591.5996
2901,moist_grid46819_microbe5882_all.pickle,1,12,9,1,0.0752215161919594,6.07777510595042e-05,6.63714381516911e-05,5.24890538144973e-07,0.0745477303862572,0.737594723701477,6534.1416
2902,moist_grid46819_microbe5882_all.pickle,2,12,20,1,0.0964640453457832,9.58545642788522e-05,9.78038442553952e-05,3.88930942563093e-07,0.0883079022169113,0.895186901092529,7061.8413
2903,moist_grid46819_microbe5882_all.pickle,3,12,18,1,0.0766096115112305,3.46255619660951e-05,5.59261898160912e-05,6.42850807253126e-07,0.068876251578331,0.672640562057495,5339.215
2904,moist_grid46819_microbe5882_all.pickle,4,12,27,1,0.0957887098193169,2.92347613140009e-05,4.29742831329349e-05,4.6089800775917e-07,0.0834948047995567,0.840063571929932,8169.3228
2905,moist_grid46819_microbe5882_all.pickle,5,12,27,1,0.0854947343468666,7.02488396200351e-05,2.5200521122315e-05,1.0819899642911e-07,0.0591178126633167,0.560879290103912,6993.9834
2906,moist_grid46819_microbe5882_all.pickle,6,12,21,1,0.0577697567641735,2.42842615989503e-05,9.12240720936097e-05,8.31665261102899e-07,0.0799061879515648,0.798963963985443,1337.2905
2907,moist_grid46819_microbe5882_all.pickle,7,12,13,1,0.0668714344501495,2.5980483769672e-05,1.10004302769084e-05,5.59849695491721e-07,0.0660445764660835,0.640210032463074,2410.725
2908,moist_grid46819_microbe5882_all.pickle,8,12,32,1,0.0836445391178131,4.34219691669568e-05,6.87886204104871e-05,1.96205235170055e-07,0.0256866160780191,0.177999302744865,6244.09
2909,moist_grid46819_microbe5882_all.pickle,9,12,37,1,0.0811516493558884,7.89528639870696e-05,7.84153526183218e-05,7.83745178978279e-07,0.0639680400490761,0.616427898406982,5165.279
2910,moist_grid46819_microbe5882_all.pickle,10,10,5,1,0.0643810853362083,7.48425954952836e-05,8.54600293678232e-05,6.02093962243089e-07,0.037251953035593,0.310454517602921,382.07437
2911,moist_grid46819_microbe5882_all.pickle,11,12,32,1,0.087517686188221,4.22793673351407e-05,7.30929386918433e-05,7.38076323614223e-07,0.0185034181922674,0.0957317501306534,6449.637
2912,moist_grid46819_microbe5882_all.pickle,12,11,16,1,0.0981725379824638,9.25038621062413e-05,2.18624682020163e-05,9.05361901004653e-07,0.0322602316737175,0.253285467624664,4094.9504
2913,moist_grid46819_microbe5882_all.pickle,13,12,9,1,0.0639039278030396,8.24748931336217e-05,6.39469144516625e-05,3.43768022048607e-07,0.0558063201606274,0.522953510284424,1354.4727
2914,moist_grid46819_microbe5882_all.pickle,14,11,12,1,0.0536225661635399,3.59088517143391e-05,3.73021939594764e-05,2.47591913193901e-07,0.0101445931941271,0,576.0522
2915,moist_grid46819_microbe5882_all.pickle,15,11,8,1,0.0936116799712181,1.90094633580884e-05,2.84514480881626e-05,2.85629965901535e-07,0.0974596664309502,1,9098.876
2916,moist_grid46819_microbe5882_all.pickle,16,12,40,1,0.0600799545645714,5.98822989559267e-05,5.86189780733548e-05,9.33374110445584e-07,0.022409176453948,0.140463531017303,1961.2748
2917,moist_grid46819_microbe5882_all.pickle,17,12,35,1,0.0582259967923164,6.62712045595981e-05,7.57467569201253e-05,2.29213341640389e-07,0.0442384779453278,0.390469640493393,1127.6173
2918,moist_grid46819_microbe5882_all.pickle,18,12,17,1,0.0724387243390083,1.22055944302701e-05,8.72571981744841e-05,1.69405922179067e-07,0.0777913480997086,0.774743139743805,3465.9863
2919,moist_grid46819_microbe5882_all.pickle,19,11,10,1,0.0909585654735565,5.21501897310372e-05,1.73016396729508e-05,7.09542177901312e-07,0.0525398664176464,0.485543549060822,6409.0986
2920,moist_grid46819_microbe5882_all.pickle,20,11,2,1,0.0895554050803185,8.65333568071947e-05,9.41079997573979e-05,3.60359308615443e-07,0.040179081261158,0.343978255987167,5417.8633
2921,moist_grid46819_microbe5882_all.pickle,21,11,12,1,0.0541681423783302,1.65732599270996e-05,3.26735462294891e-05,7.87577448591037e-07,0.0160758644342422,0.0679295212030411,520.05054
2922,moist_grid46819_microbe5882_all.pickle,22,12,32,1,0.0682586804032326,9.97191891656257e-05,5.12656079081353e-05,9.91705292108236e-07,0.0473675616085529,0.426306307315826,4290.9707
2923,moist_grid46819_microbe5882_all.pickle,23,12,8,1,0.0700661614537239,7.28370214346796e-05,4.10193533753045e-05,4.35593932479605e-07,0.0311175584793091,0.24019867181778,1812.7496
2924,moist_grid46819_microbe5882_all.pickle,24,12,35,1,0.0508184805512428,5.37007072125562e-05,1.52206685015699e-05,6.38113135664753e-07,0.0931445434689522,0.950579881668091,862.67755
2925,moist_grid46819_microbe5882_all.pickle,25,12,38,1,0.078815832734108,4.89221747557167e-05,4.60113114968408e-05,8.81711855527101e-07,0.0920743718743324,0.938323438167572,6560.8755
2926,moist_grid46819_microbe8141_all.pickle,1,12,38,1,0.0838221237063408,7.08766965544783e-05,3.1059007596923e-05,8.86631426055828e-07,0.0607364773750305,0.564866900444031,7173.3145
2927,moist_grid46819_microbe8141_all.pickle,2,9,0,1,0.0624021142721176,7.53376370994374e-05,1.07811401903746e-05,4.8723217105362e-07,0.0821070298552513,0.806238114833832,670.8188
2928,moist_grid46819_microbe8141_all.pickle,3,10,8,1,0.0807001739740372,8.27048934297636e-05,6.67108688503504e-05,1.66674212209728e-07,0.0992623418569565,1,88.81549
2929,moist_grid46819_microbe8141_all.pickle,4,12,12,1,0.090537391602993,8.70247313287109e-05,3.97684380004648e-05,9.05592969502322e-07,0.0398782677948475,0.329282402992249,7987.352
2930,moist_grid46819_microbe8141_all.pickle,5,10,13,1,0.0524818450212479,2.89828021777794e-05,7.82864372013137e-05,6.01421163537452e-07,0.0263483598828316,0.176467910408974,28.183556
2931,moist_grid46819_microbe8141_all.pickle,6,12,39,1,0.0887427106499672,1.59572264237795e-05,9.56591247813776e-05,3.53375185113691e-07,0.0372875221073627,0.300021052360535,7897.043
2932,moist_grid46819_microbe8141_all.pickle,7,12,4,1,0.0724505111575127,9.86615050351247e-05,4.57081150671002e-05,9.42865597153286e-07,0.0526977404952049,0.474072843790054,3544.018
2933,moist_grid46819_microbe8141_all.pickle,8,11,10,1,0.0598007291555405,2.64908048848156e-05,7.96793101471849e-05,5.4480000244439e-07,0.0947503075003624,0.949038505554199,39.700863
2934,moist_grid46819_microbe8141_all.pickle,9,12,37,1,0.0547772459685802,9.33091650949791e-05,2.34284107136773e-05,4.03965941586648e-07,0.0703577026724815,0.673534512519836,2556.9011
2935,moist_grid46819_microbe8141_all.pickle,10,12,29,1,0.0871231555938721,4.25453399657272e-05,5.54573816771153e-05,6.97138773375627e-07,0.0303380861878395,0.221530139446259,6731.871
2936,moist_grid46819_microbe8141_all.pickle,11,9,8,1,0.0845654159784317,4.79231384815648e-05,8.91699673957191e-05,4.36588550201122e-07,0.0493386089801788,0.436132878065109,0
2937,moist_grid46819_microbe8141_all.pickle,12,12,35,1,0.0976967364549637,1.3249683433969e-05,6.95203998475336e-05,9.92943000710511e-07,0.0151415374130011,0.0498916655778885,7187.7397
2938,moist_grid46819_microbe8141_all.pickle,13,11,13,1,0.0656082257628441,5.8089350204682e-05,2.5940596970031e-05,1.07130524895638e-07,0.0178261287510395,0.0802129730582237,1916.2183
2939,moist_grid46819_microbe8141_all.pickle,14,12,29,1,0.0515681728720665,8.01605565357022e-05,9.91886336123571e-05,1.75845613625825e-07,0.0536928027868271,0.485311627388,646.57513
2940,moist_grid46819_microbe8141_all.pickle,15,12,34,1,0.0694436505436897,8.95902485353872e-05,6.02548279857729e-05,8.21783828541811e-07,0.0107242232188582,0,5679.2354
2941,moist_grid46819_microbe8141_all.pickle,16,12,15,1,0.0947386547923088,2.0205634427839e-05,7.23394332453609e-05,7.18431806490116e-07,0.0752740800380707,0.729062914848328,9125.906
2942,moist_grid46819_microbe8141_all.pickle,17,12,21,1,0.0616493299603462,5.54534817638341e-05,4.65840312244836e-05,3.439629949753e-07,0.0445338860154152,0.381865590810776,3154.2048
2943,moist_grid46819_microbe8141_all.pickle,18,10,8,1,0.0780352130532265,6.35292453807779e-05,9.07736539375037e-05,5.14641271820437e-07,0.0321581326425076,0.242086783051491,3658.0486
2944,moist_grid46819_microbe8141_all.pickle,19,11,3,1,0.0701538026332855,6.40356374788098e-05,1.88464910024777e-05,6.08417735747935e-07,0.0569792166352272,0.522430241107941,1413.0238
2945,moist_grid46819_microbe8141_all.pickle,20,12,23,1,0.056197140365839,3.44660948030651e-05,8.28124539111741e-05,2.11173315278756e-07,0.0239206068217754,0.14904747903347,1248.3247
2946,moist_grid46819_microbe8141_all.pickle,21,10,10,1,0.0998895540833473,4.1105999116553e-05,5.15992687724065e-05,7.60735758831288e-07,0.0877351760864258,0.869805634021759,8072.517
2947,moist_grid46819_microbe8141_all.pickle,22,12,36,1,0.0924084335565567,2.25072471948806e-05,3.25027867802419e-05,6.65385016418441e-07,0.0663669183850288,0.628460347652435,8444.8
2948,moist_grid46819_microbe8141_all.pickle,23,11,6,1,0.07551209628582,7.43784985388629e-05,3.80132987629622e-05,2.66549136540561e-07,0.0728578865528107,0.701773047447205,4560.045
2949,moist_grid46819_microbe8141_all.pickle,24,12,24,1,0.0767880156636238,3.82428006560076e-05,1.69167778949486e-05,2.92967257564669e-07,0.0801296234130859,0.783904194831848,8006.44
2950,moist_grid46819_microbe8141_all.pickle,25,12,33,1,0.0679823309183121,5.12254555360414e-05,6.0786958783865e-05,7.87344731634221e-07,0.0899398699402809,0.894706666469574,5709.0254
2951,moist_grid46819_microbe8417_all.pickle,1,12,38,1,0.0516633652150631,4.42259915871546e-05,7.26988728274591e-05,4.58417247273246e-07,0.0416900180280209,0.339343845844269,680.68353
2952,moist_grid46819_microbe8417_all.pickle,2,12,30,1,0.0612809993326664,9.52859045355581e-05,3.63784056389704e-05,6.82587710798543e-07,0.0954776853322983,0.95316219329834,2615.562
2953,moist_grid46819_microbe8417_all.pickle,3,12,31,1,0.0533488318324089,1.85254230018472e-05,9.8693577456288e-05,1.8419305547468e-07,0.0574911870062351,0.519664883613586,471.7791
2954,moist_grid46819_microbe8417_all.pickle,4,12,11,1,0.0834377482533455,8.94084223546088e-05,9.35272837523371e-05,5.22557229487575e-07,0.0536638088524342,0.47598734498024,6932.862
2955,moist_grid46819_microbe8417_all.pickle,5,12,33,1,0.0748557075858116,5.29930257471278e-05,6.35622709523886e-05,2.08092501452484e-07,0.0217466317117214,0.111752331256866,2361.865
2956,moist_grid46819_microbe8417_all.pickle,6,12,8,1,0.0720934346318245,5.5244341638172e-05,1.13868736661971e-05,3.24196832934831e-07,0.0362342298030853,0.277083039283752,2297.875
2957,moist_grid46819_microbe8417_all.pickle,7,10,1,1,0.0798772573471069,3.81483951059636e-05,3.36701086780522e-05,7.47700653391803e-07,0.0119540002197027,0,2453.085
2958,moist_grid46819_microbe8417_all.pickle,8,12,18,1,0.0981117859482765,6.92865578457713e-05,4.41481970483437e-05,8.23207017219829e-07,0.0995819866657257,1,8739.832
2959,moist_grid46819_microbe8417_all.pickle,9,12,27,1,0.0977190136909485,4.79342415928841e-05,8.17768668639474e-05,8.82333495155763e-07,0.0635472387075424,0.588775813579559,7706.665
2960,moist_grid46819_microbe8417_all.pickle,10,12,13,1,0.0693924650549889,4.08021805924363e-05,4.07600418839138e-05,8.14128782167245e-07,0.031284648925066,0.220599040389061,1619.6621
2961,moist_grid46819_microbe8417_all.pickle,11,12,20,1,0.0847705528140068,6.03943335590884e-05,2.94436722469982e-05,3.63501328592974e-07,0.0436208136379719,0.361377865076065,6997.1665
2962,moist_grid46819_microbe8417_all.pickle,12,12,16,1,0.088910847902298,2.88344872387825e-05,4.63429096271284e-05,2.94666619993222e-07,0.0851992443203926,0.83586585521698,8254.836
2963,moist_grid46819_microbe8417_all.pickle,13,11,10,1,0.0567390881478786,9.78569660219364e-05,6.57196360407397e-05,9.59638214226288e-07,0.0526810325682163,0.464772015810013,1153.9175
2964,moist_grid46819_microbe8417_all.pickle,14,12,24,1,0.092289999127388,3.33891366608441e-05,5.26463918504305e-05,7.72989778852207e-07,0.0686559826135635,0.647076189517975,7244.8403
2965,moist_grid46819_microbe8417_all.pickle,15,12,27,1,0.0949711054563522,7.43922864785418e-05,8.88338763616048e-05,1.15306939107995e-07,0.0857007130980492,0.84158855676651,7844.0845
2966,moist_grid46819_microbe8417_all.pickle,16,12,10,1,0.0706396326422691,1.34929878186085e-05,2.08912642847281e-05,5.6292793715329e-07,0.0464165769517422,0.393282800912857,2046.4247
2967,moist_grid46819_microbe8417_all.pickle,17,10,4,1,0.0587018504738808,8.45920585561544e-05,1.95106331375428e-05,5.68366260722541e-07,0.0251397304236889,0.150473967194557,3.1302664
2968,moist_grid46819_microbe8417_all.pickle,18,12,19,1,0.0648316293954849,6.27300323685631e-05,8.29396303743124e-05,1.67263664252459e-07,0.0157216414809227,0.0429958663880825,991.9887
2969,moist_grid46819_microbe8417_all.pickle,19,12,27,1,0.0769039243459702,8.69302821229212e-05,2.56671155511867e-05,9.04766977782856e-07,0.0915286093950272,0.908095836639404,6464.3926
2970,moist_grid46819_microbe8417_all.pickle,20,7,4,1,0.0669275224208832,7.73980500525795e-05,1.50932073665899e-05,2.72144717428091e-07,0.064598560333252,0.600773334503174,228.63594
2971,moist_grid46819_microbe8417_all.pickle,21,12,26,1,0.0806803703308105,7.98681285232306e-05,7.65002914704382e-05,4.13667578413879e-07,0.0324007123708725,0.233335420489311,4308.89
2972,moist_grid46819_microbe8417_all.pickle,22,10,2,1,0.0635663717985153,2.10411762964213e-05,6.91764580551535e-05,4.86838416691171e-07,0.020021939650178,0.0920703560113907,430.29312
2973,moist_grid46819_microbe8417_all.pickle,23,12,11,1,0.0863974913954735,1.61669941007858e-05,5.95101046201307e-05,6.59260251723026e-07,0.0763057842850685,0.734374761581421,7305.563
2974,moist_grid46819_microbe8417_all.pickle,24,12,40,1,0.0559057258069515,2.65990856860299e-05,9.07177236513235e-05,6.39751078779227e-07,0.0814312249422073,0.792865693569183,1147.3204
2975,moist_grid46819_microbe8417_all.pickle,25,12,21,1,0.0919073447585106,6.59428260405548e-05,5.48590251128189e-05,9.95568257167179e-07,0.0728489905595779,0.694926261901855,7594.6445
2976,moist_grid46819_microbe9200_all.pickle,1,12,29,1,0.0761917382478714,2.64800182776526e-05,6.92491521476768e-05,9.19802857879404e-07,0.0789879411458969,0.783292353153229,6173.136
2977,moist_grid46819_microbe9200_all.pickle,2,12,25,1,0.0998472794890404,1.1589853784244e-05,1.26511067719548e-05,4.00746387185791e-07,0.0611371621489525,0.571572542190552,7618.2886
2978,moist_grid46819_microbe9200_all.pickle,3,12,38,1,0.0833020955324173,9.70289620454423e-05,1.88160065590637e-05,5.1814799917338e-07,0.0963202267885208,0.988862574100494,5969.9
2979,moist_grid46819_microbe9200_all.pickle,4,12,32,1,0.0603264272212982,1.89734982996015e-05,8.50095239002258e-05,3.25357717656516e-07,0.0129460403695703,0,1263.7981
2980,moist_grid46819_microbe9200_all.pickle,5,9,8,1,0.0518251582980156,1.42698463605484e-05,5.39871944056358e-05,4.74331443456322e-07,0.0972592607140541,1,441.8106
2981,moist_grid46819_microbe9200_all.pickle,6,12,16,1,0.0733184218406677,2.4086637495202e-05,2.43610229517799e-05,8.65079016421078e-07,0.0887412205338478,0.898971498012543,6622.185
2982,moist_grid46819_microbe9200_all.pickle,7,12,30,1,0.0931576564908028,5.58171232114546e-05,6.55809999443591e-05,1.31399573888302e-07,0.0541387535631657,0.488567680120468,6423.691
2983,moist_grid46819_microbe9200_all.pickle,8,12,16,1,0.0553998090326786,5.19502682436723e-05,3.57378667104058e-05,2.243297529958e-07,0.026977751404047,0.166423618793488,958.1505
2984,moist_grid46819_microbe9200_all.pickle,9,12,19,1,0.0913945734500885,4.48997052444611e-05,8.74753241077997e-05,9.48906460962462e-07,0.0839757472276688,0.842450380325317,7805.8994
2985,moist_grid46819_microbe9200_all.pickle,10,12,36,1,0.069240391254425,4.80208364024293e-05,9.32317998376675e-05,6.26919415935845e-07,0.0198217127472162,0.081549160182476,3260.1675
2986,moist_grid46819_microbe9200_all.pickle,11,12,24,1,0.0705257952213287,3.71923015336506e-05,3.91271169064566e-05,6.91417938014638e-07,0.0356621704995632,0.269425481557846,2507.9656
2987,moist_grid46819_microbe9200_all.pickle,12,11,0,1,0.0657556653022766,5.80421583435964e-05,2.88008013740182e-05,4.54780547443079e-07,0.0490139164030552,0.427784353494644,2348.1926
2988,moist_grid46819_microbe9200_all.pickle,13,12,35,1,0.079492375254631,7.55755754653364e-05,4.74183871119749e-05,1.70741429883492e-07,0.0455190502107143,0.386333376169205,5537.401
2989,moist_grid46819_microbe9200_all.pickle,14,12,28,1,0.059554897248745,3.48926078004297e-05,9.93329740595073e-05,5.51102573354001e-07,0.0137779358774424,0.00986672658473253,1330.6062
2990,moist_grid46819_microbe9200_all.pickle,15,12,20,1,0.0560047179460526,6.64996841805987e-05,4.52351196145173e-05,7.55329779167369e-07,0.0397913940250874,0.318400293588638,1541.6365
2991,moist_grid46819_microbe9200_all.pickle,16,12,23,1,0.0534239783883095,2.92932654701872e-05,1.51796621139511e-05,1.91534510918245e-07,0.0736422762274742,0.719889879226685,1427.7592
2992,moist_grid46819_microbe9200_all.pickle,17,7,2,1,0.0979914218187332,6.32645969744772e-05,7.38164744689129e-05,6.53674135264737e-07,0.058907188475132,0.545123875141144,10.495116
2993,moist_grid46819_microbe9200_all.pickle,18,7,2,1,0.0663361996412277,8.79904473549686e-05,7.5572490459308e-05,7.44913791095314e-07,0.0904413238167763,0.919135630130768,41.012794
2994,moist_grid46819_microbe9200_all.pickle,19,10,1,1,0.0620992705225945,4.07451334467623e-05,5.73791876377072e-05,8.01116584625561e-07,0.0650896802544594,0.618451535701752,747.2466
2995,moist_grid46819_microbe9200_all.pickle,20,12,32,1,0.0859812051057816,7.44814678910188e-05,6.29005953669548e-05,9.72555881162407e-07,0.0240822676569223,0.132081627845764,5472.1685
2996,moist_grid46819_microbe9200_all.pickle,21,12,10,1,0.0742342621088028,8.41280416352674e-05,5.2657320338767e-05,2.78442456647099e-07,0.0783730670809746,0.77599960565567,5467.1494
2997,moist_grid46819_microbe9200_all.pickle,22,12,26,1,0.0887624025344849,8.16352621768601e-05,3.47769746440463e-05,8.49378352540953e-07,0.050738587975502,0.448239892721176,5879.349
2998,moist_grid46819_microbe9200_all.pickle,23,12,27,1,0.0874026417732239,9.51243491726927e-05,9.25753265619278e-05,5.74241710182832e-07,0.0711013600230217,0.689753293991089,5903.42
2999,moist_grid46819_microbe9200_all.pickle,24,10,13,1,0.0943076908588409,7.00451637385413e-05,7.84887888585217e-05,3.69922787513133e-07,0.0308340210467577,0.212161034345627,467.32535
3000,moist_grid46819_microbe9200_all.pickle,25,11,13,1,0.081481359899044,9.10836097318679e-05,2.74629164778162e-05,2.87362126982771e-07,0.0334109999239445,0.242725402116776,5595.134
3001,drought_grid46819_microbe12089_all.pickle,1,11,0,1,0.0919872522354126,7.47971425880678e-05,4.85693635710049e-05,1.31501096234388e-07,0.060086265206337,0.564012706279755,3480.3699
3002,drought_grid46819_microbe12089_all.pickle,2,11,2,1,0.0709974393248558,7.10985477780923e-05,7.58677269914187e-05,4.83620794966555e-07,0.0272275358438492,0.177430674433708,113.10953
3003,drought_grid46819_microbe12089_all.pickle,3,11,14,1,0.0792597606778145,9.16816861717962e-05,9.25193089642562e-05,6.87812530486553e-07,0.0502790361642838,0.448630928993225,3908.6086
3004,drought_grid46819_microbe12089_all.pickle,4,12,25,1,0.0777609422802925,2.34715207625413e-05,5.35459621460177e-05,5.87397551043978e-07,0.0403156615793705,0.331412106752396,1432.2333
3005,drought_grid46819_microbe12089_all.pickle,5,12,37,1,0.0860354974865913,8.13190563349053e-05,8.74932666192763e-05,2.74525319809982e-07,0.0800282955169678,0.798630118370056,6774.478
3006,drought_grid46819_microbe12089_all.pickle,6,9,7,1,0.0580538734793663,1.2287353456486e-05,5.70028860238381e-05,6.17854368556436e-07,0.073312483727932,0.719618797302246,8.437637
3007,drought_grid46819_microbe12089_all.pickle,7,12,33,1,0.0559332445263863,3.12780684907921e-05,3.6193996493239e-05,7.30396436665615e-07,0.0285930559039116,0.193495988845825,200.72293
3008,drought_grid46819_microbe12089_all.pickle,8,12,35,1,0.0829770639538765,3.96811810787767e-05,6.24880776740611e-05,8.03747354893858e-07,0.0457391031086445,0.395218759775162,3884.7908
3009,drought_grid46819_microbe12089_all.pickle,9,5,0,1,0.0967395231127739,1.62046799232485e-05,7.272393850144e-05,9.95118057289801e-07,0.0217926483601332,0.113489381968975,622.27325
3010,drought_grid46819_microbe12089_all.pickle,10,7,3,1,0.095450259745121,8.426026761299e-05,9.77299350779504e-05,8.6532190834987e-07,0.0344823524355888,0.262783408164978,4.195037
3011,drought_grid46819_microbe12089_all.pickle,11,12,26,1,0.0516716241836548,8.83393877302296e-05,6.75373667036183e-05,1.55897936338079e-07,0.0824491158127785,0.827111005783081,943.1018
3012,drought_grid46819_microbe12089_all.pickle,12,12,24,1,0.0894673466682434,2.47638654400362e-05,3.93215632357169e-05,1.99562549596521e-07,0.0938135385513306,0.960813105106354,11938.1
3013,drought_grid46819_microbe12089_all.pickle,13,12,34,1,0.0650193020701408,4.91505925310776e-05,3.00030114885885e-05,3.02602813917474e-07,0.0903614386916161,0.92019921541214,5398.838
3014,drought_grid46819_microbe12089_all.pickle,14,9,5,1,0.073139563202858,5.59065920242574e-05,2.7286685508443e-05,9.06995694549551e-07,0.0121462689712644,0,54.85567
3015,drought_grid46819_microbe12089_all.pickle,15,7,2,1,0.0630857422947884,7.77541499701329e-05,9.58793389145285e-05,5.22937909863685e-07,0.0971443504095078,1,2548.5193
3016,drought_grid46819_microbe12089_all.pickle,16,12,15,1,0.0999107286334038,9.71968256635591e-05,8.44138412503526e-05,4.52491832447777e-07,0.0701700374484062,0.682648003101349,6794.543
3017,drought_grid46819_microbe12089_all.pickle,17,12,40,1,0.0751968175172806,6.50790243525989e-05,4.99534835398663e-05,8.36573065043922e-07,0.0669418424367905,0.644668400287628,4114.3354
3018,drought_grid46819_microbe12089_all.pickle,18,11,11,1,0.0608236752450466,3.18147358484566e-05,3.1707197194919e-05,9.52427967604308e-07,0.0472475588321686,0.412965685129166,7.84908
3019,drought_grid46819_microbe12089_all.pickle,19,9,5,1,0.0676878392696381,9.44188359426335e-05,1.25131191452965e-05,2.15951928339564e-07,0.0633300468325615,0.602175712585449,226.38553
3020,drought_grid46819_microbe12089_all.pickle,20,12,33,1,0.0800986811518669,3.83805490855593e-05,7.95423839008436e-05,7.48959507745894e-07,0.0759440585970879,0.750579178333282,6526.2383
3021,drought_grid46819_microbe12089_all.pickle,21,11,3,1,0.0858873724937439,5.24815113749355e-05,6.9342611823231e-05,5.55537667423778e-07,0.0146315889433026,0.0292397197335958,296.69376
3022,drought_grid46819_microbe12089_all.pickle,22,8,1,1,0.0680064931511879,6.13986194366589e-05,2.19169360207161e-05,3.78566937797586e-07,0.0878156796097755,0.890248477458954,668.1366
3023,drought_grid46819_microbe12089_all.pickle,23,12,22,1,0.0562924183905125,1.88416088349186e-05,1.67918624356389e-05,6.60809007513308e-07,0.0197786521166563,0.0897947698831558,94.53717
3024,drought_grid46819_microbe12089_all.pickle,24,12,29,1,0.0531760640442371,5.87363574595656e-05,4.38341994595248e-05,4.01555439566437e-07,0.0363556630909443,0.284822851419449,333.30566
3025,drought_grid46819_microbe12089_all.pickle,25,11,6,1,0.0923134386539459,4.26262449764181e-05,1.9759552742471e-05,3.21156932159283e-07,0.0535684376955032,0.4873306453228,1590.7826
3026,drought_grid46819_microbe22765_all.pickle,1,10,8,1,0.0683184638619423,7.82360439188778e-05,4.99899251735769e-05,6.38447261280817e-07,0.0891981422901154,0.881274819374084,586.0544
3027,drought_grid46819_microbe22765_all.pickle,2,12,33,1,0.0752160102128983,1.06147263068124e-05,2.92321965389419e-05,3.57365706804558e-07,0.0838548839092255,0.819371461868286,3873.2273
3028,drought_grid46819_microbe22765_all.pickle,3,12,27,1,0.0811747014522552,5.00640999234747e-05,4.44715951744001e-05,4.68553253085702e-07,0.0164249502122402,0.0381743609905243,2809.5554
3029,drought_grid46819_microbe22765_all.pickle,4,12,23,1,0.0619650147855282,7.36851943656802e-05,1.95246848306851e-05,1.88399724265764e-07,0.0499106347560883,0.426116645336151,1063.9584
3030,drought_grid46819_microbe22765_all.pickle,5,10,4,1,0.0831304118037224,2.63124675257131e-05,5.8345733123133e-05,8.94902484560589e-07,0.091957151889801,0.913238823413849,96.45897
3031,drought_grid46819_microbe22765_all.pickle,6,12,19,1,0.064033716917038,6.68795109959319e-05,9.80043041636236e-05,6.6190665393151e-07,0.0692861005663872,0.650587558746338,2215.6213
3032,drought_grid46819_microbe22765_all.pickle,7,12,11,1,0.0908069759607315,8.47697301651351e-05,4.68307298433501e-05,2.62189757904707e-07,0.0994460433721542,1,13594.5205
3033,drought_grid46819_microbe22765_all.pickle,8,8,8,1,0.096459187567234,4.02641344408039e-05,8.42295048641972e-05,7.9196934166248e-07,0.0596932023763657,0.539450764656067,14.328992
3034,drought_grid46819_microbe22765_all.pickle,9,12,39,1,0.0890209823846817,4.92115868837573e-05,6.92180037731305e-05,9.35738682983356e-07,0.0473008193075657,0.395881086587906,3224.0288
3035,drought_grid46819_microbe22765_all.pickle,10,12,39,1,0.0528018213808537,3.48524808941875e-05,8.76943595358171e-05,1.06491228279992e-07,0.0436922945082188,0.354075193405151,176.26768
3036,drought_grid46819_microbe22765_all.pickle,11,10,6,1,0.0930915102362633,6.28840280114673e-05,7.8907236456871e-05,7.68447478094458e-07,0.0759220793843269,0.727467477321625,7710.413
3037,drought_grid46819_microbe22765_all.pickle,12,12,1,1,0.09847042709589,9.12439281819388e-05,5.48493917449377e-05,6.82441338994977e-07,0.0387552976608276,0.296878516674042,711.0048
3038,drought_grid46819_microbe22765_all.pickle,13,10,4,1,0.0556471273303032,1.79202415893087e-05,7.48635357012972e-05,4.36105949574994e-07,0.0785735249519348,0.758185267448425,495.64066
3039,drought_grid46819_microbe22765_all.pickle,14,12,21,1,0.0766195207834244,9.50527901295573e-05,1.39428602778935e-05,8.75317653026286e-07,0.0336653180420399,0.237909480929375,1277.7188
3040,drought_grid46819_microbe22765_all.pickle,15,12,6,1,0.0622528605163097,9.8329626780469e-05,4.04980455641635e-05,2.40489526959209e-07,0.0300656482577324,0.196206167340279,133.47931
3041,drought_grid46819_microbe22765_all.pickle,16,10,13,1,0.0955170318484306,7.09579544491135e-05,7.2395552706439e-05,4.132598689921e-07,0.0176333207637072,0.0521737150847912,774.8242
3042,drought_grid46819_microbe22765_all.pickle,17,12,4,1,0.0854481160640717,2.18698896787828e-05,1.25161650430528e-05,1.60566301588005e-07,0.06417416036129,0.591364085674286,1031.825
3043,drought_grid46819_microbe22765_all.pickle,18,12,35,1,0.0719569995999336,3.734344500117e-05,9.03579129953869e-05,5.90359945817909e-07,0.0637113824486732,0.58600264787674,1831.8129
3044,drought_grid46819_microbe22765_all.pickle,19,10,11,1,0.0596923939883709,8.70447256602347e-05,3.68880646419711e-05,9.92135596789012e-07,0.0714510679244995,0.675669372081757,66.331375
3045,drought_grid46819_microbe22765_all.pickle,20,12,33,1,0.0877678170800209,5.36826410098001e-05,2.58617856161436e-05,5.22830248428363e-07,0.0240440480411053,0.126444026827812,2997.5781
3046,drought_grid46819_microbe22765_all.pickle,21,8,6,1,0.0724501237273216,7.91230122558773e-05,2.23726310650818e-05,3.09399496245533e-07,0.0278458669781685,0.170489296317101,4.148324
3047,drought_grid46819_microbe22765_all.pickle,22,12,32,1,0.0677776411175728,5.90662129980046e-05,9.35328644118272e-05,5.39654706699366e-07,0.0928397327661514,0.923463821411133,4413.8696
3048,drought_grid46819_microbe22765_all.pickle,23,12,13,1,0.0797487273812294,4.44431643700227e-05,3.23405220115092e-05,3.24566656217939e-07,0.0131298862397671,0,294.22284
3049,drought_grid46819_microbe22765_all.pickle,24,12,21,1,0.051798015832901,2.80749954981729e-05,6.17431433056481e-05,8.3640748016478e-07,0.0416660904884338,0.33060097694397,125.55731
3050,drought_grid46819_microbe22765_all.pickle,25,12,24,1,0.0565300546586514,1.71253923326731e-05,6.7590743128676e-05,7.18374508323905e-07,0.0541420057415962,0.475138396024704,276.56747
3051,drought_grid46819_microbe26152_all.pickle,1,12,22,1,0.0822020918130875,3.61576858267654e-05,8.01906498963945e-05,3.96351708786824e-07,0.0848195850849152,0.83109450340271,6839.7446
3052,drought_grid46819_microbe26152_all.pickle,2,12,22,1,0.0520757921040058,5.99082559347153e-05,5.4688429372618e-05,7.24464882750908e-07,0.0194309819489717,0.0917304456233978,131.89069
3053,drought_grid46819_microbe26152_all.pickle,3,12,32,1,0.0989776775240898,7.37916416255757e-05,8.65622350829653e-05,4.94131199957337e-07,0.0539757236838341,0.482335805892944,5139.3447
3054,drought_grid46819_microbe26152_all.pickle,4,12,38,1,0.0692007690668106,5.28660966665484e-05,7.70645929151215e-05,6.06987782703072e-07,0.0413930080831051,0.340060144662857,1467.7968
3055,drought_grid46819_microbe26152_all.pickle,5,12,33,1,0.0940287634730339,2.38138945860555e-05,8.20477507659234e-05,7.69552059409762e-07,0.0329158529639244,0.244206994771957,3108.9753
3056,drought_grid46819_microbe26152_all.pickle,6,12,14,1,0.0787225365638733,8.37590123410337e-05,3.33469179167878e-05,9.92978016256529e-07,0.0710527822375298,0.675430059432983,1986.784
3057,drought_grid46819_microbe26152_all.pickle,7,12,38,1,0.0562567003071308,9.89433901850134e-05,6.50729489279911e-05,9.50068113070301e-07,0.0798404291272163,0.774793922901154,803.7895
3058,drought_grid46819_microbe26152_all.pickle,8,12,30,1,0.062772661447525,6.12003423157148e-05,2.89918170892633e-05,5.36490574631898e-07,0.0113184340298176,0,373.6672
3059,drought_grid46819_microbe26152_all.pickle,9,12,39,1,0.0545858964323997,2.88774117507273e-05,3.77547403331846e-05,2.52356443297685e-07,0.0456650443375111,0.388365030288696,250.69849
3060,drought_grid46819_microbe26152_all.pickle,10,12,15,1,0.0978470891714096,3.28332462231629e-05,5.16442123625893e-05,8.45535907956219e-07,0.0586432181298733,0.535112202167511,4610.1323
3061,drought_grid46819_microbe26152_all.pickle,11,12,17,1,0.0809435173869133,1.29234676933265e-05,7.23158082109876e-05,2.2696463020111e-07,0.0470996350049973,0.404586285352707,1351.1713
3062,drought_grid46819_microbe26152_all.pickle,12,12,34,1,0.073974683880806,8.9605207904242e-05,4.43720819021109e-05,1.61481125360297e-07,0.0216797329485416,0.117157593369484,1766.5378
3063,drought_grid46819_microbe26152_all.pickle,13,11,12,1,0.0679359808564186,4.46572012151591e-05,1.10155951915658e-05,5.74367902572703e-07,0.0614574886858463,0.566933810710907,629.39386
3064,drought_grid46819_microbe26152_all.pickle,14,12,17,1,0.0590082667768002,1.41737655212637e-05,8.95441116881557e-05,7.94110007973359e-07,0.0724614188075066,0.691357791423798,425.06494
3065,drought_grid46819_microbe26152_all.pickle,15,12,19,1,0.0840181931853294,6.7522247263696e-05,6.18099875282496e-05,1.95477440456671e-07,0.0290834009647369,0.20087257027626,1434.241
3066,drought_grid46819_microbe26152_all.pickle,16,12,33,1,0.051978025585413,7.5577110692393e-05,1.48952667586855e-05,4.56525214076464e-07,0.075677290558815,0.727720439434052,717.00305
3067,drought_grid46819_microbe26152_all.pickle,17,12,33,1,0.0881072357296944,9.4579670985695e-05,9.58986129262485e-05,1.05585073129078e-07,0.0370403043925762,0.290843099355698,3325.7383
3068,drought_grid46819_microbe26152_all.pickle,18,10,1,1,0.0762268081307411,2.66353217739379e-05,5.95051060372498e-05,8.8263749375983e-07,0.050841823220253,0.446900069713593,135.81393
3069,drought_grid46819_microbe26152_all.pickle,19,9,1,1,0.0874816849827766,5.37121522938833e-05,3.90546811104286e-05,3.86279651820587e-07,0.0268432181328535,0.175542309880257,31.886532
3070,drought_grid46819_microbe26152_all.pickle,20,12,39,1,0.0937017276883125,4.06596445827745e-05,9.98510877252556e-05,3.30934284420437e-07,0.0914065539836884,0.905574858188629,8835.353
3071,drought_grid46819_microbe26152_all.pickle,21,12,20,1,0.0654544308781624,8.64442699821666e-05,6.97585273883305e-05,6.58681813092699e-07,0.0997574180364609,1,5340.639
3072,drought_grid46819_microbe26152_all.pickle,22,12,32,1,0.0911547392606735,8.07791875558905e-05,2.74033482128289e-05,5.22558366355952e-07,0.0954620391130447,0.951431155204773,7818.457
3073,drought_grid46819_microbe26152_all.pickle,23,8,1,1,0.071197971701622,4.76338173029944e-05,1.83531137736281e-05,2.90087484700052e-07,0.0675983354449272,0.636369824409485,1241.2338
3074,drought_grid46819_microbe26152_all.pickle,24,12,17,1,0.0753083974123001,1.82908352144295e-05,4.78409529023338e-05,8.97065660865337e-07,0.0871946737170219,0.857950091362,5448.1104
3075,drought_grid46819_microbe26152_all.pickle,25,12,18,1,0.0614642091095448,7.05555139575154e-05,2.33821647270815e-05,7.11058248725749e-07,0.0169314909726381,0.0634681284427643,196.39835
3076,grass_grid46819_microbe12089_all.pickle,1,11,0,1,0.0919872522354126,7.47971425880678e-05,4.85693635710049e-05,1.31501096234388e-07,0.060086265206337,0.564012706279755,6953.3774
3077,grass_grid46819_microbe12089_all.pickle,2,11,2,1,0.0709974393248558,7.10985477780923e-05,7.58677269914187e-05,4.83620794966555e-07,0.0272275358438492,0.177430674433708,448.8629
3078,grass_grid46819_microbe12089_all.pickle,3,11,14,1,0.0792597606778145,9.16816861717962e-05,9.25193089642562e-05,6.87812530486553e-07,0.0502790361642838,0.448630928993225,6577.69
3079,grass_grid46819_microbe12089_all.pickle,4,12,25,1,0.0777609422802925,2.34715207625413e-05,5.35459621460177e-05,5.87397551043978e-07,0.0403156615793705,0.331412106752396,3872.3147
3080,grass_grid46819_microbe12089_all.pickle,5,12,37,1,0.0860354974865913,8.13190563349053e-05,8.74932666192763e-05,2.74525319809982e-07,0.0800282955169678,0.798630118370056,7811.925
3081,grass_grid46819_microbe12089_all.pickle,6,9,7,1,0.0580538734793663,1.2287353456486e-05,5.70028860238381e-05,6.17854368556436e-07,0.073312483727932,0.719618797302246,5.1172414
3082,grass_grid46819_microbe12089_all.pickle,7,12,33,1,0.0559332445263863,3.12780684907921e-05,3.6193996493239e-05,7.30396436665615e-07,0.0285930559039116,0.193495988845825,582.7269
3083,grass_grid46819_microbe12089_all.pickle,8,12,35,1,0.0829770639538765,3.96811810787767e-05,6.24880776740611e-05,8.03747354893858e-07,0.0457391031086445,0.395218759775162,6427.9033
3084,grass_grid46819_microbe12089_all.pickle,9,5,0,1,0.0967395231127739,1.62046799232485e-05,7.272393850144e-05,9.95118057289801e-07,0.0217926483601332,0.113489381968975,2632.3281
3085,grass_grid46819_microbe12089_all.pickle,10,7,3,1,0.095450259745121,8.426026761299e-05,9.77299350779504e-05,8.6532190834987e-07,0.0344823524355888,0.262783408164978,12.386716
3086,grass_grid46819_microbe12089_all.pickle,11,12,26,1,0.0516716241836548,8.83393877302296e-05,6.75373667036183e-05,1.55897936338079e-07,0.0824491158127785,0.827111005783081,1537.0485
3087,grass_grid46819_microbe12089_all.pickle,12,12,24,1,0.0894673466682434,2.47638654400362e-05,3.93215632357169e-05,1.99562549596521e-07,0.0938135385513306,0.960813105106354,11696.728
3088,grass_grid46819_microbe12089_all.pickle,13,12,34,1,0.0650193020701408,4.91505925310776e-05,3.00030114885885e-05,3.02602813917474e-07,0.0903614386916161,0.92019921541214,6725.833
3089,grass_grid46819_microbe12089_all.pickle,14,9,5,1,0.073139563202858,5.59065920242574e-05,2.7286685508443e-05,9.06995694549551e-07,0.0121462689712644,0,228.79532
3090,grass_grid46819_microbe12089_all.pickle,15,7,2,1,0.0630857422947884,7.77541499701329e-05,9.58793389145285e-05,5.22937909863685e-07,0.0971443504095078,1,1836.9855
3091,grass_grid46819_microbe12089_all.pickle,16,12,15,1,0.0999107286334038,9.71968256635591e-05,8.44138412503526e-05,4.52491832447777e-07,0.0701700374484062,0.682648003101349,8298.231
3092,grass_grid46819_microbe12089_all.pickle,17,12,40,1,0.0751968175172806,6.50790243525989e-05,4.99534835398663e-05,8.36573065043922e-07,0.0669418424367905,0.644668400287628,6271.513
3093,grass_grid46819_microbe12089_all.pickle,18,11,11,1,0.0608236752450466,3.18147358484566e-05,3.1707197194919e-05,9.52427967604308e-07,0.0472475588321686,0.412965685129166,9.607535
3094,grass_grid46819_microbe12089_all.pickle,19,9,5,1,0.0676878392696381,9.44188359426335e-05,1.25131191452965e-05,2.15951928339564e-07,0.0633300468325615,0.602175712585449,476.42825
3095,grass_grid46819_microbe12089_all.pickle,20,12,33,1,0.0800986811518669,3.83805490855593e-05,7.95423839008436e-05,7.48959507745894e-07,0.0759440585970879,0.750579178333282,8319.567
3096,grass_grid46819_microbe12089_all.pickle,21,11,3,1,0.0858873724937439,5.24815113749355e-05,6.9342611823231e-05,5.55537667423778e-07,0.0146315889433026,0.0292397197335958,1092.881
3097,grass_grid46819_microbe12089_all.pickle,22,8,1,1,0.0680064931511879,6.13986194366589e-05,2.19169360207161e-05,3.78566937797586e-07,0.0878156796097755,0.890248477458954,872.45996
3098,grass_grid46819_microbe12089_all.pickle,23,12,22,1,0.0562924183905125,1.88416088349186e-05,1.67918624356389e-05,6.60809007513308e-07,0.0197786521166563,0.0897947698831558,394.4952
3099,grass_grid46819_microbe12089_all.pickle,24,12,29,1,0.0531760640442371,5.87363574595656e-05,4.38341994595248e-05,4.01555439566437e-07,0.0363556630909443,0.284822851419449,765.82
3100,grass_grid46819_microbe12089_all.pickle,25,11,6,1,0.0923134386539459,4.26262449764181e-05,1.9759552742471e-05,3.21156932159283e-07,0.0535684376955032,0.4873306453228,4056.194
3101,drought_grid46819_microbe5732_all.pickle,1,11,19,1,0.0509847924113274,9.35853749979287e-05,2.91034448309802e-05,5.52728238290001e-07,0.0568325407803059,0.51893550157547,254.02217
3102,drought_grid46819_microbe5732_all.pickle,2,12,35,1,0.0745119974017143,5.37390587851405e-05,6.11292489338666e-05,6.8415715759329e-07,0.055390153080225,0.501775026321411,2071.4172
3103,drought_grid46819_microbe5732_all.pickle,3,12,29,1,0.0585222728550434,7.08373263478279e-05,7.99125191406347e-05,2.84945144812809e-07,0.0901161804795265,0.914920747280121,2016.7704
3104,drought_grid46819_microbe5732_all.pickle,4,12,13,1,0.0632070600986481,8.40431530377828e-05,4.86680000904016e-05,5.00263752201136e-07,0.0609310492873192,0.567696690559387,1260.8473
3105,drought_grid46819_microbe5732_all.pickle,5,12,31,1,0.0612396150827408,4.16045913880225e-05,7.58780806791037e-05,3.92839723417637e-07,0.0367262326180935,0.279724895954132,418.23413
3106,drought_grid46819_microbe5732_all.pickle,6,12,39,1,0.0707666575908661,3.01567906717537e-05,1.41238633659668e-05,1.4022887739884e-07,0.0244865734130144,0.134106084704399,1059.5988
3107,drought_grid46819_microbe5732_all.pickle,7,11,15,1,0.0539362505078316,2.70773944066605e-05,6.77680727676488e-05,9.61196860771452e-07,0.09726732224226,1,3345.3997
3108,drought_grid46819_microbe5732_all.pickle,8,12,23,1,0.0953037515282631,3.46057458955329e-05,3.17564445140306e-05,1.23450291766858e-07,0.0512045994400978,0.451978296041489,4048.2983
3109,drought_grid46819_microbe5732_all.pickle,9,7,5,1,0.0974322706460953,7.95464657130651e-05,9.21966493478976e-05,4.32333678190844e-07,0.0956269130110741,0.980483591556549,7109.3125
3110,drought_grid46819_microbe5732_all.pickle,10,12,38,1,0.0653480142354965,3.80726087314542e-05,5.55280093976762e-05,8.42237000142632e-07,0.0319138951599598,0.222471117973328,702.90955
3111,drought_grid46819_microbe5732_all.pickle,11,8,5,1,0.0661008879542351,2.31256999541074e-05,8.69394352775998e-05,6.06255639468145e-07,0.0238050110638142,0.125997334718704,2.912083
3112,drought_grid46819_microbe5732_all.pickle,12,12,39,1,0.0995275899767876,9.20914608286694e-05,9.75967195699923e-05,8.9555061322244e-07,0.0132145900279284,0,4344.5093
3113,drought_grid46819_microbe5732_all.pickle,13,12,30,1,0.0888983607292175,7.79855472501367e-05,1.1628523679974e-05,2.50780573196607e-07,0.0739741399884224,0.722874164581299,5854.2334
3114,drought_grid46819_microbe5732_all.pickle,14,12,17,1,0.0864560678601265,6.05992609052919e-05,9.6235926321242e-05,4.76694054896143e-07,0.0665436536073685,0.634471535682678,5234.846
3115,drought_grid46819_microbe5732_all.pickle,15,12,27,1,0.0738402754068375,1.14526683319127e-05,7.31903855921701e-05,6.57691145988792e-07,0.0795611888170242,0.789344966411591,3123.1912
3116,drought_grid46819_microbe5732_all.pickle,16,10,7,1,0.0836689695715904,5.14420680701733e-05,5.16944091941696e-05,3.72289122196889e-07,0.0188153851777315,0.0666342973709106,794.81036
3117,drought_grid46819_microbe5732_all.pickle,17,12,13,1,0.0812304764986038,7.42035990697332e-05,2.1689711502404e-05,5.73550664739741e-07,0.0470929406583309,0.403060644865036,2530.0452
3118,drought_grid46819_microbe5732_all.pickle,18,8,2,1,0.0916742831468582,1.99196401808877e-05,5.92484284425154e-05,7.9929384355637e-07,0.0861712172627449,0.867986381053925,74.4187
3119,drought_grid46819_microbe5732_all.pickle,19,12,37,1,0.0778251364827156,4.2491050407989e-05,6.68386273900978e-05,7.19159061191021e-07,0.0154025489464402,0.0260307881981134,1664.7966
3120,drought_grid46819_microbe5732_all.pickle,20,12,34,1,0.0683856457471848,8.74442703207023e-05,1.78961126948707e-05,7.80036259584449e-07,0.0844724997878075,0.847776234149933,5149.019
3121,drought_grid46819_microbe5732_all.pickle,21,12,24,1,0.0555634908378124,4.73545696877409e-05,8.40623397380114e-05,8.6352258676925e-07,0.0314556583762169,0.217019334435463,305.96234
3122,drought_grid46819_microbe5732_all.pickle,22,12,27,1,0.0932521373033524,9.84265279839747e-05,4.07898187404498e-05,9.90428816294298e-07,0.0440806299448013,0.367222309112549,4422.06
3123,drought_grid46819_microbe5732_all.pickle,23,12,34,1,0.0853872075676918,5.96345962549094e-05,4.55936242360622e-05,2.3629456791241e-07,0.0693566054105759,0.667938053607941,5354.7876
3124,drought_grid46819_microbe5732_all.pickle,24,12,26,1,0.0796207413077354,1.65960227604955e-05,3.65939631592482e-05,3.43087521059715e-07,0.039081048220396,0.307740837335587,1413.453
3125,drought_grid46819_microbe5732_all.pickle,25,12,29,1,0.0568863973021507,6.53254319331609e-05,2.76934770226944e-05,2.07441559041399e-07,0.0781583338975906,0.77265477180481,1477.7635
3126,drought_grid46819_microbe8104_all.pickle,1,12,19,1,0.0774661004543304,5.84200279263314e-05,4.96309039590415e-05,7.35360970338661e-07,0.0466445051133633,0.410177528858185,1562.8354
3127,drought_grid46819_microbe8104_all.pickle,2,12,16,1,0.0902333781123161,6.61302547086962e-05,3.05242137983441e-05,6.75804130878532e-07,0.0789450630545616,0.773533761501312,6919.9917
3128,drought_grid46819_microbe8104_all.pickle,3,9,0,1,0.0830274373292923,3.92525471397676e-05,4.01129109377507e-05,8.82539666235971e-07,0.0168558619916439,0.0750783234834671,383.1772
3129,drought_grid46819_microbe8104_all.pickle,4,12,35,1,0.0976377502083778,6.09989183431026e-05,3.44678483088501e-05,8.0898405485641e-07,0.0305569339543581,0.229204773902893,5173.26
3130,drought_grid46819_microbe8104_all.pickle,5,11,14,1,0.0617924705147743,8.23003356344998e-05,2.2983373128227e-05,8.52906737236481e-07,0.0234159547835588,0.148874297738075,120.08519
3131,drought_grid46819_microbe8104_all.pickle,6,12,24,1,0.0573954731225967,3.54088806489017e-05,2.77909803116927e-05,7.68745223922451e-07,0.0675778016448021,0.645660936832428,514.6529
3132,drought_grid46819_microbe8104_all.pickle,7,9,4,1,0.0681008100509644,2.340373066545e-05,9.90669577731751e-05,9.24125515666674e-07,0.0360699892044067,0.291222393512726,64.48146
3133,drought_grid46819_microbe8104_all.pickle,8,12,25,1,0.0532882362604141,4.49532235506922e-05,5.3224172006594e-05,1.60121146564052e-07,0.0929683968424797,0.931285440921783,2005.171
3134,drought_grid46819_microbe8104_all.pickle,9,12,31,1,0.0630761086940765,7.9003228165675e-05,1.29688223751145e-05,2.87840890678126e-07,0.0621707923710346,0.58483624458313,3296.186
3135,drought_grid46819_microbe8104_all.pickle,10,12,27,1,0.0511140674352646,2.99142211588332e-05,9.02189203770831e-05,5.62966647521534e-07,0.0726106539368629,0.702276647090912,464.21896
3136,drought_grid46819_microbe8104_all.pickle,11,9,0,1,0.0648048371076584,9.55690775299445e-05,9.32551047299057e-05,4.15644677786986e-07,0.0526599027216434,0.477846086025238,130.94934
3137,drought_grid46819_microbe8104_all.pickle,12,12,34,1,0.0670011937618256,8.92920870683156e-05,6.92370304022916e-05,6.80656967233517e-07,0.0255242139101028,0.172590583562851,1347.4913
3138,drought_grid46819_microbe8104_all.pickle,13,11,15,1,0.0955214649438858,4.75931083201431e-05,7.65325094107538e-05,1.22359793408577e-07,0.0191761292517185,0.101179532706738,1115.778
3139,drought_grid46819_microbe8104_all.pickle,14,10,8,1,0.0804512202739716,5.40131768502761e-05,4.44888355559669e-05,1.7744658009633e-07,0.0915528908371925,0.915362119674683,50.45948
3140,drought_grid46819_microbe8104_all.pickle,15,12,16,1,0.0852135792374611,9.97961251414381e-05,7.42432821425609e-05,5.17029036473104e-07,0.0568451508879662,0.524926900863647,5120.0776
3141,drought_grid46819_microbe8104_all.pickle,16,12,31,1,0.0935498401522636,8.63316163304262e-05,6.55753028695472e-05,3.85584030482278e-07,0.0563941523432732,0.519853532314301,5903.0913
3142,drought_grid46819_microbe8104_all.pickle,17,12,22,1,0.0549153238534927,5.24848510394804e-05,4.7205470764311e-05,2.68690456550758e-07,0.0844604969024658,0.835578143596649,1157.7268
3143,drought_grid46819_microbe8104_all.pickle,18,10,13,1,0.0589311197400093,3.26508306898177e-05,6.05980021646246e-05,6.2807129097564e-07,0.0403349660336971,0.339200109243393,339.9731
3144,drought_grid46819_microbe8104_all.pickle,19,4,1,1,0.07473473995924,7.22428085282445e-05,3.52994029526599e-05,9.97651000034239e-07,0.0775479823350906,0.757817685604095,0.907491
3145,drought_grid46819_microbe8104_all.pickle,20,12,16,1,0.088478147983551,1.15305701910984e-05,1.59924384206533e-05,4.89120225211082e-07,0.0440986901521683,0.381539076566696,2230.3582
3146,drought_grid46819_microbe8104_all.pickle,21,10,1,1,0.0784946903586388,7.66660159570165e-05,8.14554805401713e-05,3.29092983974988e-07,0.0868612751364708,0.862585067749023,1115.7075
3147,drought_grid46819_microbe8104_all.pickle,22,12,28,1,0.0706915184855461,2.68749754468445e-05,1.99380065168953e-05,4.47066156539222e-07,0.0990767776966095,1,11348.009
3148,drought_grid46819_microbe8104_all.pickle,23,12,23,1,0.0989875569939613,1.93725081771845e-05,8.83981410879642e-05,5.93555000705237e-07,0.0689980387687683,0.661637485027313,6358.456
3149,drought_grid46819_microbe8104_all.pickle,24,12,22,1,0.0860688239336014,1.5760475434945e-05,8.24299786472693e-05,2.09072695156465e-07,0.0338675417006016,0.266446560621262,1943.7091
3150,drought_grid46819_microbe8104_all.pickle,25,12,30,1,0.0730288773775101,6.83880425640382e-05,5.84558765694965e-05,9.42245321766677e-07,0.0101817743852735,0,1310.7816
3151,drought_grid46819_microbe440_all.pickle,1,12,40,1,0.08039191365242,1.30684884425136e-05,6.06290486757644e-05,6.73960983021971e-07,0.0115374680608511,0,896.53296
3152,drought_grid46819_microbe440_all.pickle,2,9,3,1,0.0689179450273514,5.50770018890034e-05,2.6470797820366e-05,5.13526174472645e-07,0.0240380186587572,0.146444573998451,176.14305
3153,drought_grid46819_microbe440_all.pickle,3,10,16,1,0.0932964235544205,9.63420025072992e-05,7.77703608036973e-05,4.78689685223799e-07,0.0441793762147427,0.382401615381241,2846.9048
3154,drought_grid46819_microbe440_all.pickle,4,10,12,1,0.0855767950415611,4.95448330184445e-05,7.08005536580458e-05,7.53597817038099e-07,0.095558188855648,0.984306931495667,277.52246
3155,drought_grid46819_microbe440_all.pickle,5,12,19,1,0.0829839184880257,3.81231875508092e-05,4.52563508588355e-05,9.22287313187553e-07,0.0968977510929108,1,12078.244
3156,drought_grid46819_microbe440_all.pickle,6,12,28,1,0.0867139399051666,4.06330764235463e-05,1.51404519783682e-05,6.31777822945878e-07,0.0369524322450161,0.297737598419189,2696.775
3157,drought_grid46819_microbe440_all.pickle,7,12,30,1,0.07210723310709,8.20729837869294e-05,2.90013631456532e-05,3.03868517903538e-07,0.0512374900281429,0.46508777141571,2799.577
3158,drought_grid46819_microbe440_all.pickle,8,11,3,1,0.058464277535677,7.7737815445289e-05,1.23680983961094e-05,9.66934976531775e-07,0.0415251031517982,0.351306647062302,141.53902
3159,drought_grid46819_microbe440_all.pickle,9,12,32,1,0.0606368966400623,5.11125545017421e-05,9.58341115619987e-05,8.01028932073677e-07,0.0902886465191841,0.922573983669281,2991.1267
3160,drought_grid46819_microbe440_all.pickle,10,12,21,1,0.0644407644867897,4.51922205684241e-05,8.8382039393764e-05,2.79200691011283e-07,0.0626534521579742,0.598826289176941,736.7122
3161,drought_grid46819_microbe440_all.pickle,11,9,8,1,0.0798051804304123,2.95605714200065e-05,3.50965710822493e-05,5.72723877212411e-07,0.0463455431163311,0.407778382301331,392.9497
3162,drought_grid46819_microbe440_all.pickle,12,12,22,1,0.0577920228242874,1.59814626385923e-05,2.39607124967733e-05,9.55837776928092e-07,0.0559770800173283,0.520612299442291,326.83435
3163,drought_grid46819_microbe440_all.pickle,13,11,5,1,0.0712462291121483,6.58422359265387e-05,7.26311773178168e-05,2.37685952697575e-07,0.0254295039921999,0.162745907902718,179.12816
3164,drought_grid46819_microbe440_all.pickle,14,12,35,1,0.0549460276961327,5.70930606045295e-05,7.94637599028647e-05,8.56487304190523e-07,0.0772755593061447,0.770125031471252,1155.5573
3165,drought_grid46819_microbe440_all.pickle,15,12,29,1,0.0889825001358986,8.05071322247386e-05,9.21170867513865e-05,4.21489886548443e-07,0.032597228884697,0.246716156601906,3721.8467
3166,drought_grid46819_microbe440_all.pickle,16,10,3,1,0.0662824288010597,2.77081362582976e-05,5.3318955906434e-05,8.49847481276811e-07,0.0171044617891312,0.0652176141738892,135.13599
3167,drought_grid46819_microbe440_all.pickle,17,11,9,1,0.0970583334565163,2.02738101506839e-05,9.92917994153686e-05,6.84322799315851e-07,0.079617939889431,0.797566115856171,7693.3794
3168,drought_grid46819_microbe440_all.pickle,18,12,31,1,0.0956179574131966,6.33643066976219e-05,4.95715576107614e-05,7.26507153103739e-07,0.0295290444046259,0.210772231221199,4570.793
3169,drought_grid46819_microbe440_all.pickle,19,12,9,1,0.0503649190068245,2.18194418266648e-05,4.01912984671071e-05,1.07604108734449e-07,0.0862669497728348,0.875459611415863,736.8473
3170,drought_grid46819_microbe440_all.pickle,20,12,18,1,0.0622242614626884,3.16766381729394e-05,3.7161706131883e-05,5.35208869223425e-07,0.0183452647179365,0.0797536820173264,212.68584
3171,drought_grid46819_microbe440_all.pickle,21,12,40,1,0.0919998809695244,9.73832138697617e-05,6.6015767515637e-05,1.52713283796402e-07,0.0690670236945152,0.673961639404297,5410.703
3172,drought_grid46819_microbe440_all.pickle,22,5,2,1,0.0767976492643356,9.0302863100078e-05,8.50945434649475e-05,4.54293569873698e-07,0.0844082534313202,0.853684902191162,25.886034
3173,drought_grid46819_microbe440_all.pickle,23,12,39,1,0.0982396975159645,7.15920614311472e-05,5.15612628078088e-05,3.46797662587051e-07,0.0600503645837307,0.568331062793732,5591.321
3174,drought_grid46819_microbe440_all.pickle,24,11,9,1,0.0530058890581131,8.77032143762335e-05,1.78839927684749e-05,2.0085599317099e-07,0.07121891528368,0.699171125888824,729.65643
3175,drought_grid46819_microbe440_all.pickle,25,12,34,1,0.0753563940525055,6.8685709265992e-05,5.8936308050761e-05,3.87277253821594e-07,0.065376989543438,0.630732715129852,3209.507
3176,drought_grid46819_microbe5151_all.pickle,1,12,12,1,0.0646965205669403,6.42985469312407e-05,6.41684018773958e-05,9.42862527608668e-07,0.0513927936553955,0.452483057975769,965.38007
3177,drought_grid46819_microbe5151_all.pickle,2,12,28,1,0.0508261099457741,5.15266947331838e-05,1.80149927473394e-05,2.02025375983794e-07,0.0190877057611942,0.0848093330860138,144.829
3178,drought_grid46819_microbe5151_all.pickle,3,12,30,1,0.0532858557999134,3.10227333102375e-05,8.36136168800294e-05,1.41073130066616e-07,0.0994995310902596,1,4145.507
3179,drought_grid46819_microbe5151_all.pickle,4,8,9,1,0.0822140574455261,4.83118565171026e-05,1.01514015113935e-05,4.07957429615635e-07,0.0558872930705547,0.503636300563812,70.73295
3180,drought_grid46819_microbe5151_all.pickle,5,9,1,1,0.0672391951084137,8.5860570834484e-05,5.48221069038846e-05,6.67695644551713e-07,0.0809696316719055,0.789105772972107,994.03107
3181,drought_grid46819_microbe5151_all.pickle,6,12,20,1,0.0892026722431183,7.34912391635589e-05,1.63284112204565e-05,9.22887522847304e-07,0.0232107881456614,0.131735354661942,3918.0776
3182,drought_grid46819_microbe5151_all.pickle,7,6,0,1,0.0986204147338867,9.64161663432606e-05,6.86932180542499e-05,6.796768161621e-07,0.057729534804821,0.524603366851807,27.363375
3183,drought_grid46819_microbe5151_all.pickle,8,7,2,1,0.0698351562023163,8.9879053120967e-05,3.6023306165589e-05,4.75824379009282e-07,0.0331196561455727,0.244511097669601,8.383329
3184,drought_grid46819_microbe5151_all.pickle,9,11,3,1,0.0623346567153931,9.558998135617e-05,7.73206556914374e-05,1.04228476516255e-07,0.0460077151656151,0.391193896532059,181.3217
3185,drought_grid46819_microbe5151_all.pickle,10,12,22,1,0.0863469913601875,4.40952353528701e-05,6.30989379715174e-05,6.30282727343001e-07,0.0116360634565353,0,2293.5217
3186,drought_grid46819_microbe5151_all.pickle,11,11,3,1,0.0946127474308014,6.11469295108691e-05,4.76793575217016e-05,8.76255001003301e-07,0.039414182305336,0.316150963306427,1198.1995
3187,drought_grid46819_microbe5151_all.pickle,12,12,23,1,0.0931298807263374,4.17215087509248e-05,5.16823201905936e-05,7.14876648544305e-07,0.0949400216341019,0.94810688495636,11424.296
3188,drought_grid46819_microbe5151_all.pickle,13,12,27,1,0.071661502122879,7.1184680564329e-05,9.2131675046403e-05,5.25124448813585e-07,0.0609118975698948,0.560822784900665,2957.6182
3189,drought_grid46819_microbe5151_all.pickle,14,12,19,1,0.0728706791996956,1.00144497992005e-05,8.71292286319658e-05,8.45955582917668e-07,0.0829699411988258,0.811871886253357,3140.9216
3190,drought_grid46819_microbe5151_all.pickle,15,12,15,1,0.0967566445469856,2.31177946261596e-05,5.72836252104025e-05,9.83675249699445e-07,0.0261876657605171,0.165616065263748,2432.8635
3191,drought_grid46819_microbe5151_all.pickle,16,9,7,1,0.0785504803061485,5.90341769566294e-05,3.45290864061099e-05,2.09070051937488e-07,0.035395622253418,0.270414531230927,1626.6262
3192,drought_grid46819_microbe5151_all.pickle,17,12,20,1,0.0546973757445812,1.55700417963089e-05,7.85485026426613e-05,8.01617488832562e-07,0.0448615737259388,0.378149330615997,203.18697
3193,drought_grid46819_microbe5151_all.pickle,18,12,37,1,0.0909185335040092,8.17397522041574e-05,4.0982042264659e-05,3.85871999242227e-07,0.0912257134914398,0.90583324432373,7503.5957
3194,drought_grid46819_microbe5151_all.pickle,19,5,1,1,0.0856860727071762,3.45117114193272e-05,2.41444122366374e-05,4.5238388679536e-07,0.0857231616973877,0.843207061290741,1.3340678
3195,drought_grid46819_microbe5151_all.pickle,20,10,16,1,0.0589759349822998,2.56207513302797e-05,4.31989938078914e-05,3.03427668768563e-07,0.0713291019201279,0.679384052753448,16.340424
3196,drought_grid46819_microbe5151_all.pickle,21,11,3,1,0.0576303377747536,2.05617088795407e-05,7.32532207621261e-05,7.71854956838069e-07,0.016489440575242,0.0552377142012119,161.15787
3197,drought_grid46819_microbe5151_all.pickle,22,12,15,1,0.0759131908416748,3.53758186975028e-05,9.51935289776884e-05,3.35640294224504e-07,0.0289466809481382,0.19701723754406,829.85846
3198,drought_grid46819_microbe5151_all.pickle,23,12,40,1,0.0600887946784496,5.56010600121226e-05,2.83884673990542e-05,2.67161681222206e-07,0.0670138150453568,0.630270481109619,1354.1742
3199,drought_grid46819_microbe5151_all.pickle,24,12,25,1,0.0807159468531609,7.51266852603294e-05,9.94404181255959e-05,5.69185999665933e-07,0.07783392816782,0.753417372703552,6264.6094
3200,drought_grid46819_microbe5151_all.pickle,25,12,40,1,0.0767489299178123,8.45684990053996e-05,2.52249919867609e-05,5.39770610430423e-07,0.0694463104009628,0.657955467700958,4925.8447
3201,drought_grid46819_microbe5192_all.pickle,1,12,38,1,0.0829873085021973,7.27618389646523e-05,6.46829575998709e-05,6.4518781073275e-07,0.0732553973793983,0.692103445529938,5808.4946
3202,drought_grid46819_microbe5192_all.pickle,2,8,5,1,0.0927016884088516,8.56347469380125e-05,2.27710825129179e-05,4.87796114612138e-07,0.0999212190508842,1,9295.908
3203,drought_grid46819_microbe5192_all.pickle,3,9,9,1,0.0708193928003311,1.60660092660692e-05,6.82618847349659e-05,2.89409825882103e-07,0.085323192179203,0.831444084644318,33.358765
3204,drought_grid46819_microbe5192_all.pickle,4,9,4,1,0.0512125678360462,5.12364968017209e-05,8.38402556837536e-05,1.33411703018282e-07,0.0310290511697531,0.204537585377693,2.7436879
3205,drought_grid46819_microbe5192_all.pickle,5,9,9,1,0.0670281648635864,4.25065118179191e-05,4.10003558499739e-05,7.85590600571595e-07,0.0641932189464569,0.587467133998871,315.8254
3206,drought_grid46819_microbe5192_all.pickle,6,12,37,1,0.0886461809277534,1.90146074601216e-05,7.62451236369088e-05,8.21823164187663e-07,0.0194374471902847,0.0706952959299088,2209.1577
3207,drought_grid46819_microbe5192_all.pickle,7,6,2,1,0.0689038261771202,3.71775822713971e-05,1.36849621412694e-05,1.50626945583099e-07,0.0886779949069023,0.870180308818817,740.8897
3208,drought_grid46819_microbe5192_all.pickle,8,12,20,1,0.0616969242691994,2.86418944597244e-05,3.52489223587327e-05,5.80171331421298e-07,0.0603067018091679,0.542591512203217,443.5065
3209,drought_grid46819_microbe5192_all.pickle,9,11,13,1,0.0917573869228363,6.6216649429407e-05,9.32752009248361e-05,8.85618646861985e-07,0.0565799400210381,0.499560534954071,3188.135
3210,drought_grid46819_microbe5192_all.pickle,10,12,32,1,0.0858689695596695,3.3575724955881e-05,4.50490588264074e-05,7.25578047422459e-07,0.0389389805495739,0.295869439840317,2695.2627
3211,drought_grid46819_microbe5192_all.pickle,11,9,12,1,0.0979556739330292,8.11413192423061e-05,3.3285075915046e-05,7.50455626530311e-07,0.0494063310325146,0.416730552911758,1765.9718
3212,drought_grid46819_microbe5192_all.pickle,12,12,3,1,0.0780038833618164,9.59724566200748e-05,9.66383449849673e-05,2.01829749357785e-07,0.0749659091234207,0.711853861808777,2102.5854
3213,drought_grid46819_microbe5192_all.pickle,13,10,5,1,0.0759941190481186,6.85887353029102e-05,5.50342556380201e-05,2.56215230365342e-07,0.0516704618930817,0.442873299121857,433.82687
3214,drought_grid46819_microbe5192_all.pickle,14,12,34,1,0.0761732012033463,5.9900321502937e-05,1.99806545424508e-05,5.50750598904415e-07,0.0350375175476074,0.250821262598038,1881.2117
3215,drought_grid46819_microbe5192_all.pickle,15,11,12,1,0.057429239153862,6.34623866062611e-05,6.0982503782725e-05,9.03158422715933e-07,0.0259312558919191,0.145675957202911,163.05284
3216,drought_grid46819_microbe5192_all.pickle,16,12,12,1,0.0586780197918415,8.37094485177658e-05,2.5034149075509e-05,9.77560262072075e-07,0.0630837976932526,0.574657201766968,837.0525
3217,drought_grid46819_microbe5192_all.pickle,17,12,33,1,0.0559617094695568,2.41381621890469e-05,8.73518438311294e-05,2.24734506559798e-07,0.0447017103433609,0.362408727407455,256.29968
3218,drought_grid46819_microbe5192_all.pickle,18,12,20,1,0.0954419299960136,5.49481155758258e-05,9.01472085388377e-05,6.34396087662026e-07,0.0160444565117359,0.031518179923296,3778.4746
3219,drought_grid46819_microbe5192_all.pickle,19,12,18,1,0.052964560687542,9.90042317425832e-05,7.39351016818546e-05,3.28305077346158e-07,0.0798858627676964,0.76866203546524,1172.9551
3220,drought_grid46819_microbe5192_all.pickle,20,12,35,1,0.099009282886982,3.994902363047e-05,2.94727506116033e-05,4.39600597701428e-07,0.0707255229353905,0.662892282009125,6717.7197
3221,drought_grid46819_microbe5192_all.pickle,21,12,34,1,0.0630150958895683,9.20484380912967e-05,1.02465764939552e-05,6.89175351453741e-07,0.0912012681365013,0.899315237998962,5165.5195
3222,drought_grid46819_microbe5192_all.pickle,22,11,14,1,0.0860798060894012,1.30257385535515e-05,5.75388039578684e-05,3.81343227218167e-07,0.0133147789165378,0,500.41858
3223,drought_grid46819_microbe5192_all.pickle,23,12,26,1,0.0739076659083366,7.77620807639323e-05,4.76488130516373e-05,9.61336013460823e-07,0.0212355498224497,0.0914570614695549,2145.3967
3224,drought_grid46819_microbe5192_all.pickle,24,7,3,1,0.0819146409630775,2.55526210821699e-05,8.11687568784691e-05,5.07666982230148e-07,0.0941293612122536,0.933124423027039,10507.627
3225,drought_grid46819_microbe5192_all.pickle,25,12,0,1,0.0646302178502083,4.88841906189919e-05,5.03238770761527e-05,3.95807148834137e-07,0.035342313349247,0.254340589046478,220.69728
3226,drought_grid46819_microbe3365_all.pickle,1,12,1,1,0.0820197388529778,6.46955377305858e-05,7.92565479059704e-05,4.35288399103229e-07,0.0515596717596054,0.463734954595566,1096.8474
3227,drought_grid46819_microbe3365_all.pickle,2,12,17,1,0.0929640159010887,1.58429920702474e-05,1.48015033119009e-05,4.61216785652141e-07,0.0859853103756905,0.850415825843811,9565.346
3228,drought_grid46819_microbe3365_all.pickle,3,12,8,1,0.0527615062892437,9.20314705581404e-05,4.89351150463335e-05,6.85212569351279e-07,0.0287898574024439,0.207976385951042,167.83249
3229,drought_grid46819_microbe3365_all.pickle,4,12,32,1,0.0574701391160488,6.87311621732078e-05,5.25602590641938e-05,2.98679680099667e-07,0.0155912162736058,0.0597246177494526,329.6593
3230,drought_grid46819_microbe3365_all.pickle,5,11,1,1,0.076615035533905,8.31552533782087e-05,1.13686919576139e-05,2.09623365776679e-07,0.0665538683533669,0.632155060768127,1663.361
3231,drought_grid46819_microbe3365_all.pickle,6,12,27,1,0.0754370540380478,1.94894964806736e-05,3.9121867303038e-05,9.30835255985585e-07,0.0436470061540604,0.374857127666473,737.7121
3232,drought_grid46819_microbe3365_all.pickle,7,9,8,1,0.0786826983094215,6.18866615695879e-05,3.41815357387532e-05,7.64839342082269e-07,0.0769428014755249,0.748847186565399,2775.2966
3233,drought_grid46819_microbe3365_all.pickle,8,12,3,1,0.0941001623868942,5.19668938068207e-05,8.29143391456455e-05,1.86107996569262e-07,0.0466477312147617,0.408562332391739,1937.685
3234,drought_grid46819_microbe3365_all.pickle,9,8,8,1,0.0878171473741531,4.31286098319106e-05,7.05704514984973e-05,6.755183221685e-07,0.0400453396141529,0.334401935338974,0.7369324
3235,drought_grid46819_microbe3365_all.pickle,10,12,40,1,0.0883043110370636,9.7425960120745e-05,5.91538155276794e-05,9.71610575106752e-07,0.0251282993704081,0.166848495602608,3991.5544
3236,drought_grid46819_microbe3365_all.pickle,11,12,18,1,0.0801553875207901,8.08145778137259e-05,4.38610150013119e-05,6.26691871730145e-07,0.0833829864859581,0.82118558883667,6114.434
3237,drought_grid46819_microbe3365_all.pickle,12,12,14,1,0.0629546344280243,7.64580545364879e-05,9.39479505177587e-05,3.41316422236559e-07,0.0550743751227856,0.503213346004486,928.18604
3238,drought_grid46819_microbe3365_all.pickle,13,11,15,1,0.0692376121878624,2.56569310295163e-05,8.9822817244567e-05,5.23402547969454e-07,0.0366274155676365,0.296010613441467,204.51338
3239,drought_grid46819_microbe3365_all.pickle,14,12,39,1,0.064384751021862,1.06051293187193e-05,3.53705800080206e-05,4.12012099104686e-07,0.0993025749921799,1,6987.1763
3240,drought_grid46819_microbe3365_all.pickle,15,8,2,1,0.0730089023709297,5.74285113543738e-05,2.65219496213831e-05,9.04047794847429e-07,0.0941362753510475,0.94197028875351,119.235016
3241,drought_grid46819_microbe3365_all.pickle,16,11,15,1,0.0602695569396019,3.77740398107562e-05,3.11814401356969e-05,7.96966901361884e-07,0.010274020023644,0,71.269264
3242,drought_grid46819_microbe3365_all.pickle,17,10,14,1,0.0580405220389366,3.92643778468482e-05,5.51540324522648e-05,5.73049078411714e-07,0.0710845589637756,0.683045387268066,299.26575
3243,drought_grid46819_microbe3365_all.pickle,18,9,7,1,0.0995394662022591,7.28168379282579e-05,1.74014257936506e-05,2.56662445963229e-07,0.0319720320403576,0.243719711899757,297.3965
3244,drought_grid46819_microbe3365_all.pickle,19,12,15,1,0.0556912980973721,5.41126319149043e-05,7.46893638279289e-05,1.04373256704093e-07,0.0221263542771339,0.133129581809044,185.89975
3245,drought_grid46819_microbe3365_all.pickle,20,12,33,1,0.0700869411230087,8.76668927958235e-05,7.64451178838499e-05,5.58867156996712e-07,0.090976670384407,0.906480491161346,5928.5464
3246,drought_grid46819_microbe3365_all.pickle,21,12,13,1,0.0511407926678658,9.36983196879737e-05,8.76557678566314e-05,7.36344873075723e-07,0.0615884438157082,0.576381683349609,627.83905
3247,drought_grid46819_microbe3365_all.pickle,22,12,16,1,0.0842213481664658,3.47518653143197e-05,6.45977343083359e-05,8.61364412685361e-07,0.0727446004748344,0.701691508293152,4547.23
3248,drought_grid46819_microbe3365_all.pickle,23,12,37,1,0.0662806555628777,4.75374217785429e-05,2.31345748034073e-05,3.66243881444461e-07,0.0578931048512459,0.534874320030212,1409.055
3249,drought_grid46819_microbe3365_all.pickle,24,12,13,1,0.0977480337023735,2.19556404772447e-05,9.70679175225087e-05,8.41354676595074e-07,0.0785644948482513,0.767062604427338,7925.4775
3250,drought_grid46819_microbe3365_all.pickle,25,5,1,1,0.0902160853147507,2.80523436231306e-05,6.24331369181164e-05,1.50508554952467e-07,0.0194005984812975,0.102512940764427,3.335623
3251,drought_grid46819_microbe4325_all.pickle,1,12,1,1,0.0960444286465645,2.77786148217274e-05,9.7506504971534e-05,1.37031804570142e-07,0.0860192030668259,0.876792430877686,10327.641
3252,drought_grid46819_microbe4325_all.pickle,2,12,32,1,0.0922441184520721,6.91325694788247e-05,9.22875624382868e-05,7.68223799241241e-07,0.0965252071619034,1,8746.702
3253,drought_grid46819_microbe4325_all.pickle,3,9,8,1,0.0858074724674225,1.36962689794018e-05,6.13230731687509e-05,4.43030160113267e-07,0.0837188139557838,0.849815011024475,66.96229
3254,drought_grid46819_microbe4325_all.pickle,4,12,22,1,0.0872475206851959,9.70084074651822e-05,2.83905519609107e-05,1.09467123365903e-07,0.0910197645425797,0.935435771942139,7538.228
3255,drought_grid46819_microbe4325_all.pickle,5,12,16,1,0.0699801295995712,1.73934913618723e-05,2.28564349527005e-05,1.73580986029265e-07,0.0161441154778004,0.0573431439697742,256.3987
3256,drought_grid46819_microbe4325_all.pickle,6,12,17,1,0.0526397749781609,6.38151468592696e-05,5.71495475014672e-05,3.92551640970851e-07,0.0743498504161835,0.739941895008087,463.4234
3257,drought_grid46819_microbe4325_all.pickle,7,12,7,1,0.0983302071690559,4.63374126411509e-05,1.87579225894297e-05,7.03619491559948e-07,0.0639136731624603,0.617553234100342,5259.8774
3258,drought_grid46819_microbe4325_all.pickle,8,10,13,1,0.0508963875472546,8.75535843078978e-05,6.86631465214305e-05,8.61546368469135e-07,0.0274846088141203,0.190337032079697,19.730076
3259,drought_grid46819_microbe4325_all.pickle,9,9,7,1,0.0723111927509308,1.21869052236434e-05,4.02018267777748e-05,2.29942486384971e-07,0.0424353703856468,0.365669786930084,10.058248
3260,drought_grid46819_microbe4325_all.pickle,10,12,23,1,0.0649077594280243,2.24446048378013e-05,9.60925244726241e-05,6.41362817077606e-07,0.0396753922104836,0.333302557468414,476.55908
3261,drought_grid46819_microbe4325_all.pickle,11,12,30,1,0.0606630183756351,7.37081354600377e-05,6.59982688375749e-05,5.52003655229782e-07,0.0333477444946766,0.259096056222916,484.9507
3262,drought_grid46819_microbe4325_all.pickle,12,12,40,1,0.0768945291638374,5.84558838454541e-05,2.707215026021e-05,4.92417484565522e-07,0.0208410266786814,0.112425446510315,1007.19904
3263,drought_grid46819_microbe4325_all.pickle,13,12,31,1,0.0572527721524239,5.19770983373746e-05,4.85961900267284e-05,7.37850143650576e-07,0.0711486488580704,0.702400326728821,800.9503
3264,drought_grid46819_microbe4325_all.pickle,14,12,21,1,0.0541190057992935,8.2717917393893e-05,8.59790234244429e-05,2.65543178556982e-07,0.011254420503974,0,229.50916
3265,drought_grid46819_microbe4325_all.pickle,15,12,22,1,0.0918657779693604,4.38503084296826e-05,4.31906300946139e-05,3.50846221408574e-07,0.0764431953430176,0.764491319656372,6709.219
3266,drought_grid46819_microbe4325_all.pickle,16,11,8,1,0.0897053927183151,6.51473528705537e-05,8.06340904091485e-05,8.12842699815519e-07,0.0599575042724609,0.571157872676849,1729.074
3267,drought_grid46819_microbe4325_all.pickle,17,11,11,1,0.0831091850996017,5.59616782993544e-05,7.41949770599604e-05,6.18201454472e-07,0.0784412920475006,0.787923693656921,2729.407
3268,drought_grid46819_microbe4325_all.pickle,18,12,31,1,0.0584327094256878,7.60901384637691e-05,1.615694782231e-05,9.55044129113958e-07,0.0307180024683475,0.228256165981293,259.50916
3269,drought_grid46819_microbe4325_all.pickle,19,12,36,1,0.0953462347388268,9.20616002986208e-05,5.04018353240099e-05,8.3532370354078e-07,0.0955781042575836,0.98889297246933,7291.0566
3270,drought_grid46819_microbe4325_all.pickle,20,11,14,1,0.0783149003982544,7.94241204857826e-05,3.59978002961725e-05,9.84962184702454e-07,0.0555475242435932,0.519440591335297,3217.982
3271,drought_grid46819_microbe4325_all.pickle,21,10,8,1,0.0706528797745705,2.97972892440157e-05,1.20926051749848e-05,9.08250626707741e-07,0.0462352260947227,0.410231977701187,493.06845
3272,drought_grid46819_microbe4325_all.pickle,22,11,11,1,0.0628923624753952,3.68256332876626e-05,8.50131109473296e-05,5.24066592788586e-07,0.0378780663013458,0.312224715948105,291.85947
3273,drought_grid46819_microbe4325_all.pickle,23,12,22,1,0.0756723508238792,3.96872710552998e-05,7.80101254349574e-05,2.82701421383535e-07,0.0202613193541765,0.10562702268362,758.8961
3274,drought_grid46819_microbe4325_all.pickle,24,11,8,1,0.0803926736116409,3.45099142577965e-05,5.4280084441416e-05,3.75073511804658e-07,0.0507486313581467,0.463162243366241,1500.4724
3275,drought_grid46819_microbe4325_all.pickle,25,10,4,1,0.0664688944816589,9.29587258724496e-05,3.37772398779634e-05,6.0247759847698e-07,0.0662554055452347,0.6450155377388,298.9968
3276,grass_grid46819_microbe22765_all.pickle,1,10,8,1,0.0683184638619423,7.82360439188778e-05,4.99899251735769e-05,6.38447261280817e-07,0.0891981422901154,0.881274819374084,1057.9879
3277,grass_grid46819_microbe22765_all.pickle,2,12,33,1,0.0752160102128983,1.06147263068124e-05,2.92321965389419e-05,3.57365706804558e-07,0.0838548839092255,0.819371461868286,6908.496
3278,grass_grid46819_microbe22765_all.pickle,3,12,27,1,0.0811747014522552,5.00640999234747e-05,4.44715951744001e-05,4.68553253085702e-07,0.0164249502122402,0.0381743609905243,5633.5293
3279,grass_grid46819_microbe22765_all.pickle,4,12,23,1,0.0619650147855282,7.36851943656802e-05,1.95246848306851e-05,1.88399724265764e-07,0.0499106347560883,0.426116645336151,2471.431
3280,grass_grid46819_microbe22765_all.pickle,5,10,4,1,0.0831304118037224,2.63124675257131e-05,5.8345733123133e-05,8.94902484560589e-07,0.091957151889801,0.913238823413849,101.0541
3281,grass_grid46819_microbe22765_all.pickle,6,12,19,1,0.064033716917038,6.68795109959319e-05,9.80043041636236e-05,6.6190665393151e-07,0.0692861005663872,0.650587558746338,4298.3535
3282,grass_grid46819_microbe22765_all.pickle,7,12,11,1,0.0908069759607315,8.47697301651351e-05,4.68307298433501e-05,2.62189757904707e-07,0.0994460433721542,1,11765.219
3283,grass_grid46819_microbe22765_all.pickle,8,8,8,1,0.096459187567234,4.02641344408039e-05,8.42295048641972e-05,7.9196934166248e-07,0.0596932023763657,0.539450764656067,20.087955
3284,grass_grid46819_microbe22765_all.pickle,9,12,39,1,0.0890209823846817,4.92115868837573e-05,6.92180037731305e-05,9.35738682983356e-07,0.0473008193075657,0.395881086587906,6457.924
3285,grass_grid46819_microbe22765_all.pickle,10,12,39,1,0.0528018213808537,3.48524808941875e-05,8.76943595358171e-05,1.06491228279992e-07,0.0436922945082188,0.354075193405151,438.29956
3286,grass_grid46819_microbe22765_all.pickle,11,10,6,1,0.0930915102362633,6.28840280114673e-05,7.8907236456871e-05,7.68447478094458e-07,0.0759220793843269,0.727467477321625,9117.6
3287,grass_grid46819_microbe22765_all.pickle,12,12,1,1,0.09847042709589,9.12439281819388e-05,5.48493917449377e-05,6.82441338994977e-07,0.0387552976608276,0.296878516674042,4136.426
3288,grass_grid46819_microbe22765_all.pickle,13,10,4,1,0.0556471273303032,1.79202415893087e-05,7.48635357012972e-05,4.36105949574994e-07,0.0785735249519348,0.758185267448425,768.4887
3289,grass_grid46819_microbe22765_all.pickle,14,12,21,1,0.0766195207834244,9.50527901295573e-05,1.39428602778935e-05,8.75317653026286e-07,0.0336653180420399,0.237909480929375,3487.9556
3290,grass_grid46819_microbe22765_all.pickle,15,12,6,1,0.0622528605163097,9.8329626780469e-05,4.04980455641635e-05,2.40489526959209e-07,0.0300656482577324,0.196206167340279,667.0713
3291,grass_grid46819_microbe22765_all.pickle,16,10,13,1,0.0955170318484306,7.09579544491135e-05,7.2395552706439e-05,4.132598689921e-07,0.0176333207637072,0.0521737150847912,3582.8838
3292,grass_grid46819_microbe22765_all.pickle,17,12,4,1,0.0854481160640717,2.18698896787828e-05,1.25161650430528e-05,1.60566301588005e-07,0.06417416036129,0.591364085674286,3627.33
3293,grass_grid46819_microbe22765_all.pickle,18,12,35,1,0.0719569995999336,3.734344500117e-05,9.03579129953869e-05,5.90359945817909e-07,0.0637113824486732,0.58600264787674,4571.6196
3294,grass_grid46819_microbe22765_all.pickle,19,10,11,1,0.0596923939883709,8.70447256602347e-05,3.68880646419711e-05,9.92135596789012e-07,0.0714510679244995,0.675669372081757,74.62783
3295,grass_grid46819_microbe22765_all.pickle,20,12,33,1,0.0877678170800209,5.36826410098001e-05,2.58617856161436e-05,5.22830248428363e-07,0.0240440480411053,0.126444026827812,5883.692
3296,grass_grid46819_microbe22765_all.pickle,21,8,6,1,0.0724501237273216,7.91230122558773e-05,2.23726310650818e-05,3.09399496245533e-07,0.0278458669781685,0.170489296317101,9.096549
3297,grass_grid46819_microbe22765_all.pickle,22,12,32,1,0.0677776411175728,5.90662129980046e-05,9.35328644118272e-05,5.39654706699366e-07,0.0928397327661514,0.923463821411133,5744.089
3298,grass_grid46819_microbe22765_all.pickle,23,12,13,1,0.0797487273812294,4.44431643700227e-05,3.23405220115092e-05,3.24566656217939e-07,0.0131298862397671,0,1735.8373
3299,grass_grid46819_microbe22765_all.pickle,24,12,21,1,0.051798015832901,2.80749954981729e-05,6.17431433056481e-05,8.3640748016478e-07,0.0416660904884338,0.33060097694397,362.96786
3300,grass_grid46819_microbe22765_all.pickle,25,12,24,1,0.0565300546586514,1.71253923326731e-05,6.7590743128676e-05,7.18374508323905e-07,0.0541420057415962,0.475138396024704,702.31976
3301,grass_grid46819_microbe26152_all.pickle,1,12,22,1,0.0822020918130875,3.61576858267654e-05,8.01906498963945e-05,3.96351708786824e-07,0.0848195850849152,0.83109450340271,8801.428
3302,grass_grid46819_microbe26152_all.pickle,2,12,22,1,0.0520757921040058,5.99082559347153e-05,5.4688429372618e-05,7.24464882750908e-07,0.0194309819489717,0.0917304456233978,298.4054
3303,grass_grid46819_microbe26152_all.pickle,3,12,32,1,0.0989776775240898,7.37916416255757e-05,8.65622350829653e-05,4.94131199957337e-07,0.0539757236838341,0.482335805892944,7093.1196
3304,grass_grid46819_microbe26152_all.pickle,4,12,38,1,0.0692007690668106,5.28660966665484e-05,7.70645929151215e-05,6.06987782703072e-07,0.0413930080831051,0.340060144662857,2664.415
3305,grass_grid46819_microbe26152_all.pickle,5,12,33,1,0.0940287634730339,2.38138945860555e-05,8.20477507659234e-05,7.69552059409762e-07,0.0329158529639244,0.244206994771957,5828.0786
3306,grass_grid46819_microbe26152_all.pickle,6,12,14,1,0.0787225365638733,8.37590123410337e-05,3.33469179167878e-05,9.92978016256529e-07,0.0710527822375298,0.675430059432983,4190.153
3307,grass_grid46819_microbe26152_all.pickle,7,12,38,1,0.0562567003071308,9.89433901850134e-05,6.50729489279911e-05,9.50068113070301e-07,0.0798404291272163,0.774793922901154,1023.5679
3308,grass_grid46819_microbe26152_all.pickle,8,12,30,1,0.062772661447525,6.12003423157148e-05,2.89918170892633e-05,5.36490574631898e-07,0.0113184340298176,0,983.18286
3309,grass_grid46819_microbe26152_all.pickle,9,12,39,1,0.0545858964323997,2.88774117507273e-05,3.77547403331846e-05,2.52356443297685e-07,0.0456650443375111,0.388365030288696,639.54785
3310,grass_grid46819_microbe26152_all.pickle,10,12,15,1,0.0978470891714096,3.28332462231629e-05,5.16442123625893e-05,8.45535907956219e-07,0.0586432181298733,0.535112202167511,7186.747
3311,grass_grid46819_microbe26152_all.pickle,11,12,17,1,0.0809435173869133,1.29234676933265e-05,7.23158082109876e-05,2.2696463020111e-07,0.0470996350049973,0.404586285352707,3577.8613
3312,grass_grid46819_microbe26152_all.pickle,12,12,34,1,0.073974683880806,8.9605207904242e-05,4.43720819021109e-05,1.61481125360297e-07,0.0216797329485416,0.117157593369484,3655.6384
3313,grass_grid46819_microbe26152_all.pickle,13,11,12,1,0.0679359808564186,4.46572012151591e-05,1.10155951915658e-05,5.74367902572703e-07,0.0614574886858463,0.566933810710907,1152.0781
3314,grass_grid46819_microbe26152_all.pickle,14,12,17,1,0.0590082667768002,1.41737655212637e-05,8.95441116881557e-05,7.94110007973359e-07,0.0724614188075066,0.691357791423798,1072.4651
3315,grass_grid46819_microbe26152_all.pickle,15,12,19,1,0.0840181931853294,6.7522247263696e-05,6.18099875282496e-05,1.95477440456671e-07,0.0290834009647369,0.20087257027626,3784.1733
3316,grass_grid46819_microbe26152_all.pickle,16,12,33,1,0.051978025585413,7.5577110692393e-05,1.48952667586855e-05,4.56525214076464e-07,0.075677290558815,0.727720439434052,918.96765
3317,grass_grid46819_microbe26152_all.pickle,17,12,33,1,0.0881072357296944,9.4579670985695e-05,9.58986129262485e-05,1.05585073129078e-07,0.0370403043925762,0.290843099355698,5348.8975
3318,grass_grid46819_microbe26152_all.pickle,18,10,1,1,0.0762268081307411,2.66353217739379e-05,5.95051060372498e-05,8.8263749375983e-07,0.050841823220253,0.446900069713593,322.42136
3319,grass_grid46819_microbe26152_all.pickle,19,9,1,1,0.0874816849827766,5.37121522938833e-05,3.90546811104286e-05,3.86279651820587e-07,0.0268432181328535,0.175542309880257,184.06862
3320,grass_grid46819_microbe26152_all.pickle,20,12,39,1,0.0937017276883125,4.06596445827745e-05,9.98510877252556e-05,3.30934284420437e-07,0.0914065539836884,0.905574858188629,9510.059
3321,grass_grid46819_microbe26152_all.pickle,21,12,20,1,0.0654544308781624,8.64442699821666e-05,6.97585273883305e-05,6.58681813092699e-07,0.0997574180364609,1,5265.537
3322,grass_grid46819_microbe26152_all.pickle,22,12,32,1,0.0911547392606735,8.07791875558905e-05,2.74033482128289e-05,5.22558366355952e-07,0.0954620391130447,0.951431155204773,8435.803
3323,grass_grid46819_microbe26152_all.pickle,23,8,1,1,0.071197971701622,4.76338173029944e-05,1.83531137736281e-05,2.90087484700052e-07,0.0675983354449272,0.636369824409485,2388.086
3324,grass_grid46819_microbe26152_all.pickle,24,12,17,1,0.0753083974123001,1.82908352144295e-05,4.78409529023338e-05,8.97065660865337e-07,0.0871946737170219,0.857950091362,7222.2583
3325,grass_grid46819_microbe26152_all.pickle,25,12,18,1,0.0614642091095448,7.05555139575154e-05,2.33821647270815e-05,7.11058248725749e-07,0.0169314909726381,0.0634681284427643,600.5939
3326,moist_grid46819_microbe12089_all.pickle,1,11,0,1,0.0919872522354126,7.47971425880678e-05,4.85693635710049e-05,1.31501096234388e-07,0.060086265206337,0.564012706279755,8767.031
3327,moist_grid46819_microbe12089_all.pickle,2,11,2,1,0.0709974393248558,7.10985477780923e-05,7.58677269914187e-05,4.83620794966555e-07,0.0272275358438492,0.177430674433708,981.1465
3328,moist_grid46819_microbe12089_all.pickle,3,11,14,1,0.0792597606778145,9.16816861717962e-05,9.25193089642562e-05,6.87812530486553e-07,0.0502790361642838,0.448630928993225,7560.199
3329,moist_grid46819_microbe12089_all.pickle,4,12,25,1,0.0777609422802925,2.34715207625413e-05,5.35459621460177e-05,5.87397551043978e-07,0.0403156615793705,0.331412106752396,6222.2173
3330,moist_grid46819_microbe12089_all.pickle,5,12,37,1,0.0860354974865913,8.13190563349053e-05,8.74932666192763e-05,2.74525319809982e-07,0.0800282955169678,0.798630118370056,7468.243
3331,moist_grid46819_microbe12089_all.pickle,6,9,7,1,0.0580538734793663,1.2287353456486e-05,5.70028860238381e-05,6.17854368556436e-07,0.073312483727932,0.719618797302246,5.1425767
3332,moist_grid46819_microbe12089_all.pickle,7,12,33,1,0.0559332445263863,3.12780684907921e-05,3.6193996493239e-05,7.30396436665615e-07,0.0285930559039116,0.193495988845825,1358.0898
3333,moist_grid46819_microbe12089_all.pickle,8,12,35,1,0.0829770639538765,3.96811810787767e-05,6.24880776740611e-05,8.03747354893858e-07,0.0457391031086445,0.395218759775162,7717.6567
3334,moist_grid46819_microbe12089_all.pickle,9,5,0,1,0.0967395231127739,1.62046799232485e-05,7.272393850144e-05,9.95118057289801e-07,0.0217926483601332,0.113489381968975,5016.088
3335,moist_grid46819_microbe12089_all.pickle,10,7,3,1,0.095450259745121,8.426026761299e-05,9.77299350779504e-05,8.6532190834987e-07,0.0344823524355888,0.262783408164978,23.616625
3336,moist_grid46819_microbe12089_all.pickle,11,12,26,1,0.0516716241836548,8.83393877302296e-05,6.75373667036183e-05,1.55897936338079e-07,0.0824491158127785,0.827111005783081,1468.3469
3337,moist_grid46819_microbe12089_all.pickle,12,12,24,1,0.0894673466682434,2.47638654400362e-05,3.93215632357169e-05,1.99562549596521e-07,0.0938135385513306,0.960813105106354,9908.661
3338,moist_grid46819_microbe12089_all.pickle,13,12,34,1,0.0650193020701408,4.91505925310776e-05,3.00030114885885e-05,3.02602813917474e-07,0.0903614386916161,0.92019921541214,5633.3413
3339,moist_grid46819_microbe12089_all.pickle,14,9,5,1,0.073139563202858,5.59065920242574e-05,2.7286685508443e-05,9.06995694549551e-07,0.0121462689712644,0,233.08525
3340,moist_grid46819_microbe12089_all.pickle,15,7,2,1,0.0630857422947884,7.77541499701329e-05,9.58793389145285e-05,5.22937909863685e-07,0.0971443504095078,1,1331.6896
3341,moist_grid46819_microbe12089_all.pickle,16,12,15,1,0.0999107286334038,9.71968256635591e-05,8.44138412503526e-05,4.52491832447777e-07,0.0701700374484062,0.682648003101349,8556.571
3342,moist_grid46819_microbe12089_all.pickle,17,12,40,1,0.0751968175172806,6.50790243525989e-05,4.99534835398663e-05,8.36573065043922e-07,0.0669418424367905,0.644668400287628,6690.3345
3343,moist_grid46819_microbe12089_all.pickle,18,11,11,1,0.0608236752450466,3.18147358484566e-05,3.1707197194919e-05,9.52427967604308e-07,0.0472475588321686,0.412965685129166,20.54008
3344,moist_grid46819_microbe12089_all.pickle,19,9,5,1,0.0676878392696381,9.44188359426335e-05,1.25131191452965e-05,2.15951928339564e-07,0.0633300468325615,0.602175712585449,657.5481
3345,moist_grid46819_microbe12089_all.pickle,20,12,33,1,0.0800986811518669,3.83805490855593e-05,7.95423839008436e-05,7.48959507745894e-07,0.0759440585970879,0.750579178333282,8378.005
3346,moist_grid46819_microbe12089_all.pickle,21,11,3,1,0.0858873724937439,5.24815113749355e-05,6.9342611823231e-05,5.55537667423778e-07,0.0146315889433026,0.0292397197335958,2555.1243
3347,moist_grid46819_microbe12089_all.pickle,22,8,1,1,0.0680064931511879,6.13986194366589e-05,2.19169360207161e-05,3.78566937797586e-07,0.0878156796097755,0.890248477458954,842.32587
3348,moist_grid46819_microbe12089_all.pickle,23,12,22,1,0.0562924183905125,1.88416088349186e-05,1.67918624356389e-05,6.60809007513308e-07,0.0197786521166563,0.0897947698831558,742.66235
3349,moist_grid46819_microbe12089_all.pickle,24,12,29,1,0.0531760640442371,5.87363574595656e-05,4.38341994595248e-05,4.01555439566437e-07,0.0363556630909443,0.284822851419449,1321.6761
3350,moist_grid46819_microbe12089_all.pickle,25,11,6,1,0.0923134386539459,4.26262449764181e-05,1.9759552742471e-05,3.21156932159283e-07,0.0535684376955032,0.4873306453228,5865.024
3351,grass_grid46819_microbe5732_all.pickle,1,11,19,1,0.0509847924113274,9.35853749979287e-05,2.91034448309802e-05,5.52728238290001e-07,0.0568325407803059,0.51893550157547,506.1857
3352,grass_grid46819_microbe5732_all.pickle,2,12,35,1,0.0745119974017143,5.37390587851405e-05,6.11292489338666e-05,6.8415715759329e-07,0.055390153080225,0.501775026321411,4030.5613
3353,grass_grid46819_microbe5732_all.pickle,3,12,29,1,0.0585222728550434,7.08373263478279e-05,7.99125191406347e-05,2.84945144812809e-07,0.0901161804795265,0.914920747280121,1838.9973
3354,grass_grid46819_microbe5732_all.pickle,4,12,13,1,0.0632070600986481,8.40431530377828e-05,4.86680000904016e-05,5.00263752201136e-07,0.0609310492873192,0.567696690559387,2562.331
3355,grass_grid46819_microbe5732_all.pickle,5,12,31,1,0.0612396150827408,4.16045913880225e-05,7.58780806791037e-05,3.92839723417637e-07,0.0367262326180935,0.279724895954132,966.08954
3356,grass_grid46819_microbe5732_all.pickle,6,12,39,1,0.0707666575908661,3.01567906717537e-05,1.41238633659668e-05,1.4022887739884e-07,0.0244865734130144,0.134106084704399,2458.5967
3357,grass_grid46819_microbe5732_all.pickle,7,11,15,1,0.0539362505078316,2.70773944066605e-05,6.77680727676488e-05,9.61196860771452e-07,0.09726732224226,1,2268.8633
3358,grass_grid46819_microbe5732_all.pickle,8,12,23,1,0.0953037515282631,3.46057458955329e-05,3.17564445140306e-05,1.23450291766858e-07,0.0512045994400978,0.451978296041489,6314.532
3359,grass_grid46819_microbe5732_all.pickle,9,7,5,1,0.0974322706460953,7.95464657130651e-05,9.21966493478976e-05,4.32333678190844e-07,0.0956269130110741,0.980483591556549,7235.7163
3360,grass_grid46819_microbe5732_all.pickle,10,12,38,1,0.0653480142354965,3.80726087314542e-05,5.55280093976762e-05,8.42237000142632e-07,0.0319138951599598,0.222471117973328,1687.6321
3361,grass_grid46819_microbe5732_all.pickle,11,8,5,1,0.0661008879542351,2.31256999541074e-05,8.69394352775998e-05,6.06255639468145e-07,0.0238050110638142,0.125997334718704,6.722194
3362,grass_grid46819_microbe5732_all.pickle,12,12,39,1,0.0995275899767876,9.20914608286694e-05,9.75967195699923e-05,8.9555061322244e-07,0.0132145900279284,0,5953.848
3363,grass_grid46819_microbe5732_all.pickle,13,12,30,1,0.0888983607292175,7.79855472501367e-05,1.1628523679974e-05,2.50780573196607e-07,0.0739741399884224,0.722874164581299,6983.097
3364,grass_grid46819_microbe5732_all.pickle,14,12,17,1,0.0864560678601265,6.05992609052919e-05,9.6235926321242e-05,4.76694054896143e-07,0.0665436536073685,0.634471535682678,7050.7505
3365,grass_grid46819_microbe5732_all.pickle,15,12,27,1,0.0738402754068375,1.14526683319127e-05,7.31903855921701e-05,6.57691145988792e-07,0.0795611888170242,0.789344966411591,5418.9375
3366,grass_grid46819_microbe5732_all.pickle,16,10,7,1,0.0836689695715904,5.14420680701733e-05,5.16944091941696e-05,3.72289122196889e-07,0.0188153851777315,0.0666342973709106,1854.8776
3367,grass_grid46819_microbe5732_all.pickle,17,12,13,1,0.0812304764986038,7.42035990697332e-05,2.1689711502404e-05,5.73550664739741e-07,0.0470929406583309,0.403060644865036,5359.9707
3368,grass_grid46819_microbe5732_all.pickle,18,8,2,1,0.0916742831468582,1.99196401808877e-05,5.92484284425154e-05,7.9929384355637e-07,0.0861712172627449,0.867986381053925,108.163315
3369,grass_grid46819_microbe5732_all.pickle,19,12,37,1,0.0778251364827156,4.2491050407989e-05,6.68386273900978e-05,7.19159061191021e-07,0.0154025489464402,0.0260307881981134,2843.838
3370,grass_grid46819_microbe5732_all.pickle,20,12,34,1,0.0683856457471848,8.74442703207023e-05,1.78961126948707e-05,7.80036259584449e-07,0.0844724997878075,0.847776234149933,5056.7856
3371,grass_grid46819_microbe5732_all.pickle,21,12,24,1,0.0555634908378124,4.73545696877409e-05,8.40623397380114e-05,8.6352258676925e-07,0.0314556583762169,0.217019334435463,793.6221
3372,grass_grid46819_microbe5732_all.pickle,22,12,27,1,0.0932521373033524,9.84265279839747e-05,4.07898187404498e-05,9.90428816294298e-07,0.0440806299448013,0.367222309112549,6129.2026
3373,grass_grid46819_microbe5732_all.pickle,23,12,34,1,0.0853872075676918,5.96345962549094e-05,4.55936242360622e-05,2.3629456791241e-07,0.0693566054105759,0.667938053607941,6591.461
3374,grass_grid46819_microbe5732_all.pickle,24,12,26,1,0.0796207413077354,1.65960227604955e-05,3.65939631592482e-05,3.43087521059715e-07,0.039081048220396,0.307740837335587,3238.9648
3375,grass_grid46819_microbe5732_all.pickle,25,12,29,1,0.0568863973021507,6.53254319331609e-05,2.76934770226944e-05,2.07441559041399e-07,0.0781583338975906,0.77265477180481,1885.0537
3376,grass_grid46819_microbe8104_all.pickle,1,12,19,1,0.0774661004543304,5.84200279263314e-05,4.96309039590415e-05,7.35360970338661e-07,0.0466445051133633,0.410177528858185,4180.1265
3377,grass_grid46819_microbe8104_all.pickle,2,12,16,1,0.0902333781123161,6.61302547086962e-05,3.05242137983441e-05,6.75804130878532e-07,0.0789450630545616,0.773533761501312,8748.846
3378,grass_grid46819_microbe8104_all.pickle,3,9,0,1,0.0830274373292923,3.92525471397676e-05,4.01129109377507e-05,8.82539666235971e-07,0.0168558619916439,0.0750783234834671,1597.9918
3379,grass_grid46819_microbe8104_all.pickle,4,12,35,1,0.0976377502083778,6.09989183431026e-05,3.44678483088501e-05,8.0898405485641e-07,0.0305569339543581,0.229204773902893,7088.0244
3380,grass_grid46819_microbe8104_all.pickle,5,11,14,1,0.0617924705147743,8.23003356344998e-05,2.2983373128227e-05,8.52906737236481e-07,0.0234159547835588,0.148874297738075,313.5282
3381,grass_grid46819_microbe8104_all.pickle,6,12,24,1,0.0573954731225967,3.54088806489017e-05,2.77909803116927e-05,7.68745223922451e-07,0.0675778016448021,0.645660936832428,1498.096
3382,grass_grid46819_microbe8104_all.pickle,7,9,4,1,0.0681008100509644,2.340373066545e-05,9.90669577731751e-05,9.24125515666674e-07,0.0360699892044067,0.291222393512726,259.6882
3383,grass_grid46819_microbe8104_all.pickle,8,12,25,1,0.0532882362604141,4.49532235506922e-05,5.3224172006594e-05,1.60121146564052e-07,0.0929683968424797,0.931285440921783,1845.9542
3384,grass_grid46819_microbe8104_all.pickle,9,12,31,1,0.0630761086940765,7.9003228165675e-05,1.29688223751145e-05,2.87840890678126e-07,0.0621707923710346,0.58483624458313,5481.648
3385,grass_grid46819_microbe8104_all.pickle,10,12,27,1,0.0511140674352646,2.99142211588332e-05,9.02189203770831e-05,5.62966647521534e-07,0.0726106539368629,0.702276647090912,995.1963
3386,grass_grid46819_microbe8104_all.pickle,11,9,0,1,0.0648048371076584,9.55690775299445e-05,9.32551047299057e-05,4.15644677786986e-07,0.0526599027216434,0.477846086025238,604.81226
3387,grass_grid46819_microbe8104_all.pickle,12,12,34,1,0.0670011937618256,8.92920870683156e-05,6.92370304022916e-05,6.80656967233517e-07,0.0255242139101028,0.172590583562851,2456.0295
3388,grass_grid46819_microbe8104_all.pickle,13,11,15,1,0.0955214649438858,4.75931083201431e-05,7.65325094107538e-05,1.22359793408577e-07,0.0191761292517185,0.101179532706738,3383.927
3389,grass_grid46819_microbe8104_all.pickle,14,10,8,1,0.0804512202739716,5.40131768502761e-05,4.44888355559669e-05,1.7744658009633e-07,0.0915528908371925,0.915362119674683,15.982073
3390,grass_grid46819_microbe8104_all.pickle,15,12,16,1,0.0852135792374611,9.97961251414381e-05,7.42432821425609e-05,5.17029036473104e-07,0.0568451508879662,0.524926900863647,7322.996
3391,grass_grid46819_microbe8104_all.pickle,16,12,31,1,0.0935498401522636,8.63316163304262e-05,6.55753028695472e-05,3.85584030482278e-07,0.0563941523432732,0.519853532314301,7636.0137
3392,grass_grid46819_microbe8104_all.pickle,17,12,22,1,0.0549153238534927,5.24848510394804e-05,4.7205470764311e-05,2.68690456550758e-07,0.0844604969024658,0.835578143596649,2017.509
3393,grass_grid46819_microbe8104_all.pickle,18,10,13,1,0.0589311197400093,3.26508306898177e-05,6.05980021646246e-05,6.2807129097564e-07,0.0403349660336971,0.339200109243393,1001.2838
3394,grass_grid46819_microbe8104_all.pickle,19,4,1,1,0.07473473995924,7.22428085282445e-05,3.52994029526599e-05,9.97651000034239e-07,0.0775479823350906,0.757817685604095,2.1546595
3395,grass_grid46819_microbe8104_all.pickle,20,12,16,1,0.088478147983551,1.15305701910984e-05,1.59924384206533e-05,4.89120225211082e-07,0.0440986901521683,0.381539076566696,5222.9805
3396,grass_grid46819_microbe8104_all.pickle,21,10,1,1,0.0784946903586388,7.66660159570165e-05,8.14554805401713e-05,3.29092983974988e-07,0.0868612751364708,0.862585067749023,1554.6292
3397,grass_grid46819_microbe8104_all.pickle,22,12,28,1,0.0706915184855461,2.68749754468445e-05,1.99380065168953e-05,4.47066156539222e-07,0.0990767776966095,1,10578.333
3398,grass_grid46819_microbe8104_all.pickle,23,12,23,1,0.0989875569939613,1.93725081771845e-05,8.83981410879642e-05,5.93555000705237e-07,0.0689980387687683,0.661637485027313,8305.623
3399,grass_grid46819_microbe8104_all.pickle,24,12,22,1,0.0860688239336014,1.5760475434945e-05,8.24299786472693e-05,2.09072695156465e-07,0.0338675417006016,0.266446560621262,4862.032
3400,grass_grid46819_microbe8104_all.pickle,25,12,30,1,0.0730288773775101,6.83880425640382e-05,5.84558765694965e-05,9.42245321766677e-07,0.0101817743852735,0,3443.581
3401,grass_grid46819_microbe440_all.pickle,1,12,40,1,0.08039191365242,1.30684884425136e-05,6.06290486757644e-05,6.73960983021971e-07,0.0115374680608511,0,3261.4849
3402,grass_grid46819_microbe440_all.pickle,2,9,3,1,0.0689179450273514,5.50770018890034e-05,2.6470797820366e-05,5.13526174472645e-07,0.0240380186587572,0.146444573998451,734.8857
3403,grass_grid46819_microbe440_all.pickle,3,10,16,1,0.0932964235544205,9.63420025072992e-05,7.77703608036973e-05,4.78689685223799e-07,0.0441793762147427,0.382401615381241,4527.0806
3404,grass_grid46819_microbe440_all.pickle,4,10,12,1,0.0855767950415611,4.95448330184445e-05,7.08005536580458e-05,7.53597817038099e-07,0.095558188855648,0.984306931495667,147.34224
3405,grass_grid46819_microbe440_all.pickle,5,12,19,1,0.0829839184880257,3.81231875508092e-05,4.52563508588355e-05,9.22287313187553e-07,0.0968977510929108,1,9736.845
3406,grass_grid46819_microbe440_all.pickle,6,12,28,1,0.0867139399051666,4.06330764235463e-05,1.51404519783682e-05,6.31777822945878e-07,0.0369524322450161,0.297737598419189,5121.309
3407,grass_grid46819_microbe440_all.pickle,7,12,30,1,0.07210723310709,8.20729837869294e-05,2.90013631456532e-05,3.03868517903538e-07,0.0512374900281429,0.46508777141571,4826.6606
3408,grass_grid46819_microbe440_all.pickle,8,11,3,1,0.058464277535677,7.7737815445289e-05,1.23680983961094e-05,9.66934976531775e-07,0.0415251031517982,0.351306647062302,665.2722
3409,grass_grid46819_microbe440_all.pickle,9,12,32,1,0.0606368966400623,5.11125545017421e-05,9.58341115619987e-05,8.01028932073677e-07,0.0902886465191841,0.922573983669281,2951.0754
3410,grass_grid46819_microbe440_all.pickle,10,12,21,1,0.0644407644867897,4.51922205684241e-05,8.8382039393764e-05,2.79200691011283e-07,0.0626534521579742,0.598826289176941,1871.7844
3411,grass_grid46819_microbe440_all.pickle,11,9,8,1,0.0798051804304123,2.95605714200065e-05,3.50965710822493e-05,5.72723877212411e-07,0.0463455431163311,0.407778382301331,1120.7094
3412,grass_grid46819_microbe440_all.pickle,12,12,22,1,0.0577920228242874,1.59814626385923e-05,2.39607124967733e-05,9.55837776928092e-07,0.0559770800173283,0.520612299442291,835.6061
3413,grass_grid46819_microbe440_all.pickle,13,11,5,1,0.0712462291121483,6.58422359265387e-05,7.26311773178168e-05,2.37685952697575e-07,0.0254295039921999,0.162745907902718,721.10126
3414,grass_grid46819_microbe440_all.pickle,14,12,35,1,0.0549460276961327,5.70930606045295e-05,7.94637599028647e-05,8.56487304190523e-07,0.0772755593061447,0.770125031471252,1592.9141
3415,grass_grid46819_microbe440_all.pickle,15,12,29,1,0.0889825001358986,8.05071322247386e-05,9.21170867513865e-05,4.21489886548443e-07,0.032597228884697,0.246716156601906,5840.9204
3416,grass_grid46819_microbe440_all.pickle,16,10,3,1,0.0662824288010597,2.77081362582976e-05,5.3318955906434e-05,8.49847481276811e-07,0.0171044617891312,0.0652176141738892,444.50467
3417,grass_grid46819_microbe440_all.pickle,17,11,9,1,0.0970583334565163,2.02738101506839e-05,9.92917994153686e-05,6.84322799315851e-07,0.079617939889431,0.797566115856171,9188.345
3418,grass_grid46819_microbe440_all.pickle,18,12,31,1,0.0956179574131966,6.33643066976219e-05,4.95715576107614e-05,7.26507153103739e-07,0.0295290444046259,0.210772231221199,6678.965
3419,grass_grid46819_microbe440_all.pickle,19,12,9,1,0.0503649190068245,2.18194418266648e-05,4.01912984671071e-05,1.07604108734449e-07,0.0862669497728348,0.875459611415863,1003.8638
3420,grass_grid46819_microbe440_all.pickle,20,12,18,1,0.0622242614626884,3.16766381729394e-05,3.7161706131883e-05,5.35208869223425e-07,0.0183452647179365,0.0797536820173264,818.2043
3421,grass_grid46819_microbe440_all.pickle,21,12,40,1,0.0919998809695244,9.73832138697617e-05,6.6015767515637e-05,1.52713283796402e-07,0.0690670236945152,0.673961639404297,6362.0005
3422,grass_grid46819_microbe440_all.pickle,22,5,2,1,0.0767976492643356,9.0302863100078e-05,8.50945434649475e-05,4.54293569873698e-07,0.0844082534313202,0.853684902191162,17.152756
3423,grass_grid46819_microbe440_all.pickle,23,12,39,1,0.0982396975159645,7.15920614311472e-05,5.15612628078088e-05,3.46797662587051e-07,0.0600503645837307,0.568331062793732,6874.8203
3424,grass_grid46819_microbe440_all.pickle,24,11,9,1,0.0530058890581131,8.77032143762335e-05,1.78839927684749e-05,2.0085599317099e-07,0.07121891528368,0.699171125888824,1236.0383
3425,grass_grid46819_microbe440_all.pickle,25,12,34,1,0.0753563940525055,6.8685709265992e-05,5.8936308050761e-05,3.87277253821594e-07,0.065376989543438,0.630732715129852,5244.9854
3426,grass_grid46819_microbe5151_all.pickle,1,12,12,1,0.0646965205669403,6.42985469312407e-05,6.41684018773958e-05,9.42862527608668e-07,0.0513927936553955,0.452483057975769,2578.5352
3427,grass_grid46819_microbe5151_all.pickle,2,12,28,1,0.0508261099457741,5.15266947331838e-05,1.80149927473394e-05,2.02025375983794e-07,0.0190877057611942,0.0848093330860138,419.41592
3428,grass_grid46819_microbe5151_all.pickle,3,12,30,1,0.0532858557999134,3.10227333102375e-05,8.36136168800294e-05,1.41073130066616e-07,0.0994995310902596,1,3322.6443
3429,grass_grid46819_microbe5151_all.pickle,4,8,9,1,0.0822140574455261,4.83118565171026e-05,1.01514015113935e-05,4.07957429615635e-07,0.0558872930705547,0.503636300563812,182.41985
3430,grass_grid46819_microbe5151_all.pickle,5,9,1,1,0.0672391951084137,8.5860570834484e-05,5.48221069038846e-05,6.67695644551713e-07,0.0809696316719055,0.789105772972107,1496.1309
3431,grass_grid46819_microbe5151_all.pickle,6,12,20,1,0.0892026722431183,7.34912391635589e-05,1.63284112204565e-05,9.22887522847304e-07,0.0232107881456614,0.131735354661942,6242.2046
3432,grass_grid46819_microbe5151_all.pickle,7,6,0,1,0.0986204147338867,9.64161663432606e-05,6.86932180542499e-05,6.796768161621e-07,0.057729534804821,0.524603366851807,57.540356
3433,grass_grid46819_microbe5151_all.pickle,8,7,2,1,0.0698351562023163,8.9879053120967e-05,3.6023306165589e-05,4.75824379009282e-07,0.0331196561455727,0.244511097669601,5.0244875
3434,grass_grid46819_microbe5151_all.pickle,9,11,3,1,0.0623346567153931,9.558998135617e-05,7.73206556914374e-05,1.04228476516255e-07,0.0460077151656151,0.391193896532059,624.69885
3435,grass_grid46819_microbe5151_all.pickle,10,12,22,1,0.0863469913601875,4.40952353528701e-05,6.30989379715174e-05,6.30282727343001e-07,0.0116360634565353,0,4605.5957
3436,grass_grid46819_microbe5151_all.pickle,11,11,3,1,0.0946127474308014,6.11469295108691e-05,4.76793575217016e-05,8.76255001003301e-07,0.039414182305336,0.316150963306427,3724.5925
3437,grass_grid46819_microbe5151_all.pickle,12,12,23,1,0.0931298807263374,4.17215087509248e-05,5.16823201905936e-05,7.14876648544305e-07,0.0949400216341019,0.94810688495636,11210.577
3438,grass_grid46819_microbe5151_all.pickle,13,12,27,1,0.071661502122879,7.1184680564329e-05,9.2131675046403e-05,5.25124448813585e-07,0.0609118975698948,0.560822784900665,5523.676
3439,grass_grid46819_microbe5151_all.pickle,14,12,19,1,0.0728706791996956,1.00144497992005e-05,8.71292286319658e-05,8.45955582917668e-07,0.0829699411988258,0.811871886253357,6578.901
3440,grass_grid46819_microbe5151_all.pickle,15,12,15,1,0.0967566445469856,2.31177946261596e-05,5.72836252104025e-05,9.83675249699445e-07,0.0261876657605171,0.165616065263748,5766.5786
3441,grass_grid46819_microbe5151_all.pickle,16,9,7,1,0.0785504803061485,5.90341769566294e-05,3.45290864061099e-05,2.09070051937488e-07,0.035395622253418,0.270414531230927,4185.1475
3442,grass_grid46819_microbe5151_all.pickle,17,12,20,1,0.0546973757445812,1.55700417963089e-05,7.85485026426613e-05,8.01617488832562e-07,0.0448615737259388,0.378149330615997,561.3335
3443,grass_grid46819_microbe5151_all.pickle,18,12,37,1,0.0909185335040092,8.17397522041574e-05,4.0982042264659e-05,3.85871999242227e-07,0.0912257134914398,0.90583324432373,7781.772
3444,grass_grid46819_microbe5151_all.pickle,19,5,1,1,0.0856860727071762,3.45117114193272e-05,2.41444122366374e-05,4.5238388679536e-07,0.0857231616973877,0.843207061290741,5.9244614
3445,grass_grid46819_microbe5151_all.pickle,20,10,16,1,0.0589759349822998,2.56207513302797e-05,4.31989938078914e-05,3.03427668768563e-07,0.0713291019201279,0.679384052753448,41.157734
3446,grass_grid46819_microbe5151_all.pickle,21,11,3,1,0.0576303377747536,2.05617088795407e-05,7.32532207621261e-05,7.71854956838069e-07,0.016489440575242,0.0552377142012119,544.02216
3447,grass_grid46819_microbe5151_all.pickle,22,12,15,1,0.0759131908416748,3.53758186975028e-05,9.51935289776884e-05,3.35640294224504e-07,0.0289466809481382,0.19701723754406,2572.405
3448,grass_grid46819_microbe5151_all.pickle,23,12,40,1,0.0600887946784496,5.56010600121226e-05,2.83884673990542e-05,2.67161681222206e-07,0.0670138150453568,0.630270481109619,2519.97
3449,grass_grid46819_microbe5151_all.pickle,24,12,25,1,0.0807159468531609,7.51266852603294e-05,9.94404181255959e-05,5.69185999665933e-07,0.07783392816782,0.753417372703552,7787.537
3450,grass_grid46819_microbe5151_all.pickle,25,12,40,1,0.0767489299178123,8.45684990053996e-05,2.52249919867609e-05,5.39770610430423e-07,0.0694463104009628,0.657955467700958,6534.4536
3451,grass_grid46819_microbe5192_all.pickle,1,12,38,1,0.0829873085021973,7.27618389646523e-05,6.46829575998709e-05,6.4518781073275e-07,0.0732553973793983,0.692103445529938,6880.5938
3452,grass_grid46819_microbe5192_all.pickle,2,8,5,1,0.0927016884088516,8.56347469380125e-05,2.27710825129179e-05,4.87796114612138e-07,0.0999212190508842,1,8662.608
3453,grass_grid46819_microbe5192_all.pickle,3,9,9,1,0.0708193928003311,1.60660092660692e-05,6.82618847349659e-05,2.89409825882103e-07,0.085323192179203,0.831444084644318,35.686295
3454,grass_grid46819_microbe5192_all.pickle,4,9,4,1,0.0512125678360462,5.12364968017209e-05,8.38402556837536e-05,1.33411703018282e-07,0.0310290511697531,0.204537585377693,2.3913448
3455,grass_grid46819_microbe5192_all.pickle,5,9,9,1,0.0670281648635864,4.25065118179191e-05,4.10003558499739e-05,7.85590600571595e-07,0.0641932189464569,0.587467133998871,769.5057
3456,grass_grid46819_microbe5192_all.pickle,6,12,37,1,0.0886461809277534,1.90146074601216e-05,7.62451236369088e-05,8.21823164187663e-07,0.0194374471902847,0.0706952959299088,5124.8706
3457,grass_grid46819_microbe5192_all.pickle,7,6,2,1,0.0689038261771202,3.71775822713971e-05,1.36849621412694e-05,1.50626945583099e-07,0.0886779949069023,0.870180308818817,1045.8306
3458,grass_grid46819_microbe5192_all.pickle,8,12,20,1,0.0616969242691994,2.86418944597244e-05,3.52489223587327e-05,5.80171331421298e-07,0.0603067018091679,0.542591512203217,1248.6014
3459,grass_grid46819_microbe5192_all.pickle,9,11,13,1,0.0917573869228363,6.6216649429407e-05,9.32752009248361e-05,8.85618646861985e-07,0.0565799400210381,0.499560534954071,6169.284
3460,grass_grid46819_microbe5192_all.pickle,10,12,32,1,0.0858689695596695,3.3575724955881e-05,4.50490588264074e-05,7.25578047422459e-07,0.0389389805495739,0.295869439840317,5527.7104
3461,grass_grid46819_microbe5192_all.pickle,11,9,12,1,0.0979556739330292,8.11413192423061e-05,3.3285075915046e-05,7.50455626530311e-07,0.0494063310325146,0.416730552911758,3914.9436
3462,grass_grid46819_microbe5192_all.pickle,12,12,3,1,0.0780038833618164,9.59724566200748e-05,9.66383449849673e-05,2.01829749357785e-07,0.0749659091234207,0.711853861808777,4540.694
3463,grass_grid46819_microbe5192_all.pickle,13,10,5,1,0.0759941190481186,6.85887353029102e-05,5.50342556380201e-05,2.56215230365342e-07,0.0516704618930817,0.442873299121857,1254.8881
3464,grass_grid46819_microbe5192_all.pickle,14,12,34,1,0.0761732012033463,5.9900321502937e-05,1.99806545424508e-05,5.50750598904415e-07,0.0350375175476074,0.250821262598038,3905.3555
3465,grass_grid46819_microbe5192_all.pickle,15,11,12,1,0.057429239153862,6.34623866062611e-05,6.0982503782725e-05,9.03158422715933e-07,0.0259312558919191,0.145675957202911,566.6336
3466,grass_grid46819_microbe5192_all.pickle,16,12,12,1,0.0586780197918415,8.37094485177658e-05,2.5034149075509e-05,9.77560262072075e-07,0.0630837976932526,0.574657201766968,1898.8593
3467,grass_grid46819_microbe5192_all.pickle,17,12,33,1,0.0559617094695568,2.41381621890469e-05,8.73518438311294e-05,2.24734506559798e-07,0.0447017103433609,0.362408727407455,720.4286
3468,grass_grid46819_microbe5192_all.pickle,18,12,20,1,0.0954419299960136,5.49481155758258e-05,9.01472085388377e-05,6.34396087662026e-07,0.0160444565117359,0.031518179923296,6136.129
3469,grass_grid46819_microbe5192_all.pickle,19,12,18,1,0.052964560687542,9.90042317425832e-05,7.39351016818546e-05,3.28305077346158e-07,0.0798858627676964,0.76866203546524,1629.4894
3470,grass_grid46819_microbe5192_all.pickle,20,12,35,1,0.099009282886982,3.994902363047e-05,2.94727506116033e-05,4.39600597701428e-07,0.0707255229353905,0.662892282009125,8150.0864
3471,grass_grid46819_microbe5192_all.pickle,21,12,34,1,0.0630150958895683,9.20484380912967e-05,1.02465764939552e-05,6.89175351453741e-07,0.0912012681365013,0.899315237998962,5269.45
3472,grass_grid46819_microbe5192_all.pickle,22,11,14,1,0.0860798060894012,1.30257385535515e-05,5.75388039578684e-05,3.81343227218167e-07,0.0133147789165378,0,2482.3762
3473,grass_grid46819_microbe5192_all.pickle,23,12,26,1,0.0739076659083366,7.77620807639323e-05,4.76488130516373e-05,9.61336013460823e-07,0.0212355498224497,0.0914570614695549,4207.988
3474,grass_grid46819_microbe5192_all.pickle,24,7,3,1,0.0819146409630775,2.55526210821699e-05,8.11687568784691e-05,5.07666982230148e-07,0.0941293612122536,0.933124423027039,8608.858
3475,grass_grid46819_microbe5192_all.pickle,25,12,0,1,0.0646302178502083,4.88841906189919e-05,5.03238770761527e-05,3.95807148834137e-07,0.035342313349247,0.254340589046478,961.9449
3476,grass_grid46819_microbe3365_all.pickle,1,12,1,1,0.0820197388529778,6.46955377305858e-05,7.92565479059704e-05,4.35288399103229e-07,0.0515596717596054,0.463734954595566,4054.4268
3477,grass_grid46819_microbe3365_all.pickle,2,12,17,1,0.0929640159010887,1.58429920702474e-05,1.48015033119009e-05,4.61216785652141e-07,0.0859853103756905,0.850415825843811,9988.336
3478,grass_grid46819_microbe3365_all.pickle,3,12,8,1,0.0527615062892437,9.20314705581404e-05,4.89351150463335e-05,6.85212569351279e-07,0.0287898574024439,0.207976385951042,571.0242
3479,grass_grid46819_microbe3365_all.pickle,4,12,32,1,0.0574701391160488,6.87311621732078e-05,5.25602590641938e-05,2.98679680099667e-07,0.0155912162736058,0.0597246177494526,901.7678
3480,grass_grid46819_microbe3365_all.pickle,5,11,1,1,0.076615035533905,8.31552533782087e-05,1.13686919576139e-05,2.09623365776679e-07,0.0665538683533669,0.632155060768127,3866.2893
3481,grass_grid46819_microbe3365_all.pickle,6,12,27,1,0.0754370540380478,1.94894964806736e-05,3.9121867303038e-05,9.30835255985585e-07,0.0436470061540604,0.374857127666473,2885.2363
3482,grass_grid46819_microbe3365_all.pickle,7,9,8,1,0.0786826983094215,6.18866615695879e-05,3.41815357387532e-05,7.64839342082269e-07,0.0769428014755249,0.748847186565399,5816.5845
3483,grass_grid46819_microbe3365_all.pickle,8,12,3,1,0.0941001623868942,5.19668938068207e-05,8.29143391456455e-05,1.86107996569262e-07,0.0466477312147617,0.408562332391739,5343.5977
3484,grass_grid46819_microbe3365_all.pickle,9,8,8,1,0.0878171473741531,4.31286098319106e-05,7.05704514984973e-05,6.755183221685e-07,0.0400453396141529,0.334401935338974,0.9228015
3485,grass_grid46819_microbe3365_all.pickle,10,12,40,1,0.0883043110370636,9.7425960120745e-05,5.91538155276794e-05,9.71610575106752e-07,0.0251282993704081,0.166848495602608,6155.825
3486,grass_grid46819_microbe3365_all.pickle,11,12,18,1,0.0801553875207901,8.08145778137259e-05,4.38610150013119e-05,6.26691871730145e-07,0.0833829864859581,0.82118558883667,7767.2393
3487,grass_grid46819_microbe3365_all.pickle,12,12,14,1,0.0629546344280243,7.64580545364879e-05,9.39479505177587e-05,3.41316422236559e-07,0.0550743751227856,0.503213346004486,2335.2673
3488,grass_grid46819_microbe3365_all.pickle,13,11,15,1,0.0692376121878624,2.56569310295163e-05,8.9822817244567e-05,5.23402547969454e-07,0.0366274155676365,0.296010613441467,686.66614
3489,grass_grid46819_microbe3365_all.pickle,14,12,39,1,0.064384751021862,1.06051293187193e-05,3.53705800080206e-05,4.12012099104686e-07,0.0993025749921799,1,6162.7046
3490,grass_grid46819_microbe3365_all.pickle,15,8,2,1,0.0730089023709297,5.74285113543738e-05,2.65219496213831e-05,9.04047794847429e-07,0.0941362753510475,0.94197028875351,106.47745
3491,grass_grid46819_microbe3365_all.pickle,16,11,15,1,0.0602695569396019,3.77740398107562e-05,3.11814401356969e-05,7.96966901361884e-07,0.010274020023644,0,216.52776
3492,grass_grid46819_microbe3365_all.pickle,17,10,14,1,0.0580405220389366,3.92643778468482e-05,5.51540324522648e-05,5.73049078411714e-07,0.0710845589637756,0.683045387268066,642.34814
3493,grass_grid46819_microbe3365_all.pickle,18,9,7,1,0.0995394662022591,7.28168379282579e-05,1.74014257936506e-05,2.56662445963229e-07,0.0319720320403576,0.243719711899757,1083.5288
3494,grass_grid46819_microbe3365_all.pickle,19,12,15,1,0.0556912980973721,5.41126319149043e-05,7.46893638279289e-05,1.04373256704093e-07,0.0221263542771339,0.133129581809044,709.52985
3495,grass_grid46819_microbe3365_all.pickle,20,12,33,1,0.0700869411230087,8.76668927958235e-05,7.64451178838499e-05,5.58867156996712e-07,0.090976670384407,0.906480491161346,6818.6006
3496,grass_grid46819_microbe3365_all.pickle,21,12,13,1,0.0511407926678658,9.36983196879737e-05,8.76557678566314e-05,7.36344873075723e-07,0.0615884438157082,0.576381683349609,1757.2992
3497,grass_grid46819_microbe3365_all.pickle,22,12,16,1,0.0842213481664658,3.47518653143197e-05,6.45977343083359e-05,8.61364412685361e-07,0.0727446004748344,0.701691508293152,7562.4043
3498,grass_grid46819_microbe3365_all.pickle,23,12,37,1,0.0662806555628777,4.75374217785429e-05,2.31345748034073e-05,3.66243881444461e-07,0.0578931048512459,0.534874320030212,3193.7568
3499,grass_grid46819_microbe3365_all.pickle,24,12,13,1,0.0977480337023735,2.19556404772447e-05,9.70679175225087e-05,8.41354676595074e-07,0.0785644948482513,0.767062604427338,9109.099
3500,grass_grid46819_microbe3365_all.pickle,25,5,1,1,0.0902160853147507,2.80523436231306e-05,6.24331369181164e-05,1.50508554952467e-07,0.0194005984812975,0.102512940764427,0.9292868
3501,grass_grid46819_microbe4325_all.pickle,1,12,1,1,0.0960444286465645,2.77786148217274e-05,9.7506504971534e-05,1.37031804570142e-07,0.0860192030668259,0.876792430877686,10330.919
3502,grass_grid46819_microbe4325_all.pickle,2,12,32,1,0.0922441184520721,6.91325694788247e-05,9.22875624382868e-05,7.68223799241241e-07,0.0965252071619034,1,8955.71
3503,grass_grid46819_microbe4325_all.pickle,3,9,8,1,0.0858074724674225,1.36962689794018e-05,6.13230731687509e-05,4.43030160113267e-07,0.0837188139557838,0.849815011024475,84.56072
3504,grass_grid46819_microbe4325_all.pickle,4,12,22,1,0.0872475206851959,9.70084074651822e-05,2.83905519609107e-05,1.09467123365903e-07,0.0910197645425797,0.935435771942139,8147.129
3505,grass_grid46819_microbe4325_all.pickle,5,12,16,1,0.0699801295995712,1.73934913618723e-05,2.28564349527005e-05,1.73580986029265e-07,0.0161441154778004,0.0573431439697742,1203.6453
3506,grass_grid46819_microbe4325_all.pickle,6,12,17,1,0.0526397749781609,6.38151468592696e-05,5.71495475014672e-05,3.92551640970851e-07,0.0743498504161835,0.739941895008087,926.01825
3507,grass_grid46819_microbe4325_all.pickle,7,12,7,1,0.0983302071690559,4.63374126411509e-05,1.87579225894297e-05,7.03619491559948e-07,0.0639136731624603,0.617553234100342,7507.9897
3508,grass_grid46819_microbe4325_all.pickle,8,10,13,1,0.0508963875472546,8.75535843078978e-05,6.86631465214305e-05,8.61546368469135e-07,0.0274846088141203,0.190337032079697,86.905075
3509,grass_grid46819_microbe4325_all.pickle,9,9,7,1,0.0723111927509308,1.21869052236434e-05,4.02018267777748e-05,2.29942486384971e-07,0.0424353703856468,0.365669786930084,21.678377
3510,grass_grid46819_microbe4325_all.pickle,10,12,23,1,0.0649077594280243,2.24446048378013e-05,9.60925244726241e-05,6.41362817077606e-07,0.0396753922104836,0.333302557468414,1102.6521
3511,grass_grid46819_microbe4325_all.pickle,11,12,30,1,0.0606630183756351,7.37081354600377e-05,6.59982688375749e-05,5.52003655229782e-07,0.0333477444946766,0.259096056222916,1542.1206
3512,grass_grid46819_microbe4325_all.pickle,12,12,40,1,0.0768945291638374,5.84558838454541e-05,2.707215026021e-05,4.92417484565522e-07,0.0208410266786814,0.112425446510315,2775.7378
3513,grass_grid46819_microbe4325_all.pickle,13,12,31,1,0.0572527721524239,5.19770983373746e-05,4.85961900267284e-05,7.37850143650576e-07,0.0711486488580704,0.702400326728821,1449.6088
3514,grass_grid46819_microbe4325_all.pickle,14,12,21,1,0.0541190057992935,8.2717917393893e-05,8.59790234244429e-05,2.65543178556982e-07,0.011254420503974,0,796.00867
3515,grass_grid46819_microbe4325_all.pickle,15,12,22,1,0.0918657779693604,4.38503084296826e-05,4.31906300946139e-05,3.50846221408574e-07,0.0764431953430176,0.764491319656372,8496.826
3516,grass_grid46819_microbe4325_all.pickle,16,11,8,1,0.0897053927183151,6.51473528705537e-05,8.06340904091485e-05,8.12842699815519e-07,0.0599575042724609,0.571157872676849,4739.2896
3517,grass_grid46819_microbe4325_all.pickle,17,11,11,1,0.0831091850996017,5.59616782993544e-05,7.41949770599604e-05,6.18201454472e-07,0.0784412920475006,0.787923693656921,4525.9346
3518,grass_grid46819_microbe4325_all.pickle,18,12,31,1,0.0584327094256878,7.60901384637691e-05,1.615694782231e-05,9.55044129113958e-07,0.0307180024683475,0.228256165981293,715.8465
3519,grass_grid46819_microbe4325_all.pickle,19,12,36,1,0.0953462347388268,9.20616002986208e-05,5.04018353240099e-05,8.3532370354078e-07,0.0955781042575836,0.98889297246933,8064.485
3520,grass_grid46819_microbe4325_all.pickle,20,11,14,1,0.0783149003982544,7.94241204857826e-05,3.59978002961725e-05,9.84962184702454e-07,0.0555475242435932,0.519440591335297,5765.4478
3521,grass_grid46819_microbe4325_all.pickle,21,10,8,1,0.0706528797745705,2.97972892440157e-05,1.20926051749848e-05,9.08250626707741e-07,0.0462352260947227,0.410231977701187,1544.3809
3522,grass_grid46819_microbe4325_all.pickle,22,11,11,1,0.0628923624753952,3.68256332876626e-05,8.50131109473296e-05,5.24066592788586e-07,0.0378780663013458,0.312224715948105,1004.7602
3523,grass_grid46819_microbe4325_all.pickle,23,12,22,1,0.0756723508238792,3.96872710552998e-05,7.80101254349574e-05,2.82701421383535e-07,0.0202613193541765,0.10562702268362,2752.798
3524,grass_grid46819_microbe4325_all.pickle,24,11,8,1,0.0803926736116409,3.45099142577965e-05,5.4280084441416e-05,3.75073511804658e-07,0.0507486313581467,0.463162243366241,3504.3171
3525,grass_grid46819_microbe4325_all.pickle,25,10,4,1,0.0664688944816589,9.29587258724496e-05,3.37772398779634e-05,6.0247759847698e-07,0.0662554055452347,0.6450155377388,735.6207
3526,moist_grid46819_microbe22765_all.pickle,1,10,8,1,0.0683184638619423,7.82360439188778e-05,4.99899251735769e-05,6.38447261280817e-07,0.0891981422901154,0.881274819374084,1151.8677
3527,moist_grid46819_microbe22765_all.pickle,2,12,33,1,0.0752160102128983,1.06147263068124e-05,2.92321965389419e-05,3.57365706804558e-07,0.0838548839092255,0.819371461868286,6808.6943
3528,moist_grid46819_microbe22765_all.pickle,3,12,27,1,0.0811747014522552,5.00640999234747e-05,4.44715951744001e-05,4.68553253085702e-07,0.0164249502122402,0.0381743609905243,7576.131
3529,moist_grid46819_microbe22765_all.pickle,4,12,23,1,0.0619650147855282,7.36851943656802e-05,1.95246848306851e-05,1.88399724265764e-07,0.0499106347560883,0.426116645336151,4282.819
3530,moist_grid46819_microbe22765_all.pickle,5,10,4,1,0.0831304118037224,2.63124675257131e-05,5.8345733123133e-05,8.94902484560589e-07,0.091957151889801,0.913238823413849,56.11566
3531,moist_grid46819_microbe22765_all.pickle,6,12,19,1,0.064033716917038,6.68795109959319e-05,9.80043041636236e-05,6.6190665393151e-07,0.0692861005663872,0.650587558746338,5707.016
3532,moist_grid46819_microbe22765_all.pickle,7,12,11,1,0.0908069759607315,8.47697301651351e-05,4.68307298433501e-05,2.62189757904707e-07,0.0994460433721542,1,8953.513
3533,moist_grid46819_microbe22765_all.pickle,8,8,8,1,0.096459187567234,4.02641344408039e-05,8.42295048641972e-05,7.9196934166248e-07,0.0596932023763657,0.539450764656067,36.805973
3534,moist_grid46819_microbe22765_all.pickle,9,12,39,1,0.0890209823846817,4.92115868837573e-05,6.92180037731305e-05,9.35738682983356e-07,0.0473008193075657,0.395881086587906,7427.34
3535,moist_grid46819_microbe22765_all.pickle,10,12,39,1,0.0528018213808537,3.48524808941875e-05,8.76943595358171e-05,1.06491228279992e-07,0.0436922945082188,0.354075193405151,687.5354
3536,moist_grid46819_microbe22765_all.pickle,11,10,6,1,0.0930915102362633,6.28840280114673e-05,7.8907236456871e-05,7.68447478094458e-07,0.0759220793843269,0.727467477321625,9662.14
3537,moist_grid46819_microbe22765_all.pickle,12,12,1,1,0.09847042709589,9.12439281819388e-05,5.48493917449377e-05,6.82441338994977e-07,0.0387552976608276,0.296878516674042,7552.7754
3538,moist_grid46819_microbe22765_all.pickle,13,10,4,1,0.0556471273303032,1.79202415893087e-05,7.48635357012972e-05,4.36105949574994e-07,0.0785735249519348,0.758185267448425,1089.2429
3539,moist_grid46819_microbe22765_all.pickle,14,12,21,1,0.0766195207834244,9.50527901295573e-05,1.39428602778935e-05,8.75317653026286e-07,0.0336653180420399,0.237909480929375,5507.164
3540,moist_grid46819_microbe22765_all.pickle,15,12,6,1,0.0622528605163097,9.8329626780469e-05,4.04980455641635e-05,2.40489526959209e-07,0.0300656482577324,0.196206167340279,1419.6145
3541,moist_grid46819_microbe22765_all.pickle,16,10,13,1,0.0955170318484306,7.09579544491135e-05,7.2395552706439e-05,4.132598689921e-07,0.0176333207637072,0.0521737150847912,5868.8877
3542,moist_grid46819_microbe22765_all.pickle,17,12,4,1,0.0854481160640717,2.18698896787828e-05,1.25161650430528e-05,1.60566301588005e-07,0.06417416036129,0.591364085674286,6280.678
3543,moist_grid46819_microbe22765_all.pickle,18,12,35,1,0.0719569995999336,3.734344500117e-05,9.03579129953869e-05,5.90359945817909e-07,0.0637113824486732,0.58600264787674,5669.3555
3544,moist_grid46819_microbe22765_all.pickle,19,10,11,1,0.0596923939883709,8.70447256602347e-05,3.68880646419711e-05,9.92135596789012e-07,0.0714510679244995,0.675669372081757,53.119907
3545,moist_grid46819_microbe22765_all.pickle,20,12,33,1,0.0877678170800209,5.36826410098001e-05,2.58617856161436e-05,5.22830248428363e-07,0.0240440480411053,0.126444026827812,7134.794
3546,moist_grid46819_microbe22765_all.pickle,21,8,6,1,0.0724501237273216,7.91230122558773e-05,2.23726310650818e-05,3.09399496245533e-07,0.0278458669781685,0.170489296317101,6.262166
3547,moist_grid46819_microbe22765_all.pickle,22,12,32,1,0.0677776411175728,5.90662129980046e-05,9.35328644118272e-05,5.39654706699366e-07,0.0928397327661514,0.923463821411133,4998.507
3548,moist_grid46819_microbe22765_all.pickle,23,12,13,1,0.0797487273812294,4.44431643700227e-05,3.23405220115092e-05,3.24566656217939e-07,0.0131298862397671,0,3474.8918
3549,moist_grid46819_microbe22765_all.pickle,24,12,21,1,0.051798015832901,2.80749954981729e-05,6.17431433056481e-05,8.3640748016478e-07,0.0416660904884338,0.33060097694397,637.1226
3550,moist_grid46819_microbe22765_all.pickle,25,12,24,1,0.0565300546586514,1.71253923326731e-05,6.7590743128676e-05,7.18374508323905e-07,0.0541420057415962,0.475138396024704,1350.2172
3551,moist_grid46819_microbe26152_all.pickle,1,12,22,1,0.0822020918130875,3.61576858267654e-05,8.01906498963945e-05,3.96351708786824e-07,0.0848195850849152,0.83109450340271,8356.654
3552,moist_grid46819_microbe26152_all.pickle,2,12,22,1,0.0520757921040058,5.99082559347153e-05,5.4688429372618e-05,7.24464882750908e-07,0.0194309819489717,0.0917304456233978,572.52625
3553,moist_grid46819_microbe26152_all.pickle,3,12,32,1,0.0989776775240898,7.37916416255757e-05,8.65622350829653e-05,4.94131199957337e-07,0.0539757236838341,0.482335805892944,7220.876
3554,moist_grid46819_microbe26152_all.pickle,4,12,38,1,0.0692007690668106,5.28660966665484e-05,7.70645929151215e-05,6.06987782703072e-07,0.0413930080831051,0.340060144662857,4069.9941
3555,moist_grid46819_microbe26152_all.pickle,5,12,33,1,0.0940287634730339,2.38138945860555e-05,8.20477507659234e-05,7.69552059409762e-07,0.0329158529639244,0.244206994771957,7548.7397
3556,moist_grid46819_microbe26152_all.pickle,6,12,14,1,0.0787225365638733,8.37590123410337e-05,3.33469179167878e-05,9.92978016256529e-07,0.0710527822375298,0.675430059432983,4675.453
3557,moist_grid46819_microbe26152_all.pickle,7,12,38,1,0.0562567003071308,9.89433901850134e-05,6.50729489279911e-05,9.50068113070301e-07,0.0798404291272163,0.774793922901154,949.6575
3558,moist_grid46819_microbe26152_all.pickle,8,12,30,1,0.062772661447525,6.12003423157148e-05,2.89918170892633e-05,5.36490574631898e-07,0.0113184340298176,0,1968.4064
3559,moist_grid46819_microbe26152_all.pickle,9,12,39,1,0.0545858964323997,2.88774117507273e-05,3.77547403331846e-05,2.52356443297685e-07,0.0456650443375111,0.388365030288696,879.2517
3560,moist_grid46819_microbe26152_all.pickle,10,12,15,1,0.0978470891714096,3.28332462231629e-05,5.16442123625893e-05,8.45535907956219e-07,0.0586432181298733,0.535112202167511,8253.244
3561,moist_grid46819_microbe26152_all.pickle,11,12,17,1,0.0809435173869133,1.29234676933265e-05,7.23158082109876e-05,2.2696463020111e-07,0.0470996350049973,0.404586285352707,5314.5547
3562,moist_grid46819_microbe26152_all.pickle,12,12,34,1,0.073974683880806,8.9605207904242e-05,4.43720819021109e-05,1.61481125360297e-07,0.0216797329485416,0.117157593369484,4199.967
3563,moist_grid46819_microbe26152_all.pickle,13,11,12,1,0.0679359808564186,4.46572012151591e-05,1.10155951915658e-05,5.74367902572703e-07,0.0614574886858463,0.566933810710907,1800.3202
3564,moist_grid46819_microbe26152_all.pickle,14,12,17,1,0.0590082667768002,1.41737655212637e-05,8.95441116881557e-05,7.94110007973359e-07,0.0724614188075066,0.691357791423798,1578.1309
3565,moist_grid46819_microbe26152_all.pickle,15,12,19,1,0.0840181931853294,6.7522247263696e-05,6.18099875282496e-05,1.95477440456671e-07,0.0290834009647369,0.20087257027626,5374.5996
3566,moist_grid46819_microbe26152_all.pickle,16,12,33,1,0.051978025585413,7.5577110692393e-05,1.48952667586855e-05,4.56525214076464e-07,0.075677290558815,0.727720439434052,950.1903
3567,moist_grid46819_microbe26152_all.pickle,17,12,33,1,0.0881072357296944,9.4579670985695e-05,9.58986129262485e-05,1.05585073129078e-07,0.0370403043925762,0.290843099355698,5990.16
3568,moist_grid46819_microbe26152_all.pickle,18,10,1,1,0.0762268081307411,2.66353217739379e-05,5.95051060372498e-05,8.8263749375983e-07,0.050841823220253,0.446900069713593,650.64233
3569,moist_grid46819_microbe26152_all.pickle,19,9,1,1,0.0874816849827766,5.37121522938833e-05,3.90546811104286e-05,3.86279651820587e-07,0.0268432181328535,0.175542309880257,321.34775
3570,moist_grid46819_microbe26152_all.pickle,20,12,39,1,0.0937017276883125,4.06596445827745e-05,9.98510877252556e-05,3.30934284420437e-07,0.0914065539836884,0.905574858188629,8473.964
3571,moist_grid46819_microbe26152_all.pickle,21,12,20,1,0.0654544308781624,8.64442699821666e-05,6.97585273883305e-05,6.58681813092699e-07,0.0997574180364609,1,3216.5781
3572,moist_grid46819_microbe26152_all.pickle,22,12,32,1,0.0911547392606735,8.07791875558905e-05,2.74033482128289e-05,5.22558366355952e-07,0.0954620391130447,0.951431155204773,7303.716
3573,moist_grid46819_microbe26152_all.pickle,23,8,1,1,0.071197971701622,4.76338173029944e-05,1.83531137736281e-05,2.90087484700052e-07,0.0675983354449272,0.636369824409485,3470.0442
3574,moist_grid46819_microbe26152_all.pickle,24,12,17,1,0.0753083974123001,1.82908352144295e-05,4.78409529023338e-05,8.97065660865337e-07,0.0871946737170219,0.857950091362,7049.6514
3575,moist_grid46819_microbe26152_all.pickle,25,12,18,1,0.0614642091095448,7.05555139575154e-05,2.33821647270815e-05,7.11058248725749e-07,0.0169314909726381,0.0634681284427643,1054.7585
3576,moist_grid46819_microbe5732_all.pickle,1,11,19,1,0.0509847924113274,9.35853749979287e-05,2.91034448309802e-05,5.52728238290001e-07,0.0568325407803059,0.51893550157547,643.4903
3577,moist_grid46819_microbe5732_all.pickle,2,12,35,1,0.0745119974017143,5.37390587851405e-05,6.11292489338666e-05,6.8415715759329e-07,0.055390153080225,0.501775026321411,4480.042
3578,moist_grid46819_microbe5732_all.pickle,3,12,29,1,0.0585222728550434,7.08373263478279e-05,7.99125191406347e-05,2.84945144812809e-07,0.0901161804795265,0.914920747280121,1142.8164
3579,moist_grid46819_microbe5732_all.pickle,4,12,13,1,0.0632070600986481,8.40431530377828e-05,4.86680000904016e-05,5.00263752201136e-07,0.0609310492873192,0.567696690559387,3725.3506
3580,moist_grid46819_microbe5732_all.pickle,5,12,31,1,0.0612396150827408,4.16045913880225e-05,7.58780806791037e-05,3.92839723417637e-07,0.0367262326180935,0.279724895954132,1480.1132
3581,moist_grid46819_microbe5732_all.pickle,6,12,39,1,0.0707666575908661,3.01567906717537e-05,1.41238633659668e-05,1.4022887739884e-07,0.0244865734130144,0.134106084704399,4099.2607
3582,moist_grid46819_microbe5732_all.pickle,7,11,15,1,0.0539362505078316,2.70773944066605e-05,6.77680727676488e-05,9.61196860771452e-07,0.09726732224226,1,1684.1918
3583,moist_grid46819_microbe5732_all.pickle,8,12,23,1,0.0953037515282631,3.46057458955329e-05,3.17564445140306e-05,1.23450291766858e-07,0.0512045994400978,0.451978296041489,7358.376
3584,moist_grid46819_microbe5732_all.pickle,9,7,5,1,0.0974322706460953,7.95464657130651e-05,9.21966493478976e-05,4.32333678190844e-07,0.0956269130110741,0.980483591556549,5428.56
3585,moist_grid46819_microbe5732_all.pickle,10,12,38,1,0.0653480142354965,3.80726087314542e-05,5.55280093976762e-05,8.42237000142632e-07,0.0319138951599598,0.222471117973328,2773.3352
3586,moist_grid46819_microbe5732_all.pickle,11,8,5,1,0.0661008879542351,2.31256999541074e-05,8.69394352775998e-05,6.06255639468145e-07,0.0238050110638142,0.125997334718704,3.8035092
3587,moist_grid46819_microbe5732_all.pickle,12,12,39,1,0.0995275899767876,9.20914608286694e-05,9.75967195699923e-05,8.9555061322244e-07,0.0132145900279284,0,5858.675
3588,moist_grid46819_microbe5732_all.pickle,13,12,30,1,0.0888983607292175,7.79855472501367e-05,1.1628523679974e-05,2.50780573196607e-07,0.0739741399884224,0.722874164581299,6532.823
3589,moist_grid46819_microbe5732_all.pickle,14,12,17,1,0.0864560678601265,6.05992609052919e-05,9.6235926321242e-05,4.76694054896143e-07,0.0665436536073685,0.634471535682678,7377.1553
3590,moist_grid46819_microbe5732_all.pickle,15,12,27,1,0.0738402754068375,1.14526683319127e-05,7.31903855921701e-05,6.57691145988792e-07,0.0795611888170242,0.789344966411591,5612.294
3591,moist_grid46819_microbe5732_all.pickle,16,10,7,1,0.0836689695715904,5.14420680701733e-05,5.16944091941696e-05,3.72289122196889e-07,0.0188153851777315,0.0666342973709106,3551.7222
3592,moist_grid46819_microbe5732_all.pickle,17,12,13,1,0.0812304764986038,7.42035990697332e-05,2.1689711502404e-05,5.73550664739741e-07,0.0470929406583309,0.403060644865036,6608.8965
3593,moist_grid46819_microbe5732_all.pickle,18,8,2,1,0.0916742831468582,1.99196401808877e-05,5.92484284425154e-05,7.9929384355637e-07,0.0861712172627449,0.867986381053925,49.010777
3594,moist_grid46819_microbe5732_all.pickle,19,12,37,1,0.0778251364827156,4.2491050407989e-05,6.68386273900978e-05,7.19159061191021e-07,0.0154025489464402,0.0260307881981134,4552.785
3595,moist_grid46819_microbe5732_all.pickle,20,12,34,1,0.0683856457471848,8.74442703207023e-05,1.78961126948707e-05,7.80036259584449e-07,0.0844724997878075,0.847776234149933,4170.9434
3596,moist_grid46819_microbe5732_all.pickle,21,12,24,1,0.0555634908378124,4.73545696877409e-05,8.40623397380114e-05,8.6352258676925e-07,0.0314556583762169,0.217019334435463,1227.1995
3597,moist_grid46819_microbe5732_all.pickle,22,12,27,1,0.0932521373033524,9.84265279839747e-05,4.07898187404498e-05,9.90428816294298e-07,0.0440806299448013,0.367222309112549,5824.0474
3598,moist_grid46819_microbe5732_all.pickle,23,12,34,1,0.0853872075676918,5.96345962549094e-05,4.55936242360622e-05,2.3629456791241e-07,0.0693566054105759,0.667938053607941,6470.715
3599,moist_grid46819_microbe5732_all.pickle,24,12,26,1,0.0796207413077354,1.65960227604955e-05,3.65939631592482e-05,3.43087521059715e-07,0.039081048220396,0.307740837335587,4867.2817
3600,moist_grid46819_microbe5732_all.pickle,25,12,29,1,0.0568863973021507,6.53254319331609e-05,2.76934770226944e-05,2.07441559041399e-07,0.0781583338975906,0.77265477180481,1898.3447
3601,moist_grid46819_microbe8104_all.pickle,1,12,19,1,0.0774661004543304,5.84200279263314e-05,4.96309039590415e-05,7.35360970338661e-07,0.0466445051133633,0.410177528858185,5541.81
3602,moist_grid46819_microbe8104_all.pickle,2,12,16,1,0.0902333781123161,6.61302547086962e-05,3.05242137983441e-05,6.75804130878532e-07,0.0789450630545616,0.773533761501312,8604.017
3603,moist_grid46819_microbe8104_all.pickle,3,9,0,1,0.0830274373292923,3.92525471397676e-05,4.01129109377507e-05,8.82539666235971e-07,0.0168558619916439,0.0750783234834671,3245.3545
3604,moist_grid46819_microbe8104_all.pickle,4,12,35,1,0.0976377502083778,6.09989183431026e-05,3.44678483088501e-05,8.0898405485641e-07,0.0305569339543581,0.229204773902893,7580.022
3605,moist_grid46819_microbe8104_all.pickle,5,11,14,1,0.0617924705147743,8.23003356344998e-05,2.2983373128227e-05,8.52906737236481e-07,0.0234159547835588,0.148874297738075,658.4829
3606,moist_grid46819_microbe8104_all.pickle,6,12,24,1,0.0573954731225967,3.54088806489017e-05,2.77909803116927e-05,7.68745223922451e-07,0.0675778016448021,0.645660936832428,1858.7096
3607,moist_grid46819_microbe8104_all.pickle,7,9,4,1,0.0681008100509644,2.340373066545e-05,9.90669577731751e-05,9.24125515666674e-07,0.0360699892044067,0.291222393512726,460.72244
3608,moist_grid46819_microbe8104_all.pickle,8,12,25,1,0.0532882362604141,4.49532235506922e-05,5.3224172006594e-05,1.60121146564052e-07,0.0929683968424797,0.931285440921783,1804.5452
3609,moist_grid46819_microbe8104_all.pickle,9,12,31,1,0.0630761086940765,7.9003228165675e-05,1.29688223751145e-05,2.87840890678126e-07,0.0621707923710346,0.58483624458313,6070.153
3610,moist_grid46819_microbe8104_all.pickle,10,12,27,1,0.0511140674352646,2.99142211588332e-05,9.02189203770831e-05,5.62966647521534e-07,0.0726106539368629,0.702276647090912,1058.5979
3611,moist_grid46819_microbe8104_all.pickle,11,9,0,1,0.0648048371076584,9.55690775299445e-05,9.32551047299057e-05,4.15644677786986e-07,0.0526599027216434,0.477846086025238,940.557
3612,moist_grid46819_microbe8104_all.pickle,12,12,34,1,0.0670011937618256,8.92920870683156e-05,6.92370304022916e-05,6.80656967233517e-07,0.0255242139101028,0.172590583562851,3426.8154
3613,moist_grid46819_microbe8104_all.pickle,13,11,15,1,0.0955214649438858,4.75931083201431e-05,7.65325094107538e-05,1.22359793408577e-07,0.0191761292517185,0.101179532706738,5598.725
3614,moist_grid46819_microbe8104_all.pickle,14,10,8,1,0.0804512202739716,5.40131768502761e-05,4.44888355559669e-05,1.7744658009633e-07,0.0915528908371925,0.915362119674683,12.269804
3615,moist_grid46819_microbe8104_all.pickle,15,12,16,1,0.0852135792374611,9.97961251414381e-05,7.42432821425609e-05,5.17029036473104e-07,0.0568451508879662,0.524926900863647,7890.2007
3616,moist_grid46819_microbe8104_all.pickle,16,12,31,1,0.0935498401522636,8.63316163304262e-05,6.55753028695472e-05,3.85584030482278e-07,0.0563941523432732,0.519853532314301,7598.573
3617,moist_grid46819_microbe8104_all.pickle,17,12,22,1,0.0549153238534927,5.24848510394804e-05,4.7205470764311e-05,2.68690456550758e-07,0.0844604969024658,0.835578143596649,1993.6747
3618,moist_grid46819_microbe8104_all.pickle,18,10,13,1,0.0589311197400093,3.26508306898177e-05,6.05980021646246e-05,6.2807129097564e-07,0.0403349660336971,0.339200109243393,2170.796
3619,moist_grid46819_microbe8104_all.pickle,19,4,1,1,0.07473473995924,7.22428085282445e-05,3.52994029526599e-05,9.97651000034239e-07,0.0775479823350906,0.757817685604095,0.4235327
3620,moist_grid46819_microbe8104_all.pickle,20,12,16,1,0.088478147983551,1.15305701910984e-05,1.59924384206533e-05,4.89120225211082e-07,0.0440986901521683,0.381539076566696,7770.847
3621,moist_grid46819_microbe8104_all.pickle,21,10,1,1,0.0784946903586388,7.66660159570165e-05,8.14554805401713e-05,3.29092983974988e-07,0.0868612751364708,0.862585067749023,1199.6461
3622,moist_grid46819_microbe8104_all.pickle,22,12,28,1,0.0706915184855461,2.68749754468445e-05,1.99380065168953e-05,4.47066156539222e-07,0.0990767776966095,1,7078.4536
3623,moist_grid46819_microbe8104_all.pickle,23,12,23,1,0.0989875569939613,1.93725081771845e-05,8.83981410879642e-05,5.93555000705237e-07,0.0689980387687683,0.661637485027313,8833.792
3624,moist_grid46819_microbe8104_all.pickle,24,12,22,1,0.0860688239336014,1.5760475434945e-05,8.24299786472693e-05,2.09072695156465e-07,0.0338675417006016,0.266446560621262,6872.1094
3625,moist_grid46819_microbe8104_all.pickle,25,12,30,1,0.0730288773775101,6.83880425640382e-05,5.84558765694965e-05,9.42245321766677e-07,0.0101817743852735,0,4889.0635
3626,moist_grid46819_microbe440_all.pickle,1,12,40,1,0.08039191365242,1.30684884425136e-05,6.06290486757644e-05,6.73960983021971e-07,0.0115374680608511,0,4676.2695
3627,moist_grid46819_microbe440_all.pickle,2,9,3,1,0.0689179450273514,5.50770018890034e-05,2.6470797820366e-05,5.13526174472645e-07,0.0240380186587572,0.146444573998451,1348.5942
3628,moist_grid46819_microbe440_all.pickle,3,10,16,1,0.0932964235544205,9.63420025072992e-05,7.77703608036973e-05,4.78689685223799e-07,0.0441793762147427,0.382401615381241,5364.0444
3629,moist_grid46819_microbe440_all.pickle,4,10,12,1,0.0855767950415611,4.95448330184445e-05,7.08005536580458e-05,7.53597817038099e-07,0.095558188855648,0.984306931495667,90.90187
3630,moist_grid46819_microbe440_all.pickle,5,12,19,1,0.0829839184880257,3.81231875508092e-05,4.52563508588355e-05,9.22287313187553e-07,0.0968977510929108,1,8318.011
3631,moist_grid46819_microbe440_all.pickle,6,12,28,1,0.0867139399051666,4.06330764235463e-05,1.51404519783682e-05,6.31777822945878e-07,0.0369524322450161,0.297737598419189,6685.042
3632,moist_grid46819_microbe440_all.pickle,7,12,30,1,0.07210723310709,8.20729837869294e-05,2.90013631456532e-05,3.03868517903538e-07,0.0512374900281429,0.46508777141571,5116.5625
3633,moist_grid46819_microbe440_all.pickle,8,11,3,1,0.058464277535677,7.7737815445289e-05,1.23680983961094e-05,9.66934976531775e-07,0.0415251031517982,0.351306647062302,1240.845
3634,moist_grid46819_microbe440_all.pickle,9,12,32,1,0.0606368966400623,5.11125545017421e-05,9.58341115619987e-05,8.01028932073677e-07,0.0902886465191841,0.922573983669281,2845.9424
3635,moist_grid46819_microbe440_all.pickle,10,12,21,1,0.0644407644867897,4.51922205684241e-05,8.8382039393764e-05,2.79200691011283e-07,0.0626534521579742,0.598826289176941,2932.4956
3636,moist_grid46819_microbe440_all.pickle,11,9,8,1,0.0798051804304123,2.95605714200065e-05,3.50965710822493e-05,5.72723877212411e-07,0.0463455431163311,0.407778382301331,1760.212
3637,moist_grid46819_microbe440_all.pickle,12,12,22,1,0.0577920228242874,1.59814626385923e-05,2.39607124967733e-05,9.55837776928092e-07,0.0559770800173283,0.520612299442291,1362.968
3638,moist_grid46819_microbe440_all.pickle,13,11,5,1,0.0712462291121483,6.58422359265387e-05,7.26311773178168e-05,2.37685952697575e-07,0.0254295039921999,0.162745907902718,1186.0732
3639,moist_grid46819_microbe440_all.pickle,14,12,35,1,0.0549460276961327,5.70930606045295e-05,7.94637599028647e-05,8.56487304190523e-07,0.0772755593061447,0.770125031471252,1631.9443
3640,moist_grid46819_microbe440_all.pickle,15,12,29,1,0.0889825001358986,8.05071322247386e-05,9.21170867513865e-05,4.21489886548443e-07,0.032597228884697,0.246716156601906,6293.842
3641,moist_grid46819_microbe440_all.pickle,16,10,3,1,0.0662824288010597,2.77081362582976e-05,5.3318955906434e-05,8.49847481276811e-07,0.0171044617891312,0.0652176141738892,741.051
3642,moist_grid46819_microbe440_all.pickle,17,11,9,1,0.0970583334565163,2.02738101506839e-05,9.92917994153686e-05,6.84322799315851e-07,0.079617939889431,0.797566115856171,8935.242
3643,moist_grid46819_microbe440_all.pickle,18,12,31,1,0.0956179574131966,6.33643066976219e-05,4.95715576107614e-05,7.26507153103739e-07,0.0295290444046259,0.210772231221199,7170.1074
3644,moist_grid46819_microbe440_all.pickle,19,12,9,1,0.0503649190068245,2.18194418266648e-05,4.01912984671071e-05,1.07604108734449e-07,0.0862669497728348,0.875459611415863,940.7773
3645,moist_grid46819_microbe440_all.pickle,20,12,18,1,0.0622242614626884,3.16766381729394e-05,3.7161706131883e-05,5.35208869223425e-07,0.0183452647179365,0.0797536820173264,1566.1696
3646,moist_grid46819_microbe440_all.pickle,21,12,40,1,0.0919998809695244,9.73832138697617e-05,6.6015767515637e-05,1.52713283796402e-07,0.0690670236945152,0.673961639404297,5883.7163
3647,moist_grid46819_microbe440_all.pickle,22,5,2,1,0.0767976492643356,9.0302863100078e-05,8.50945434649475e-05,4.54293569873698e-07,0.0844082534313202,0.853684902191162,30.234035
3648,moist_grid46819_microbe440_all.pickle,23,12,39,1,0.0982396975159645,7.15920614311472e-05,5.15612628078088e-05,3.46797662587051e-07,0.0600503645837307,0.568331062793732,6723.891
3649,moist_grid46819_microbe440_all.pickle,24,11,9,1,0.0530058890581131,8.77032143762335e-05,1.78839927684749e-05,2.0085599317099e-07,0.07121891528368,0.699171125888824,1823.7096
3650,moist_grid46819_microbe440_all.pickle,25,12,34,1,0.0753563940525055,6.8685709265992e-05,5.8936308050761e-05,3.87277253821594e-07,0.065376989543438,0.630732715129852,5167.18
3651,moist_grid46819_microbe5151_all.pickle,1,12,12,1,0.0646965205669403,6.42985469312407e-05,6.41684018773958e-05,9.42862527608668e-07,0.0513927936553955,0.452483057975769,4775.884
3652,moist_grid46819_microbe5151_all.pickle,2,12,28,1,0.0508261099457741,5.15266947331838e-05,1.80149927473394e-05,2.02025375983794e-07,0.0190877057611942,0.0848093330860138,693.89014
3653,moist_grid46819_microbe5151_all.pickle,3,12,30,1,0.0532858557999134,3.10227333102375e-05,8.36136168800294e-05,1.41073130066616e-07,0.0994995310902596,1,2154.6265
3654,moist_grid46819_microbe5151_all.pickle,4,8,9,1,0.0822140574455261,4.83118565171026e-05,1.01514015113935e-05,4.07957429615635e-07,0.0558872930705547,0.503636300563812,279.5991
3655,moist_grid46819_microbe5151_all.pickle,5,9,1,1,0.0672391951084137,8.5860570834484e-05,5.48221069038846e-05,6.67695644551713e-07,0.0809696316719055,0.789105772972107,1814.9875
3656,moist_grid46819_microbe5151_all.pickle,6,12,20,1,0.0892026722431183,7.34912391635589e-05,1.63284112204565e-05,9.22887522847304e-07,0.0232107881456614,0.131735354661942,7736.9683
3657,moist_grid46819_microbe5151_all.pickle,7,6,0,1,0.0986204147338867,9.64161663432606e-05,6.86932180542499e-05,6.796768161621e-07,0.057729534804821,0.524603366851807,73.79981
3658,moist_grid46819_microbe5151_all.pickle,8,7,2,1,0.0698351562023163,8.9879053120967e-05,3.6023306165589e-05,4.75824379009282e-07,0.0331196561455727,0.244511097669601,18.126366
3659,moist_grid46819_microbe5151_all.pickle,9,11,3,1,0.0623346567153931,9.558998135617e-05,7.73206556914374e-05,1.04228476516255e-07,0.0460077151656151,0.391193896532059,1379.1326
3660,moist_grid46819_microbe5151_all.pickle,10,12,22,1,0.0863469913601875,4.40952353528701e-05,6.30989379715174e-05,6.30282727343001e-07,0.0116360634565353,0,7058.932
3661,moist_grid46819_microbe5151_all.pickle,11,11,3,1,0.0946127474308014,6.11469295108691e-05,4.76793575217016e-05,8.76255001003301e-07,0.039414182305336,0.316150963306427,5922.0967
3662,moist_grid46819_microbe5151_all.pickle,12,12,23,1,0.0931298807263374,4.17215087509248e-05,5.16823201905936e-05,7.14876648544305e-07,0.0949400216341019,0.94810688495636,9447.312
3663,moist_grid46819_microbe5151_all.pickle,13,12,27,1,0.071661502122879,7.1184680564329e-05,9.2131675046403e-05,5.25124448813585e-07,0.0609118975698948,0.560822784900665,6391.3276
3664,moist_grid46819_microbe5151_all.pickle,14,12,19,1,0.0728706791996956,1.00144497992005e-05,8.71292286319658e-05,8.45955582917668e-07,0.0829699411988258,0.811871886253357,6413.0425
3665,moist_grid46819_microbe5151_all.pickle,15,12,15,1,0.0967566445469856,2.31177946261596e-05,5.72836252104025e-05,9.83675249699445e-07,0.0261876657605171,0.165616065263748,7756.777
3666,moist_grid46819_microbe5151_all.pickle,16,9,7,1,0.0785504803061485,5.90341769566294e-05,3.45290864061099e-05,2.09070051937488e-07,0.035395622253418,0.270414531230927,7214.98
3667,moist_grid46819_microbe5151_all.pickle,17,12,20,1,0.0546973757445812,1.55700417963089e-05,7.85485026426613e-05,8.01617488832562e-07,0.0448615737259388,0.378149330615997,1175.8887
3668,moist_grid46819_microbe5151_all.pickle,18,12,37,1,0.0909185335040092,8.17397522041574e-05,4.0982042264659e-05,3.85871999242227e-07,0.0912257134914398,0.90583324432373,6702.4204
3669,moist_grid46819_microbe5151_all.pickle,19,5,1,1,0.0856860727071762,3.45117114193272e-05,2.41444122366374e-05,4.5238388679536e-07,0.0857231616973877,0.843207061290741,2.8692126
3670,moist_grid46819_microbe5151_all.pickle,20,10,16,1,0.0589759349822998,2.56207513302797e-05,4.31989938078914e-05,3.03427668768563e-07,0.0713291019201279,0.679384052753448,21.003815
3671,moist_grid46819_microbe5151_all.pickle,21,11,3,1,0.0576303377747536,2.05617088795407e-05,7.32532207621261e-05,7.71854956838069e-07,0.016489440575242,0.0552377142012119,1120.3094
3672,moist_grid46819_microbe5151_all.pickle,22,12,15,1,0.0759131908416748,3.53758186975028e-05,9.51935289776884e-05,3.35640294224504e-07,0.0289466809481382,0.19701723754406,5079.9473
3673,moist_grid46819_microbe5151_all.pickle,23,12,40,1,0.0600887946784496,5.56010600121226e-05,2.83884673990542e-05,2.67161681222206e-07,0.0670138150453568,0.630270481109619,3068.913
3674,moist_grid46819_microbe5151_all.pickle,24,12,25,1,0.0807159468531609,7.51266852603294e-05,9.94404181255959e-05,5.69185999665933e-07,0.07783392816782,0.753417372703552,7781.1807
3675,moist_grid46819_microbe5151_all.pickle,25,12,40,1,0.0767489299178123,8.45684990053996e-05,2.52249919867609e-05,5.39770610430423e-07,0.0694463104009628,0.657955467700958,6140.716
3676,moist_grid46819_microbe5192_all.pickle,1,12,38,1,0.0829873085021973,7.27618389646523e-05,6.46829575998709e-05,6.4518781073275e-07,0.0732553973793983,0.692103445529938,6658.838
3677,moist_grid46819_microbe5192_all.pickle,2,8,5,1,0.0927016884088516,8.56347469380125e-05,2.27710825129179e-05,4.87796114612138e-07,0.0999212190508842,1,5643.9663
3678,moist_grid46819_microbe5192_all.pickle,3,9,9,1,0.0708193928003311,1.60660092660692e-05,6.82618847349659e-05,2.89409825882103e-07,0.085323192179203,0.831444084644318,19.635124
3679,moist_grid46819_microbe5192_all.pickle,4,9,4,1,0.0512125678360462,5.12364968017209e-05,8.38402556837536e-05,1.33411703018282e-07,0.0310290511697531,0.204537585377693,5.4065537
3680,moist_grid46819_microbe5192_all.pickle,5,9,9,1,0.0670281648635864,4.25065118179191e-05,4.10003558499739e-05,7.85590600571595e-07,0.0641932189464569,0.587467133998871,892.7011
3681,moist_grid46819_microbe5192_all.pickle,6,12,37,1,0.0886461809277534,1.90146074601216e-05,7.62451236369088e-05,8.21823164187663e-07,0.0194374471902847,0.0706952959299088,6460.7446
3682,moist_grid46819_microbe5192_all.pickle,7,6,2,1,0.0689038261771202,3.71775822713971e-05,1.36849621412694e-05,1.50626945583099e-07,0.0886779949069023,0.870180308818817,903.4743
3683,moist_grid46819_microbe5192_all.pickle,8,12,20,1,0.0616969242691994,2.86418944597244e-05,3.52489223587327e-05,5.80171331421298e-07,0.0603067018091679,0.542591512203217,1793.8129
3684,moist_grid46819_microbe5192_all.pickle,9,11,13,1,0.0917573869228363,6.6216649429407e-05,9.32752009248361e-05,8.85618646861985e-07,0.0565799400210381,0.499560534954071,7451.254
3685,moist_grid46819_microbe5192_all.pickle,10,12,32,1,0.0858689695596695,3.3575724955881e-05,4.50490588264074e-05,7.25578047422459e-07,0.0389389805495739,0.295869439840317,6760.535
3686,moist_grid46819_microbe5192_all.pickle,11,9,12,1,0.0979556739330292,8.11413192423061e-05,3.3285075915046e-05,7.50455626530311e-07,0.0494063310325146,0.416730552911758,5232.8164
3687,moist_grid46819_microbe5192_all.pickle,12,12,3,1,0.0780038833618164,9.59724566200748e-05,9.66383449849673e-05,2.01829749357785e-07,0.0749659091234207,0.711853861808777,5603.2773
3688,moist_grid46819_microbe5192_all.pickle,13,10,5,1,0.0759941190481186,6.85887353029102e-05,5.50342556380201e-05,2.56215230365342e-07,0.0516704618930817,0.442873299121857,2165.7268
3689,moist_grid46819_microbe5192_all.pickle,14,12,34,1,0.0761732012033463,5.9900321502937e-05,1.99806545424508e-05,5.50750598904415e-07,0.0350375175476074,0.250821262598038,4772.155
3690,moist_grid46819_microbe5192_all.pickle,15,11,12,1,0.057429239153862,6.34623866062611e-05,6.0982503782725e-05,9.03158422715933e-07,0.0259312558919191,0.145675957202911,1131.5825
3691,moist_grid46819_microbe5192_all.pickle,16,12,12,1,0.0586780197918415,8.37094485177658e-05,2.5034149075509e-05,9.77560262072075e-07,0.0630837976932526,0.574657201766968,2868.7332
3692,moist_grid46819_microbe5192_all.pickle,17,12,33,1,0.0559617094695568,2.41381621890469e-05,8.73518438311294e-05,2.24734506559798e-07,0.0447017103433609,0.362408727407455,1319.3673
3693,moist_grid46819_microbe5192_all.pickle,18,12,20,1,0.0954419299960136,5.49481155758258e-05,9.01472085388377e-05,6.34396087662026e-07,0.0160444565117359,0.031518179923296,7432.0283
3694,moist_grid46819_microbe5192_all.pickle,19,12,18,1,0.052964560687542,9.90042317425832e-05,7.39351016818546e-05,3.28305077346158e-07,0.0798858627676964,0.76866203546524,2079.2734
3695,moist_grid46819_microbe5192_all.pickle,20,12,35,1,0.099009282886982,3.994902363047e-05,2.94727506116033e-05,4.39600597701428e-07,0.0707255229353905,0.662892282009125,8145.4707
3696,moist_grid46819_microbe5192_all.pickle,21,12,34,1,0.0630150958895683,9.20484380912967e-05,1.02465764939552e-05,6.89175351453741e-07,0.0912012681365013,0.899315237998962,4361.06
3697,moist_grid46819_microbe5192_all.pickle,22,11,14,1,0.0860798060894012,1.30257385535515e-05,5.75388039578684e-05,3.81343227218167e-07,0.0133147789165378,0,4328.4316
3698,moist_grid46819_microbe5192_all.pickle,23,12,26,1,0.0739076659083366,7.77620807639323e-05,4.76488130516373e-05,9.61336013460823e-07,0.0212355498224497,0.0914570614695549,5700.2344
3699,moist_grid46819_microbe5192_all.pickle,24,7,3,1,0.0819146409630775,2.55526210821699e-05,8.11687568784691e-05,5.07666982230148e-07,0.0941293612122536,0.933124423027039,7792.428
3700,moist_grid46819_microbe5192_all.pickle,25,12,0,1,0.0646302178502083,4.88841906189919e-05,5.03238770761527e-05,3.95807148834137e-07,0.035342313349247,0.254340589046478,1675.7329
3701,moist_grid46819_microbe3365_all.pickle,1,12,1,1,0.0820197388529778,6.46955377305858e-05,7.92565479059704e-05,4.35288399103229e-07,0.0515596717596054,0.463734954595566,6602.8184
3702,moist_grid46819_microbe3365_all.pickle,2,12,17,1,0.0929640159010887,1.58429920702474e-05,1.48015033119009e-05,4.61216785652141e-07,0.0859853103756905,0.850415825843811,9473.208
3703,moist_grid46819_microbe3365_all.pickle,3,12,8,1,0.0527615062892437,9.20314705581404e-05,4.89351150463335e-05,6.85212569351279e-07,0.0287898574024439,0.207976385951042,997.05597
3704,moist_grid46819_microbe3365_all.pickle,4,12,32,1,0.0574701391160488,6.87311621732078e-05,5.25602590641938e-05,2.98679680099667e-07,0.0155912162736058,0.0597246177494526,1973.8099
3705,moist_grid46819_microbe3365_all.pickle,5,11,1,1,0.076615035533905,8.31552533782087e-05,1.13686919576139e-05,2.09623365776679e-07,0.0665538683533669,0.632155060768127,5872.8164
3706,moist_grid46819_microbe3365_all.pickle,6,12,27,1,0.0754370540380478,1.94894964806736e-05,3.9121867303038e-05,9.30835255985585e-07,0.0436470061540604,0.374857127666473,5033.735
3707,moist_grid46819_microbe3365_all.pickle,7,9,8,1,0.0786826983094215,6.18866615695879e-05,3.41815357387532e-05,7.64839342082269e-07,0.0769428014755249,0.748847186565399,7131.866
3708,moist_grid46819_microbe3365_all.pickle,8,12,3,1,0.0941001623868942,5.19668938068207e-05,8.29143391456455e-05,1.86107996569262e-07,0.0466477312147617,0.408562332391739,8338.324
3709,moist_grid46819_microbe3365_all.pickle,9,8,8,1,0.0878171473741531,4.31286098319106e-05,7.05704514984973e-05,6.755183221685e-07,0.0400453396141529,0.334401935338974,1.0287772
3710,moist_grid46819_microbe3365_all.pickle,10,12,40,1,0.0883043110370636,9.7425960120745e-05,5.91538155276794e-05,9.71610575106752e-07,0.0251282993704081,0.166848495602608,6874.3276
3711,moist_grid46819_microbe3365_all.pickle,11,12,18,1,0.0801553875207901,8.08145778137259e-05,4.38610150013119e-05,6.26691871730145e-07,0.0833829864859581,0.82118558883667,7917.104
3712,moist_grid46819_microbe3365_all.pickle,12,12,14,1,0.0629546344280243,7.64580545364879e-05,9.39479505177587e-05,3.41316422236559e-07,0.0550743751227856,0.503213346004486,4432.027
3713,moist_grid46819_microbe3365_all.pickle,13,11,15,1,0.0692376121878624,2.56569310295163e-05,8.9822817244567e-05,5.23402547969454e-07,0.0366274155676365,0.296010613441467,1534.9631
3714,moist_grid46819_microbe3365_all.pickle,14,12,39,1,0.064384751021862,1.06051293187193e-05,3.53705800080206e-05,4.12012099104686e-07,0.0993025749921799,1,4625.2197
3715,moist_grid46819_microbe3365_all.pickle,15,8,2,1,0.0730089023709297,5.74285113543738e-05,2.65219496213831e-05,9.04047794847429e-07,0.0941362753510475,0.94197028875351,112.14296
3716,moist_grid46819_microbe3365_all.pickle,16,11,15,1,0.0602695569396019,3.77740398107562e-05,3.11814401356969e-05,7.96966901361884e-07,0.010274020023644,0,307.86533
3717,moist_grid46819_microbe3365_all.pickle,17,10,14,1,0.0580405220389366,3.92643778468482e-05,5.51540324522648e-05,5.73049078411714e-07,0.0710845589637756,0.683045387268066,1039.2592
3718,moist_grid46819_microbe3365_all.pickle,18,9,7,1,0.0995394662022591,7.28168379282579e-05,1.74014257936506e-05,2.56662445963229e-07,0.0319720320403576,0.243719711899757,1740.9843
3719,moist_grid46819_microbe3365_all.pickle,19,12,15,1,0.0556912980973721,5.41126319149043e-05,7.46893638279289e-05,1.04373256704093e-07,0.0221263542771339,0.133129581809044,1500.1305
3720,moist_grid46819_microbe3365_all.pickle,20,12,33,1,0.0700869411230087,8.76668927958235e-05,7.64451178838499e-05,5.58867156996712e-07,0.090976670384407,0.906480491161346,6633.7686
3721,moist_grid46819_microbe3365_all.pickle,21,12,13,1,0.0511407926678658,9.36983196879737e-05,8.76557678566314e-05,7.36344873075723e-07,0.0615884438157082,0.576381683349609,2591.825
3722,moist_grid46819_microbe3365_all.pickle,22,12,16,1,0.0842213481664658,3.47518653143197e-05,6.45977343083359e-05,8.61364412685361e-07,0.0727446004748344,0.701691508293152,8336.423
3723,moist_grid46819_microbe3365_all.pickle,23,12,37,1,0.0662806555628777,4.75374217785429e-05,2.31345748034073e-05,3.66243881444461e-07,0.0578931048512459,0.534874320030212,4763.9995
3724,moist_grid46819_microbe3365_all.pickle,24,12,13,1,0.0977480337023735,2.19556404772447e-05,9.70679175225087e-05,8.41354676595074e-07,0.0785644948482513,0.767062604427338,9574.154
3725,moist_grid46819_microbe3365_all.pickle,25,5,1,1,0.0902160853147507,2.80523436231306e-05,6.24331369181164e-05,1.50508554952467e-07,0.0194005984812975,0.102512940764427,1.3089148
3726,moist_grid46819_microbe4325_all.pickle,1,12,1,1,0.0960444286465645,2.77786148217274e-05,9.7506504971534e-05,1.37031804570142e-07,0.0860192030668259,0.876792430877686,9198.914
3727,moist_grid46819_microbe4325_all.pickle,2,12,32,1,0.0922441184520721,6.91325694788247e-05,9.22875624382868e-05,7.68223799241241e-07,0.0965252071619034,1,7879.6655
3728,moist_grid46819_microbe4325_all.pickle,3,9,8,1,0.0858074724674225,1.36962689794018e-05,6.13230731687509e-05,4.43030160113267e-07,0.0837188139557838,0.849815011024475,63.40642
3729,moist_grid46819_microbe4325_all.pickle,4,12,22,1,0.0872475206851959,9.70084074651822e-05,2.83905519609107e-05,1.09467123365903e-07,0.0910197645425797,0.935435771942139,7177.2944
3730,moist_grid46819_microbe4325_all.pickle,5,12,16,1,0.0699801295995712,1.73934913618723e-05,2.28564349527005e-05,1.73580986029265e-07,0.0161441154778004,0.0573431439697742,2494.564
3731,moist_grid46819_microbe4325_all.pickle,6,12,17,1,0.0526397749781609,6.38151468592696e-05,5.71495475014672e-05,3.92551640970851e-07,0.0743498504161835,0.739941895008087,1080.5371
3732,moist_grid46819_microbe4325_all.pickle,7,12,7,1,0.0983302071690559,4.63374126411509e-05,1.87579225894297e-05,7.03619491559948e-07,0.0639136731624603,0.617553234100342,8387.666
3733,moist_grid46819_microbe4325_all.pickle,8,10,13,1,0.0508963875472546,8.75535843078978e-05,6.86631465214305e-05,8.61546368469135e-07,0.0274846088141203,0.190337032079697,167.10623
3734,moist_grid46819_microbe4325_all.pickle,9,9,7,1,0.0723111927509308,1.21869052236434e-05,4.02018267777748e-05,2.29942486384971e-07,0.0424353703856468,0.365669786930084,25.001404
3735,moist_grid46819_microbe4325_all.pickle,10,12,23,1,0.0649077594280243,2.24446048378013e-05,9.60925244726241e-05,6.41362817077606e-07,0.0396753922104836,0.333302557468414,2402.2068
3736,moist_grid46819_microbe4325_all.pickle,11,12,30,1,0.0606630183756351,7.37081354600377e-05,6.59982688375749e-05,5.52003655229782e-07,0.0333477444946766,0.259096056222916,2289.531
3737,moist_grid46819_microbe4325_all.pickle,12,12,40,1,0.0768945291638374,5.84558838454541e-05,2.707215026021e-05,4.92417484565522e-07,0.0208410266786814,0.112425446510315,4241.6714
3738,moist_grid46819_microbe4325_all.pickle,13,12,31,1,0.0572527721524239,5.19770983373746e-05,4.85961900267284e-05,7.37850143650576e-07,0.0711486488580704,0.702400326728821,2291.5327
3739,moist_grid46819_microbe4325_all.pickle,14,12,21,1,0.0541190057992935,8.2717917393893e-05,8.59790234244429e-05,2.65543178556982e-07,0.011254420503974,0,1294.672
3740,moist_grid46819_microbe4325_all.pickle,15,12,22,1,0.0918657779693604,4.38503084296826e-05,4.31906300946139e-05,3.50846221408574e-07,0.0764431953430176,0.764491319656372,8302.783
3741,moist_grid46819_microbe4325_all.pickle,16,11,8,1,0.0897053927183151,6.51473528705537e-05,8.06340904091485e-05,8.12842699815519e-07,0.0599575042724609,0.571157872676849,5865.265
3742,moist_grid46819_microbe4325_all.pickle,17,11,11,1,0.0831091850996017,5.59616782993544e-05,7.41949770599604e-05,6.18201454472e-07,0.0784412920475006,0.787923693656921,5023.585
3743,moist_grid46819_microbe4325_all.pickle,18,12,31,1,0.0584327094256878,7.60901384637691e-05,1.615694782231e-05,9.55044129113958e-07,0.0307180024683475,0.228256165981293,961.7052
3744,moist_grid46819_microbe4325_all.pickle,19,12,36,1,0.0953462347388268,9.20616002986208e-05,5.04018353240099e-05,8.3532370354078e-07,0.0955781042575836,0.98889297246933,7438.6426
3745,moist_grid46819_microbe4325_all.pickle,20,11,14,1,0.0783149003982544,7.94241204857826e-05,3.59978002961725e-05,9.84962184702454e-07,0.0555475242435932,0.519440591335297,6906.374
3746,moist_grid46819_microbe4325_all.pickle,21,10,8,1,0.0706528797745705,2.97972892440157e-05,1.20926051749848e-05,9.08250626707741e-07,0.0462352260947227,0.410231977701187,2462.3586
3747,moist_grid46819_microbe4325_all.pickle,22,11,11,1,0.0628923624753952,3.68256332876626e-05,8.50131109473296e-05,5.24066592788586e-07,0.0378780663013458,0.312224715948105,1853.6017
3748,moist_grid46819_microbe4325_all.pickle,23,12,22,1,0.0756723508238792,3.96872710552998e-05,7.80101254349574e-05,2.82701421383535e-07,0.0202613193541765,0.10562702268362,5080.1694
3749,moist_grid46819_microbe4325_all.pickle,24,11,8,1,0.0803926736116409,3.45099142577965e-05,5.4280084441416e-05,3.75073511804658e-07,0.0507486313581467,0.463162243366241,5856.0786
3750,moist_grid46819_microbe4325_all.pickle,25,10,4,1,0.0664688944816589,9.29587258724496e-05,3.37772398779634e-05,6.0247759847698e-07,0.0662554055452347,0.6450155377388,1255.9199
